[2025-08-07 02:04:49 +0000] [4225] [INFO] Starting gunicorn 23.0.0
[2025-08-07 02:04:49 +0000] [4225] [ERROR] Connection in use: ('0.0.0.0', 6580)
[2025-08-07 02:04:49 +0000] [4225] [ERROR] connection to ('0.0.0.0', 6580) failed: [Errno 98] Address already in use
[2025-08-07 02:04:50 +0000] [4225] [ERROR] Connection in use: ('0.0.0.0', 6580)
[2025-08-07 02:04:50 +0000] [4225] [ERROR] connection to ('0.0.0.0', 6580) failed: [Errno 98] Address already in use
[2025-08-07 02:04:53 +0000] [4225] [ERROR] Connection in use: ('0.0.0.0', 6580)
[2025-08-07 02:04:53 +0000] [4225] [ERROR] connection to ('0.0.0.0', 6580) failed: [Errno 98] Address already in use
[2025-08-07 02:04:55 +0000] [4225] [ERROR] Connection in use: ('0.0.0.0', 6580)
[2025-08-07 02:04:56 +0000] [4225] [ERROR] connection to ('0.0.0.0', 6580) failed: [Errno 98] Address already in use
[2025-08-07 02:04:58 +0000] [4225] [ERROR] Connection in use: ('0.0.0.0', 6580)
[2025-08-07 02:04:58 +0000] [4225] [ERROR] connection to ('0.0.0.0', 6580) failed: [Errno 98] Address already in use
[2025-08-07 02:04:59 +0000] [4225] [ERROR] Can't connect to ('0.0.0.0', 6580)
[2025-08-07 03:12:20 +0000] [11118] [INFO] Starting gunicorn 23.0.0
[2025-08-07 03:12:20 +0000] [11118] [INFO] Listening at: http://0.0.0.0:6580 (11118)
[2025-08-07 03:12:20 +0000] [11118] [INFO] Using worker: sync
[2025-08-07 03:12:20 +0000] [11118] [INFO] Gunicorn server is ready!
[2025-08-07 03:12:20 +0000] [11118] [INFO] Worker spawned (pid: [booting])
[2025-08-07 03:12:20 +0000] [11133] [INFO] Booting worker with pid: 11133
[2025-08-07 03:12:20 +0000] [11133] [INFO] Worker spawned (pid: 11133)
[2025-08-07 03:12:20 +0000] [11133] [INFO] Worker initialized (pid: 11133)
[2025-08-07 03:12:20 +0000] [11118] [INFO] Worker spawned (pid: [booting])
[2025-08-07 03:12:20 +0000] [11134] [INFO] Booting worker with pid: 11134
[2025-08-07 03:12:20 +0000] [11134] [INFO] Worker spawned (pid: 11134)
[2025-08-07 03:12:20 +0000] [11134] [INFO] Worker initialized (pid: 11134)
[2025-08-07 03:12:20 +0000] [11118] [INFO] Worker spawned (pid: [booting])
[2025-08-07 03:12:20 +0000] [11135] [INFO] Booting worker with pid: 11135
[2025-08-07 03:12:20 +0000] [11135] [INFO] Worker spawned (pid: 11135)
[2025-08-07 03:12:20 +0000] [11135] [INFO] Worker initialized (pid: 11135)
[2025-08-07 03:12:21 +0000] [11118] [INFO] Worker spawned (pid: [booting])
[2025-08-07 03:12:21 +0000] [11136] [INFO] Booting worker with pid: 11136
[2025-08-07 03:12:21 +0000] [11136] [INFO] Worker spawned (pid: 11136)
[2025-08-07 03:12:21 +0000] [11136] [INFO] Worker initialized (pid: 11136)
[2025-08-07 03:12:21 +0000] [11118] [INFO] Worker spawned (pid: [booting])
[2025-08-07 03:12:21 +0000] [11137] [INFO] Booting worker with pid: 11137
[2025-08-07 03:12:21 +0000] [11137] [INFO] Worker spawned (pid: 11137)
[2025-08-07 03:12:21 +0000] [11137] [INFO] Worker initialized (pid: 11137)
[2025-08-07 03:35:53 +0000] [11118] [INFO] Handling signal: term
[2025-08-07 03:35:53 +0000] [11133] [INFO] Worker exiting (pid: 11133)
[2025-08-07 03:35:53 +0000] [11134] [INFO] Worker exiting (pid: 11134)
[2025-08-07 03:35:53 +0000] [11135] [INFO] Worker exiting (pid: 11135)
[2025-08-07 03:35:53 +0000] [11136] [INFO] Worker exiting (pid: 11136)
[2025-08-07 03:35:53 +0000] [11137] [INFO] Worker exiting (pid: 11137)
[2025-08-07 03:35:54 +0000] [11118] [INFO] Shutting down: Master
[2025-08-07 03:35:55 +0000] [15336] [INFO] Starting gunicorn 23.0.0
[2025-08-07 03:35:55 +0000] [15336] [INFO] Listening at: http://0.0.0.0:6580 (15336)
[2025-08-07 03:35:55 +0000] [15336] [INFO] Using worker: sync
[2025-08-07 03:35:55 +0000] [15336] [INFO] Gunicorn server is ready!
[2025-08-07 03:35:55 +0000] [15336] [INFO] Worker spawned (pid: [booting])
[2025-08-07 03:35:55 +0000] [15337] [INFO] Booting worker with pid: 15337
[2025-08-07 03:35:55 +0000] [15337] [INFO] Worker spawned (pid: 15337)
[2025-08-07 03:35:55 +0000] [15337] [INFO] Worker initialized (pid: 15337)
[2025-08-07 03:35:55 +0000] [15336] [INFO] Worker spawned (pid: [booting])
[2025-08-07 03:35:55 +0000] [15342] [INFO] Booting worker with pid: 15342
[2025-08-07 03:35:55 +0000] [15342] [INFO] Worker spawned (pid: 15342)
[2025-08-07 03:35:55 +0000] [15342] [INFO] Worker initialized (pid: 15342)
[2025-08-07 03:35:55 +0000] [15336] [INFO] Worker spawned (pid: [booting])
[2025-08-07 03:35:55 +0000] [15343] [INFO] Booting worker with pid: 15343
[2025-08-07 03:35:55 +0000] [15343] [INFO] Worker spawned (pid: 15343)
[2025-08-07 03:35:55 +0000] [15343] [INFO] Worker initialized (pid: 15343)
[2025-08-07 03:35:55 +0000] [15336] [INFO] Worker spawned (pid: [booting])
[2025-08-07 03:35:55 +0000] [15344] [INFO] Booting worker with pid: 15344
[2025-08-07 03:35:55 +0000] [15344] [INFO] Worker spawned (pid: 15344)
[2025-08-07 03:35:55 +0000] [15344] [INFO] Worker initialized (pid: 15344)
[2025-08-07 03:35:55 +0000] [15336] [INFO] Worker spawned (pid: [booting])
[2025-08-07 03:35:55 +0000] [15345] [INFO] Booting worker with pid: 15345
[2025-08-07 03:35:55 +0000] [15345] [INFO] Worker spawned (pid: 15345)
[2025-08-07 03:35:55 +0000] [15345] [INFO] Worker initialized (pid: 15345)
[2025-08-07 03:40:14 +0000] [15336] [INFO] Handling signal: term
[2025-08-07 03:40:14 +0000] [15337] [INFO] Worker exiting (pid: 15337)
[2025-08-07 03:40:14 +0000] [15342] [INFO] Worker exiting (pid: 15342)
[2025-08-07 03:40:14 +0000] [15343] [INFO] Worker exiting (pid: 15343)
[2025-08-07 03:40:14 +0000] [15344] [INFO] Worker exiting (pid: 15344)
[2025-08-07 03:40:14 +0000] [15345] [INFO] Worker exiting (pid: 15345)
[2025-08-07 03:40:16 +0000] [15336] [INFO] Shutting down: Master
[2025-08-07 03:40:18 +0000] [16424] [INFO] Starting gunicorn 23.0.0
[2025-08-07 03:40:18 +0000] [16424] [INFO] Listening at: http://0.0.0.0:6580 (16424)
[2025-08-07 03:40:18 +0000] [16424] [INFO] Using worker: sync
[2025-08-07 03:40:18 +0000] [16424] [INFO] Gunicorn server is ready!
[2025-08-07 03:40:18 +0000] [16424] [INFO] Worker spawned (pid: [booting])
[2025-08-07 03:40:18 +0000] [16459] [INFO] Booting worker with pid: 16459
[2025-08-07 03:40:18 +0000] [16459] [INFO] Worker spawned (pid: 16459)
[2025-08-07 03:40:18 +0000] [16459] [INFO] Worker initialized (pid: 16459)
[2025-08-07 03:40:18 +0000] [16424] [INFO] Worker spawned (pid: [booting])
[2025-08-07 03:40:18 +0000] [16461] [INFO] Booting worker with pid: 16461
[2025-08-07 03:40:18 +0000] [16461] [INFO] Worker spawned (pid: 16461)
[2025-08-07 03:40:18 +0000] [16461] [INFO] Worker initialized (pid: 16461)
[2025-08-07 03:40:18 +0000] [16424] [INFO] Worker spawned (pid: [booting])
[2025-08-07 03:40:18 +0000] [16463] [INFO] Booting worker with pid: 16463
[2025-08-07 03:40:18 +0000] [16463] [INFO] Worker spawned (pid: 16463)
[2025-08-07 03:40:18 +0000] [16463] [INFO] Worker initialized (pid: 16463)
[2025-08-07 03:40:18 +0000] [16424] [INFO] Worker spawned (pid: [booting])
[2025-08-07 03:40:18 +0000] [16464] [INFO] Booting worker with pid: 16464
[2025-08-07 03:40:18 +0000] [16464] [INFO] Worker spawned (pid: 16464)
[2025-08-07 03:40:18 +0000] [16464] [INFO] Worker initialized (pid: 16464)
[2025-08-07 03:40:18 +0000] [16424] [INFO] Worker spawned (pid: [booting])
[2025-08-07 03:40:18 +0000] [16465] [INFO] Booting worker with pid: 16465
[2025-08-07 03:40:18 +0000] [16465] [INFO] Worker spawned (pid: 16465)
[2025-08-07 03:40:18 +0000] [16465] [INFO] Worker initialized (pid: 16465)
[2025-08-07 03:49:03 +0000] [16424] [INFO] Handling signal: term
[2025-08-07 03:49:03 +0000] [16459] [INFO] Worker exiting (pid: 16459)
[2025-08-07 03:49:03 +0000] [16461] [INFO] Worker exiting (pid: 16461)
[2025-08-07 03:49:03 +0000] [16463] [INFO] Worker exiting (pid: 16463)
[2025-08-07 03:49:03 +0000] [16464] [INFO] Worker exiting (pid: 16464)
[2025-08-07 03:49:03 +0000] [16465] [INFO] Worker exiting (pid: 16465)
[2025-08-07 03:49:06 +0000] [16424] [INFO] Shutting down: Master
[2025-08-07 03:59:23 +0000] [23385] [INFO] Starting gunicorn 23.0.0
[2025-08-07 03:59:23 +0000] [23385] [INFO] Listening at: http://0.0.0.0:6580 (23385)
[2025-08-07 03:59:23 +0000] [23385] [INFO] Using worker: sync
[2025-08-07 03:59:23 +0000] [23385] [INFO] Gunicorn server is ready!
[2025-08-07 03:59:23 +0000] [23385] [INFO] Worker spawned (pid: [booting])
[2025-08-07 03:59:23 +0000] [23389] [INFO] Booting worker with pid: 23389
[2025-08-07 03:59:23 +0000] [23389] [INFO] Worker spawned (pid: 23389)
[2025-08-07 03:59:23 +0000] [23389] [INFO] Worker initialized (pid: 23389)
[2025-08-07 03:59:23 +0000] [23385] [INFO] Worker spawned (pid: [booting])
[2025-08-07 03:59:23 +0000] [23390] [INFO] Booting worker with pid: 23390
[2025-08-07 03:59:23 +0000] [23390] [INFO] Worker spawned (pid: 23390)
[2025-08-07 03:59:23 +0000] [23390] [INFO] Worker initialized (pid: 23390)
[2025-08-07 03:59:23 +0000] [23385] [INFO] Worker spawned (pid: [booting])
[2025-08-07 03:59:23 +0000] [23392] [INFO] Booting worker with pid: 23392
[2025-08-07 03:59:23 +0000] [23392] [INFO] Worker spawned (pid: 23392)
[2025-08-07 03:59:23 +0000] [23392] [INFO] Worker initialized (pid: 23392)
[2025-08-07 03:59:23 +0000] [23385] [INFO] Worker spawned (pid: [booting])
[2025-08-07 03:59:23 +0000] [23396] [INFO] Booting worker with pid: 23396
[2025-08-07 03:59:23 +0000] [23396] [INFO] Worker spawned (pid: 23396)
[2025-08-07 03:59:23 +0000] [23396] [INFO] Worker initialized (pid: 23396)
[2025-08-07 03:59:23 +0000] [23385] [INFO] Worker spawned (pid: [booting])
[2025-08-07 03:59:23 +0000] [23397] [INFO] Booting worker with pid: 23397
[2025-08-07 03:59:23 +0000] [23397] [INFO] Worker spawned (pid: 23397)
[2025-08-07 03:59:23 +0000] [23397] [INFO] Worker initialized (pid: 23397)
[2025-08-07 03:59:23 +0000] [23385] [INFO] Handling signal: term
[2025-08-07 03:59:23 +0000] [23389] [INFO] Worker exiting (pid: 23389)
[2025-08-07 03:59:23 +0000] [23397] [INFO] Worker exiting (pid: 23397)
[2025-08-07 03:59:23 +0000] [23390] [INFO] Worker exiting (pid: 23390)
[2025-08-07 03:59:23 +0000] [23392] [INFO] Worker exiting (pid: 23392)
[2025-08-07 03:59:23 +0000] [23396] [INFO] Worker exiting (pid: 23396)
[2025-08-07 04:00:32 +0000] [23385] [ERROR] Worker (pid:23389) was sent SIGKILL! Perhaps out of memory?
[2025-08-07 04:00:37 +0000] [23429] [INFO] Starting gunicorn 23.0.0
[2025-08-07 04:00:37 +0000] [23429] [INFO] Listening at: http://0.0.0.0:6580 (23429)
[2025-08-07 04:00:37 +0000] [23429] [INFO] Using worker: sync
[2025-08-07 04:00:37 +0000] [23429] [INFO] Gunicorn server is ready!
[2025-08-07 04:00:37 +0000] [23429] [INFO] Worker spawned (pid: [booting])
[2025-08-07 04:00:37 +0000] [23466] [INFO] Booting worker with pid: 23466
[2025-08-07 04:00:37 +0000] [23466] [INFO] Worker spawned (pid: 23466)
[2025-08-07 04:00:37 +0000] [23466] [INFO] Worker initialized (pid: 23466)
[2025-08-07 04:00:37 +0000] [23429] [INFO] Worker spawned (pid: [booting])
[2025-08-07 04:00:37 +0000] [23468] [INFO] Booting worker with pid: 23468
[2025-08-07 04:00:37 +0000] [23468] [INFO] Worker spawned (pid: 23468)
[2025-08-07 04:00:37 +0000] [23468] [INFO] Worker initialized (pid: 23468)
[2025-08-07 04:00:38 +0000] [23429] [INFO] Worker spawned (pid: [booting])
[2025-08-07 04:00:38 +0000] [23470] [INFO] Booting worker with pid: 23470
[2025-08-07 04:00:38 +0000] [23470] [INFO] Worker spawned (pid: 23470)
[2025-08-07 04:00:38 +0000] [23470] [INFO] Worker initialized (pid: 23470)
[2025-08-07 04:00:38 +0000] [23429] [INFO] Worker spawned (pid: [booting])
[2025-08-07 04:00:38 +0000] [23471] [INFO] Booting worker with pid: 23471
[2025-08-07 04:00:38 +0000] [23471] [INFO] Worker spawned (pid: 23471)
[2025-08-07 04:00:38 +0000] [23471] [INFO] Worker initialized (pid: 23471)
[2025-08-07 04:00:38 +0000] [23429] [INFO] Worker spawned (pid: [booting])
[2025-08-07 04:00:38 +0000] [23472] [INFO] Booting worker with pid: 23472
[2025-08-07 04:00:38 +0000] [23472] [INFO] Worker spawned (pid: 23472)
[2025-08-07 04:00:38 +0000] [23472] [INFO] Worker initialized (pid: 23472)
[2025-08-07 04:00:44 +0000] [23429] [INFO] Handling signal: term
[2025-08-07 04:00:44 +0000] [23466] [INFO] Worker exiting (pid: 23466)
[2025-08-07 04:00:44 +0000] [23470] [INFO] Worker exiting (pid: 23470)
[2025-08-07 04:00:44 +0000] [23468] [INFO] Worker exiting (pid: 23468)
[2025-08-07 04:00:44 +0000] [23471] [INFO] Worker exiting (pid: 23471)
[2025-08-07 04:00:44 +0000] [23472] [INFO] Worker exiting (pid: 23472)
[2025-08-07 04:00:46 +0000] [23429] [INFO] Shutting down: Master
[2025-08-07 04:04:32 +0000] [1003] [INFO] Starting gunicorn 23.0.0
[2025-08-07 04:04:32 +0000] [1003] [INFO] Listening at: http://0.0.0.0:6580 (1003)
[2025-08-07 04:04:32 +0000] [1003] [INFO] Using worker: sync
[2025-08-07 04:04:32 +0000] [1003] [INFO] Gunicorn server is ready!
[2025-08-07 04:04:32 +0000] [1003] [INFO] Worker spawned (pid: [booting])
[2025-08-07 04:04:32 +0000] [1308] [INFO] Booting worker with pid: 1308
[2025-08-07 04:04:32 +0000] [1308] [INFO] Worker spawned (pid: 1308)
[2025-08-07 04:04:32 +0000] [1308] [INFO] Worker initialized (pid: 1308)
[2025-08-07 04:04:32 +0000] [1003] [INFO] Worker spawned (pid: [booting])
[2025-08-07 04:04:32 +0000] [1310] [INFO] Booting worker with pid: 1310
[2025-08-07 04:04:32 +0000] [1310] [INFO] Worker spawned (pid: 1310)
[2025-08-07 04:04:32 +0000] [1310] [INFO] Worker initialized (pid: 1310)
[2025-08-07 04:04:32 +0000] [1003] [INFO] Worker spawned (pid: [booting])
[2025-08-07 04:04:32 +0000] [1311] [INFO] Booting worker with pid: 1311
[2025-08-07 04:04:32 +0000] [1311] [INFO] Worker spawned (pid: 1311)
[2025-08-07 04:04:32 +0000] [1311] [INFO] Worker initialized (pid: 1311)
[2025-08-07 04:04:33 +0000] [1003] [INFO] Worker spawned (pid: [booting])
[2025-08-07 04:04:33 +0000] [1312] [INFO] Booting worker with pid: 1312
[2025-08-07 04:04:33 +0000] [1312] [INFO] Worker spawned (pid: 1312)
[2025-08-07 04:04:33 +0000] [1312] [INFO] Worker initialized (pid: 1312)
[2025-08-07 04:04:33 +0000] [1003] [INFO] Worker spawned (pid: [booting])
[2025-08-07 04:04:33 +0000] [1313] [INFO] Booting worker with pid: 1313
[2025-08-07 04:04:33 +0000] [1313] [INFO] Worker spawned (pid: 1313)
[2025-08-07 04:04:33 +0000] [1313] [INFO] Worker initialized (pid: 1313)
[2025-08-07 04:05:15 +0000] [1003] [INFO] Handling signal: term
[2025-08-07 04:05:15 +0000] [1308] [INFO] Worker exiting (pid: 1308)
[2025-08-07 04:05:15 +0000] [1312] [INFO] Worker exiting (pid: 1312)
[2025-08-07 04:05:15 +0000] [1311] [INFO] Worker exiting (pid: 1311)
[2025-08-07 04:05:15 +0000] [1310] [INFO] Worker exiting (pid: 1310)
[2025-08-07 04:05:15 +0000] [1313] [INFO] Worker exiting (pid: 1313)
[2025-08-07 04:05:16 +0000] [1003] [INFO] Shutting down: Master
[2025-08-21 05:44:50 +0000] [969] [INFO] Starting gunicorn 23.0.0
[2025-08-21 05:44:50 +0000] [969] [INFO] Listening at: http://0.0.0.0:6580 (969)
[2025-08-21 05:44:50 +0000] [969] [INFO] Using worker: sync
[2025-08-21 05:44:50 +0000] [969] [INFO] Gunicorn server is ready!
[2025-08-21 05:44:50 +0000] [969] [INFO] Worker spawned (pid: [booting])
[2025-08-21 05:44:50 +0000] [1372] [INFO] Booting worker with pid: 1372
[2025-08-21 05:44:50 +0000] [1372] [INFO] Worker spawned (pid: 1372)
[2025-08-21 05:44:50 +0000] [1372] [INFO] Worker initialized (pid: 1372)
[2025-08-21 05:44:50 +0000] [969] [INFO] Worker spawned (pid: [booting])
[2025-08-21 05:44:50 +0000] [1375] [INFO] Booting worker with pid: 1375
[2025-08-21 05:44:50 +0000] [1375] [INFO] Worker spawned (pid: 1375)
[2025-08-21 05:44:50 +0000] [1375] [INFO] Worker initialized (pid: 1375)
[2025-08-21 05:44:50 +0000] [969] [INFO] Worker spawned (pid: [booting])
[2025-08-21 05:44:50 +0000] [1376] [INFO] Booting worker with pid: 1376
[2025-08-21 05:44:50 +0000] [1376] [INFO] Worker spawned (pid: 1376)
[2025-08-21 05:44:50 +0000] [1376] [INFO] Worker initialized (pid: 1376)
[2025-08-21 05:44:50 +0000] [969] [INFO] Worker spawned (pid: [booting])
[2025-08-21 05:44:50 +0000] [1382] [INFO] Booting worker with pid: 1382
[2025-08-21 05:44:50 +0000] [1382] [INFO] Worker spawned (pid: 1382)
[2025-08-21 05:44:50 +0000] [1382] [INFO] Worker initialized (pid: 1382)
[2025-08-21 05:44:50 +0000] [969] [INFO] Worker spawned (pid: [booting])
[2025-08-21 05:44:50 +0000] [1384] [INFO] Booting worker with pid: 1384
[2025-08-21 05:44:50 +0000] [1384] [INFO] Worker spawned (pid: 1384)
[2025-08-21 05:44:50 +0000] [1384] [INFO] Worker initialized (pid: 1384)
[2025-08-21 06:12:40 +0000] [1382] [ERROR] Error handling request /
Traceback (most recent call last):
  File "/data/jtd_backend/jtd_shop/.venv/lib/python3.10/site-packages/django/core/handlers/exception.py", line 55, in inner
    response = get_response(request)
  File "/data/jtd_backend/jtd_shop/.venv/lib/python3.10/site-packages/django/core/handlers/base.py", line 181, in _get_response
    callback, callback_args, callback_kwargs = self.resolve_request(request)
  File "/data/jtd_backend/jtd_shop/.venv/lib/python3.10/site-packages/django/core/handlers/base.py", line 313, in resolve_request
    resolver_match = resolver.resolve(request.path_info)
  File "/data/jtd_backend/jtd_shop/.venv/lib/python3.10/site-packages/django/urls/resolvers.py", line 666, in resolve
    for pattern in self.url_patterns:
  File "/data/jtd_backend/jtd_shop/.venv/lib/python3.10/site-packages/django/utils/functional.py", line 47, in __get__
    res = instance.__dict__[self.name] = self.func(instance)
  File "/data/jtd_backend/jtd_shop/.venv/lib/python3.10/site-packages/django/urls/resolvers.py", line 718, in url_patterns
    patterns = getattr(self.urlconf_module, "urlpatterns", self.urlconf_module)
  File "/data/jtd_backend/jtd_shop/.venv/lib/python3.10/site-packages/django/utils/functional.py", line 47, in __get__
    res = instance.__dict__[self.name] = self.func(instance)
  File "/data/jtd_backend/jtd_shop/.venv/lib/python3.10/site-packages/django/urls/resolvers.py", line 711, in urlconf_module
    return import_module(self.urlconf_name)
  File "/usr/lib/python3.10/importlib/__init__.py", line 126, in import_module
    return _bootstrap._gcd_import(name[level:], package, level)
  File "<frozen importlib._bootstrap>", line 1050, in _gcd_import
  File "<frozen importlib._bootstrap>", line 1027, in _find_and_load
  File "<frozen importlib._bootstrap>", line 1006, in _find_and_load_unlocked
  File "<frozen importlib._bootstrap>", line 688, in _load_unlocked
  File "<frozen importlib._bootstrap_external>", line 883, in exec_module
  File "<frozen importlib._bootstrap>", line 241, in _call_with_frames_removed
  File "/data/jtd_backend/jtd_shop/App_backend/urls.py", line 47, in <module>
    path('wechat/', include('wechat_auth.urls')),
  File "/data/jtd_backend/jtd_shop/.venv/lib/python3.10/site-packages/django/urls/conf.py", line 39, in include
    urlconf_module = import_module(urlconf_module)
  File "/usr/lib/python3.10/importlib/__init__.py", line 126, in import_module
    return _bootstrap._gcd_import(name[level:], package, level)
  File "<frozen importlib._bootstrap>", line 1050, in _gcd_import
  File "<frozen importlib._bootstrap>", line 1027, in _find_and_load
  File "<frozen importlib._bootstrap>", line 1006, in _find_and_load_unlocked
  File "<frozen importlib._bootstrap>", line 688, in _load_unlocked
  File "<frozen importlib._bootstrap_external>", line 883, in exec_module
  File "<frozen importlib._bootstrap>", line 241, in _call_with_frames_removed
  File "/data/jtd_backend/jtd_shop/wechat_auth/urls.py", line 5, in <module>
    from . import views
  File "/data/jtd_backend/jtd_shop/wechat_auth/views.py", line 7, in <module>
    from .services import WechatAuthService
  File "/data/jtd_backend/jtd_shop/wechat_auth/services.py", line 7, in <module>
    from .models import WechatUser, WechatSession
  File "/data/jtd_backend/jtd_shop/wechat_auth/models.py", line 5, in <module>
    class WechatUser(models.Model):
  File "/data/jtd_backend/jtd_shop/.venv/lib/python3.10/site-packages/django/db/models/base.py", line 136, in __new__
    raise RuntimeError(
RuntimeError: Model class wechat_auth.models.WechatUser doesn't declare an explicit app_label and isn't in an application in INSTALLED_APPS.

During handling of the above exception, another exception occurred:

Traceback (most recent call last):
  File "/data/jtd_backend/jtd_shop/.venv/lib/python3.10/site-packages/django/core/handlers/exception.py", line 55, in inner
    response = get_response(request)
  File "/data/jtd_backend/jtd_shop/.venv/lib/python3.10/site-packages/django/utils/deprecation.py", line 120, in __call__
    response = response or self.get_response(request)
  File "/data/jtd_backend/jtd_shop/.venv/lib/python3.10/site-packages/django/core/handlers/exception.py", line 57, in inner
    response = response_for_exception(request, exc)
  File "/data/jtd_backend/jtd_shop/.venv/lib/python3.10/site-packages/django/core/handlers/exception.py", line 141, in response_for_exception
    response = handle_uncaught_exception(
  File "/data/jtd_backend/jtd_shop/.venv/lib/python3.10/site-packages/django/core/handlers/exception.py", line 182, in handle_uncaught_exception
    return debug.technical_500_response(request, *exc_info)
  File "/data/jtd_backend/jtd_shop/.venv/lib/python3.10/site-packages/django/views/debug.py", line 69, in technical_500_response
    html = reporter.get_traceback_html()
  File "/data/jtd_backend/jtd_shop/.venv/lib/python3.10/site-packages/django/views/debug.py", line 428, in get_traceback_html
    c = Context(self.get_traceback_data(), use_l10n=False)
  File "/data/jtd_backend/jtd_shop/.venv/lib/python3.10/site-packages/django/views/debug.py", line 411, in get_traceback_data
    c["raising_view_name"] = get_caller(self.request)
  File "/data/jtd_backend/jtd_shop/.venv/lib/python3.10/site-packages/django/views/debug.py", line 102, in get_caller
    resolver_match = resolve(request.path)
  File "/data/jtd_backend/jtd_shop/.venv/lib/python3.10/site-packages/django/urls/base.py", line 25, in resolve
    return get_resolver(urlconf).resolve(path)
  File "/data/jtd_backend/jtd_shop/.venv/lib/python3.10/site-packages/django/urls/resolvers.py", line 666, in resolve
    for pattern in self.url_patterns:
  File "/data/jtd_backend/jtd_shop/.venv/lib/python3.10/site-packages/django/utils/functional.py", line 47, in __get__
    res = instance.__dict__[self.name] = self.func(instance)
  File "/data/jtd_backend/jtd_shop/.venv/lib/python3.10/site-packages/django/urls/resolvers.py", line 718, in url_patterns
    patterns = getattr(self.urlconf_module, "urlpatterns", self.urlconf_module)
  File "/data/jtd_backend/jtd_shop/.venv/lib/python3.10/site-packages/django/utils/functional.py", line 47, in __get__
    res = instance.__dict__[self.name] = self.func(instance)
  File "/data/jtd_backend/jtd_shop/.venv/lib/python3.10/site-packages/django/urls/resolvers.py", line 711, in urlconf_module
    return import_module(self.urlconf_name)
  File "/usr/lib/python3.10/importlib/__init__.py", line 126, in import_module
    return _bootstrap._gcd_import(name[level:], package, level)
  File "<frozen importlib._bootstrap>", line 1050, in _gcd_import
  File "<frozen importlib._bootstrap>", line 1027, in _find_and_load
  File "<frozen importlib._bootstrap>", line 1006, in _find_and_load_unlocked
  File "<frozen importlib._bootstrap>", line 688, in _load_unlocked
  File "<frozen importlib._bootstrap_external>", line 883, in exec_module
  File "<frozen importlib._bootstrap>", line 241, in _call_with_frames_removed
  File "/data/jtd_backend/jtd_shop/App_backend/urls.py", line 47, in <module>
    path('wechat/', include('wechat_auth.urls')),
  File "/data/jtd_backend/jtd_shop/.venv/lib/python3.10/site-packages/django/urls/conf.py", line 39, in include
    urlconf_module = import_module(urlconf_module)
  File "/usr/lib/python3.10/importlib/__init__.py", line 126, in import_module
    return _bootstrap._gcd_import(name[level:], package, level)
  File "<frozen importlib._bootstrap>", line 1050, in _gcd_import
  File "<frozen importlib._bootstrap>", line 1027, in _find_and_load
  File "<frozen importlib._bootstrap>", line 1006, in _find_and_load_unlocked
  File "<frozen importlib._bootstrap>", line 688, in _load_unlocked
  File "<frozen importlib._bootstrap_external>", line 883, in exec_module
  File "<frozen importlib._bootstrap>", line 241, in _call_with_frames_removed
  File "/data/jtd_backend/jtd_shop/wechat_auth/urls.py", line 5, in <module>
    from . import views
  File "/data/jtd_backend/jtd_shop/wechat_auth/views.py", line 7, in <module>
    from .services import WechatAuthService
  File "/data/jtd_backend/jtd_shop/wechat_auth/services.py", line 7, in <module>
    from .models import WechatUser, WechatSession
  File "/data/jtd_backend/jtd_shop/wechat_auth/models.py", line 5, in <module>
    class WechatUser(models.Model):
  File "/data/jtd_backend/jtd_shop/.venv/lib/python3.10/site-packages/django/db/models/base.py", line 136, in __new__
    raise RuntimeError(
RuntimeError: Model class wechat_auth.models.WechatUser doesn't declare an explicit app_label and isn't in an application in INSTALLED_APPS.

During handling of the above exception, another exception occurred:

Traceback (most recent call last):
  File "/data/jtd_backend/jtd_shop/.venv/lib/python3.10/site-packages/django/core/handlers/exception.py", line 55, in inner
    response = get_response(request)
  File "/data/jtd_backend/jtd_shop/.venv/lib/python3.10/site-packages/django/utils/deprecation.py", line 120, in __call__
    response = response or self.get_response(request)
  File "/data/jtd_backend/jtd_shop/.venv/lib/python3.10/site-packages/django/core/handlers/exception.py", line 57, in inner
    response = response_for_exception(request, exc)
  File "/data/jtd_backend/jtd_shop/.venv/lib/python3.10/site-packages/django/core/handlers/exception.py", line 141, in response_for_exception
    response = handle_uncaught_exception(
  File "/data/jtd_backend/jtd_shop/.venv/lib/python3.10/site-packages/django/core/handlers/exception.py", line 182, in handle_uncaught_exception
    return debug.technical_500_response(request, *exc_info)
  File "/data/jtd_backend/jtd_shop/.venv/lib/python3.10/site-packages/django/views/debug.py", line 69, in technical_500_response
    html = reporter.get_traceback_html()
  File "/data/jtd_backend/jtd_shop/.venv/lib/python3.10/site-packages/django/views/debug.py", line 428, in get_traceback_html
    c = Context(self.get_traceback_data(), use_l10n=False)
  File "/data/jtd_backend/jtd_shop/.venv/lib/python3.10/site-packages/django/views/debug.py", line 411, in get_traceback_data
    c["raising_view_name"] = get_caller(self.request)
  File "/data/jtd_backend/jtd_shop/.venv/lib/python3.10/site-packages/django/views/debug.py", line 102, in get_caller
    resolver_match = resolve(request.path)
  File "/data/jtd_backend/jtd_shop/.venv/lib/python3.10/site-packages/django/urls/base.py", line 25, in resolve
    return get_resolver(urlconf).resolve(path)
  File "/data/jtd_backend/jtd_shop/.venv/lib/python3.10/site-packages/django/urls/resolvers.py", line 666, in resolve
    for pattern in self.url_patterns:
  File "/data/jtd_backend/jtd_shop/.venv/lib/python3.10/site-packages/django/utils/functional.py", line 47, in __get__
    res = instance.__dict__[self.name] = self.func(instance)
  File "/data/jtd_backend/jtd_shop/.venv/lib/python3.10/site-packages/django/urls/resolvers.py", line 718, in url_patterns
    patterns = getattr(self.urlconf_module, "urlpatterns", self.urlconf_module)
  File "/data/jtd_backend/jtd_shop/.venv/lib/python3.10/site-packages/django/utils/functional.py", line 47, in __get__
    res = instance.__dict__[self.name] = self.func(instance)
  File "/data/jtd_backend/jtd_shop/.venv/lib/python3.10/site-packages/django/urls/resolvers.py", line 711, in urlconf_module
    return import_module(self.urlconf_name)
  File "/usr/lib/python3.10/importlib/__init__.py", line 126, in import_module
    return _bootstrap._gcd_import(name[level:], package, level)
  File "<frozen importlib._bootstrap>", line 1050, in _gcd_import
  File "<frozen importlib._bootstrap>", line 1027, in _find_and_load
  File "<frozen importlib._bootstrap>", line 1006, in _find_and_load_unlocked
  File "<frozen importlib._bootstrap>", line 688, in _load_unlocked
  File "<frozen importlib._bootstrap_external>", line 883, in exec_module
  File "<frozen importlib._bootstrap>", line 241, in _call_with_frames_removed
  File "/data/jtd_backend/jtd_shop/App_backend/urls.py", line 47, in <module>
    path('wechat/', include('wechat_auth.urls')),
  File "/data/jtd_backend/jtd_shop/.venv/lib/python3.10/site-packages/django/urls/conf.py", line 39, in include
    urlconf_module = import_module(urlconf_module)
  File "/usr/lib/python3.10/importlib/__init__.py", line 126, in import_module
    return _bootstrap._gcd_import(name[level:], package, level)
  File "<frozen importlib._bootstrap>", line 1050, in _gcd_import
  File "<frozen importlib._bootstrap>", line 1027, in _find_and_load
  File "<frozen importlib._bootstrap>", line 1006, in _find_and_load_unlocked
  File "<frozen importlib._bootstrap>", line 688, in _load_unlocked
  File "<frozen importlib._bootstrap_external>", line 883, in exec_module
  File "<frozen importlib._bootstrap>", line 241, in _call_with_frames_removed
  File "/data/jtd_backend/jtd_shop/wechat_auth/urls.py", line 5, in <module>
    from . import views
  File "/data/jtd_backend/jtd_shop/wechat_auth/views.py", line 7, in <module>
    from .services import WechatAuthService
  File "/data/jtd_backend/jtd_shop/wechat_auth/services.py", line 7, in <module>
    from .models import WechatUser, WechatSession
  File "/data/jtd_backend/jtd_shop/wechat_auth/models.py", line 5, in <module>
    class WechatUser(models.Model):
  File "/data/jtd_backend/jtd_shop/.venv/lib/python3.10/site-packages/django/db/models/base.py", line 136, in __new__
    raise RuntimeError(
RuntimeError: Model class wechat_auth.models.WechatUser doesn't declare an explicit app_label and isn't in an application in INSTALLED_APPS.

During handling of the above exception, another exception occurred:

Traceback (most recent call last):
  File "/data/jtd_backend/jtd_shop/.venv/lib/python3.10/site-packages/django/core/handlers/exception.py", line 55, in inner
    response = get_response(request)
  File "/data/jtd_backend/jtd_shop/.venv/lib/python3.10/site-packages/django/utils/deprecation.py", line 120, in __call__
    response = response or self.get_response(request)
  File "/data/jtd_backend/jtd_shop/.venv/lib/python3.10/site-packages/django/core/handlers/exception.py", line 57, in inner
    response = response_for_exception(request, exc)
  File "/data/jtd_backend/jtd_shop/.venv/lib/python3.10/site-packages/django/core/handlers/exception.py", line 141, in response_for_exception
    response = handle_uncaught_exception(
  File "/data/jtd_backend/jtd_shop/.venv/lib/python3.10/site-packages/django/core/handlers/exception.py", line 182, in handle_uncaught_exception
    return debug.technical_500_response(request, *exc_info)
  File "/data/jtd_backend/jtd_shop/.venv/lib/python3.10/site-packages/django/views/debug.py", line 69, in technical_500_response
    html = reporter.get_traceback_html()
  File "/data/jtd_backend/jtd_shop/.venv/lib/python3.10/site-packages/django/views/debug.py", line 428, in get_traceback_html
    c = Context(self.get_traceback_data(), use_l10n=False)
  File "/data/jtd_backend/jtd_shop/.venv/lib/python3.10/site-packages/django/views/debug.py", line 411, in get_traceback_data
    c["raising_view_name"] = get_caller(self.request)
  File "/data/jtd_backend/jtd_shop/.venv/lib/python3.10/site-packages/django/views/debug.py", line 102, in get_caller
    resolver_match = resolve(request.path)
  File "/data/jtd_backend/jtd_shop/.venv/lib/python3.10/site-packages/django/urls/base.py", line 25, in resolve
    return get_resolver(urlconf).resolve(path)
  File "/data/jtd_backend/jtd_shop/.venv/lib/python3.10/site-packages/django/urls/resolvers.py", line 666, in resolve
    for pattern in self.url_patterns:
  File "/data/jtd_backend/jtd_shop/.venv/lib/python3.10/site-packages/django/utils/functional.py", line 47, in __get__
    res = instance.__dict__[self.name] = self.func(instance)
  File "/data/jtd_backend/jtd_shop/.venv/lib/python3.10/site-packages/django/urls/resolvers.py", line 718, in url_patterns
    patterns = getattr(self.urlconf_module, "urlpatterns", self.urlconf_module)
  File "/data/jtd_backend/jtd_shop/.venv/lib/python3.10/site-packages/django/utils/functional.py", line 47, in __get__
    res = instance.__dict__[self.name] = self.func(instance)
  File "/data/jtd_backend/jtd_shop/.venv/lib/python3.10/site-packages/django/urls/resolvers.py", line 711, in urlconf_module
    return import_module(self.urlconf_name)
  File "/usr/lib/python3.10/importlib/__init__.py", line 126, in import_module
    return _bootstrap._gcd_import(name[level:], package, level)
  File "<frozen importlib._bootstrap>", line 1050, in _gcd_import
  File "<frozen importlib._bootstrap>", line 1027, in _find_and_load
  File "<frozen importlib._bootstrap>", line 1006, in _find_and_load_unlocked
  File "<frozen importlib._bootstrap>", line 688, in _load_unlocked
  File "<frozen importlib._bootstrap_external>", line 883, in exec_module
  File "<frozen importlib._bootstrap>", line 241, in _call_with_frames_removed
  File "/data/jtd_backend/jtd_shop/App_backend/urls.py", line 47, in <module>
    path('wechat/', include('wechat_auth.urls')),
  File "/data/jtd_backend/jtd_shop/.venv/lib/python3.10/site-packages/django/urls/conf.py", line 39, in include
    urlconf_module = import_module(urlconf_module)
  File "/usr/lib/python3.10/importlib/__init__.py", line 126, in import_module
    return _bootstrap._gcd_import(name[level:], package, level)
  File "<frozen importlib._bootstrap>", line 1050, in _gcd_import
  File "<frozen importlib._bootstrap>", line 1027, in _find_and_load
  File "<frozen importlib._bootstrap>", line 1006, in _find_and_load_unlocked
  File "<frozen importlib._bootstrap>", line 688, in _load_unlocked
  File "<frozen importlib._bootstrap_external>", line 883, in exec_module
  File "<frozen importlib._bootstrap>", line 241, in _call_with_frames_removed
  File "/data/jtd_backend/jtd_shop/wechat_auth/urls.py", line 5, in <module>
    from . import views
  File "/data/jtd_backend/jtd_shop/wechat_auth/views.py", line 7, in <module>
    from .services import WechatAuthService
  File "/data/jtd_backend/jtd_shop/wechat_auth/services.py", line 7, in <module>
    from .models import WechatUser, WechatSession
  File "/data/jtd_backend/jtd_shop/wechat_auth/models.py", line 5, in <module>
    class WechatUser(models.Model):
  File "/data/jtd_backend/jtd_shop/.venv/lib/python3.10/site-packages/django/db/models/base.py", line 136, in __new__
    raise RuntimeError(
RuntimeError: Model class wechat_auth.models.WechatUser doesn't declare an explicit app_label and isn't in an application in INSTALLED_APPS.

During handling of the above exception, another exception occurred:

Traceback (most recent call last):
  File "/data/jtd_backend/jtd_shop/.venv/lib/python3.10/site-packages/django/core/handlers/exception.py", line 55, in inner
    response = get_response(request)
  File "/data/jtd_backend/jtd_shop/.venv/lib/python3.10/site-packages/django/utils/deprecation.py", line 120, in __call__
    response = response or self.get_response(request)
  File "/data/jtd_backend/jtd_shop/.venv/lib/python3.10/site-packages/django/core/handlers/exception.py", line 57, in inner
    response = response_for_exception(request, exc)
  File "/data/jtd_backend/jtd_shop/.venv/lib/python3.10/site-packages/django/core/handlers/exception.py", line 141, in response_for_exception
    response = handle_uncaught_exception(
  File "/data/jtd_backend/jtd_shop/.venv/lib/python3.10/site-packages/django/core/handlers/exception.py", line 182, in handle_uncaught_exception
    return debug.technical_500_response(request, *exc_info)
  File "/data/jtd_backend/jtd_shop/.venv/lib/python3.10/site-packages/django/views/debug.py", line 69, in technical_500_response
    html = reporter.get_traceback_html()
  File "/data/jtd_backend/jtd_shop/.venv/lib/python3.10/site-packages/django/views/debug.py", line 428, in get_traceback_html
    c = Context(self.get_traceback_data(), use_l10n=False)
  File "/data/jtd_backend/jtd_shop/.venv/lib/python3.10/site-packages/django/views/debug.py", line 411, in get_traceback_data
    c["raising_view_name"] = get_caller(self.request)
  File "/data/jtd_backend/jtd_shop/.venv/lib/python3.10/site-packages/django/views/debug.py", line 102, in get_caller
    resolver_match = resolve(request.path)
  File "/data/jtd_backend/jtd_shop/.venv/lib/python3.10/site-packages/django/urls/base.py", line 25, in resolve
    return get_resolver(urlconf).resolve(path)
  File "/data/jtd_backend/jtd_shop/.venv/lib/python3.10/site-packages/django/urls/resolvers.py", line 666, in resolve
    for pattern in self.url_patterns:
  File "/data/jtd_backend/jtd_shop/.venv/lib/python3.10/site-packages/django/utils/functional.py", line 47, in __get__
    res = instance.__dict__[self.name] = self.func(instance)
  File "/data/jtd_backend/jtd_shop/.venv/lib/python3.10/site-packages/django/urls/resolvers.py", line 718, in url_patterns
    patterns = getattr(self.urlconf_module, "urlpatterns", self.urlconf_module)
  File "/data/jtd_backend/jtd_shop/.venv/lib/python3.10/site-packages/django/utils/functional.py", line 47, in __get__
    res = instance.__dict__[self.name] = self.func(instance)
  File "/data/jtd_backend/jtd_shop/.venv/lib/python3.10/site-packages/django/urls/resolvers.py", line 711, in urlconf_module
    return import_module(self.urlconf_name)
  File "/usr/lib/python3.10/importlib/__init__.py", line 126, in import_module
    return _bootstrap._gcd_import(name[level:], package, level)
  File "<frozen importlib._bootstrap>", line 1050, in _gcd_import
  File "<frozen importlib._bootstrap>", line 1027, in _find_and_load
  File "<frozen importlib._bootstrap>", line 1006, in _find_and_load_unlocked
  File "<frozen importlib._bootstrap>", line 688, in _load_unlocked
  File "<frozen importlib._bootstrap_external>", line 883, in exec_module
  File "<frozen importlib._bootstrap>", line 241, in _call_with_frames_removed
  File "/data/jtd_backend/jtd_shop/App_backend/urls.py", line 47, in <module>
    path('wechat/', include('wechat_auth.urls')),
  File "/data/jtd_backend/jtd_shop/.venv/lib/python3.10/site-packages/django/urls/conf.py", line 39, in include
    urlconf_module = import_module(urlconf_module)
  File "/usr/lib/python3.10/importlib/__init__.py", line 126, in import_module
    return _bootstrap._gcd_import(name[level:], package, level)
  File "<frozen importlib._bootstrap>", line 1050, in _gcd_import
  File "<frozen importlib._bootstrap>", line 1027, in _find_and_load
  File "<frozen importlib._bootstrap>", line 1006, in _find_and_load_unlocked
  File "<frozen importlib._bootstrap>", line 688, in _load_unlocked
  File "<frozen importlib._bootstrap_external>", line 883, in exec_module
  File "<frozen importlib._bootstrap>", line 241, in _call_with_frames_removed
  File "/data/jtd_backend/jtd_shop/wechat_auth/urls.py", line 5, in <module>
    from . import views
  File "/data/jtd_backend/jtd_shop/wechat_auth/views.py", line 7, in <module>
    from .services import WechatAuthService
  File "/data/jtd_backend/jtd_shop/wechat_auth/services.py", line 7, in <module>
    from .models import WechatUser, WechatSession
  File "/data/jtd_backend/jtd_shop/wechat_auth/models.py", line 5, in <module>
    class WechatUser(models.Model):
  File "/data/jtd_backend/jtd_shop/.venv/lib/python3.10/site-packages/django/db/models/base.py", line 136, in __new__
    raise RuntimeError(
RuntimeError: Model class wechat_auth.models.WechatUser doesn't declare an explicit app_label and isn't in an application in INSTALLED_APPS.

During handling of the above exception, another exception occurred:

Traceback (most recent call last):
  File "/data/jtd_backend/jtd_shop/.venv/lib/python3.10/site-packages/django/core/handlers/exception.py", line 55, in inner
    response = get_response(request)
  File "/data/jtd_backend/jtd_shop/.venv/lib/python3.10/site-packages/django/utils/deprecation.py", line 120, in __call__
    response = response or self.get_response(request)
  File "/data/jtd_backend/jtd_shop/.venv/lib/python3.10/site-packages/django/core/handlers/exception.py", line 57, in inner
    response = response_for_exception(request, exc)
  File "/data/jtd_backend/jtd_shop/.venv/lib/python3.10/site-packages/django/core/handlers/exception.py", line 141, in response_for_exception
    response = handle_uncaught_exception(
  File "/data/jtd_backend/jtd_shop/.venv/lib/python3.10/site-packages/django/core/handlers/exception.py", line 182, in handle_uncaught_exception
    return debug.technical_500_response(request, *exc_info)
  File "/data/jtd_backend/jtd_shop/.venv/lib/python3.10/site-packages/django/views/debug.py", line 69, in technical_500_response
    html = reporter.get_traceback_html()
  File "/data/jtd_backend/jtd_shop/.venv/lib/python3.10/site-packages/django/views/debug.py", line 428, in get_traceback_html
    c = Context(self.get_traceback_data(), use_l10n=False)
  File "/data/jtd_backend/jtd_shop/.venv/lib/python3.10/site-packages/django/views/debug.py", line 411, in get_traceback_data
    c["raising_view_name"] = get_caller(self.request)
  File "/data/jtd_backend/jtd_shop/.venv/lib/python3.10/site-packages/django/views/debug.py", line 102, in get_caller
    resolver_match = resolve(request.path)
  File "/data/jtd_backend/jtd_shop/.venv/lib/python3.10/site-packages/django/urls/base.py", line 25, in resolve
    return get_resolver(urlconf).resolve(path)
  File "/data/jtd_backend/jtd_shop/.venv/lib/python3.10/site-packages/django/urls/resolvers.py", line 666, in resolve
    for pattern in self.url_patterns:
  File "/data/jtd_backend/jtd_shop/.venv/lib/python3.10/site-packages/django/utils/functional.py", line 47, in __get__
    res = instance.__dict__[self.name] = self.func(instance)
  File "/data/jtd_backend/jtd_shop/.venv/lib/python3.10/site-packages/django/urls/resolvers.py", line 718, in url_patterns
    patterns = getattr(self.urlconf_module, "urlpatterns", self.urlconf_module)
  File "/data/jtd_backend/jtd_shop/.venv/lib/python3.10/site-packages/django/utils/functional.py", line 47, in __get__
    res = instance.__dict__[self.name] = self.func(instance)
  File "/data/jtd_backend/jtd_shop/.venv/lib/python3.10/site-packages/django/urls/resolvers.py", line 711, in urlconf_module
    return import_module(self.urlconf_name)
  File "/usr/lib/python3.10/importlib/__init__.py", line 126, in import_module
    return _bootstrap._gcd_import(name[level:], package, level)
  File "<frozen importlib._bootstrap>", line 1050, in _gcd_import
  File "<frozen importlib._bootstrap>", line 1027, in _find_and_load
  File "<frozen importlib._bootstrap>", line 1006, in _find_and_load_unlocked
  File "<frozen importlib._bootstrap>", line 688, in _load_unlocked
  File "<frozen importlib._bootstrap_external>", line 883, in exec_module
  File "<frozen importlib._bootstrap>", line 241, in _call_with_frames_removed
  File "/data/jtd_backend/jtd_shop/App_backend/urls.py", line 47, in <module>
    path('wechat/', include('wechat_auth.urls')),
  File "/data/jtd_backend/jtd_shop/.venv/lib/python3.10/site-packages/django/urls/conf.py", line 39, in include
    urlconf_module = import_module(urlconf_module)
  File "/usr/lib/python3.10/importlib/__init__.py", line 126, in import_module
    return _bootstrap._gcd_import(name[level:], package, level)
  File "<frozen importlib._bootstrap>", line 1050, in _gcd_import
  File "<frozen importlib._bootstrap>", line 1027, in _find_and_load
  File "<frozen importlib._bootstrap>", line 1006, in _find_and_load_unlocked
  File "<frozen importlib._bootstrap>", line 688, in _load_unlocked
  File "<frozen importlib._bootstrap_external>", line 883, in exec_module
  File "<frozen importlib._bootstrap>", line 241, in _call_with_frames_removed
  File "/data/jtd_backend/jtd_shop/wechat_auth/urls.py", line 5, in <module>
    from . import views
  File "/data/jtd_backend/jtd_shop/wechat_auth/views.py", line 7, in <module>
    from .services import WechatAuthService
  File "/data/jtd_backend/jtd_shop/wechat_auth/services.py", line 7, in <module>
    from .models import WechatUser, WechatSession
  File "/data/jtd_backend/jtd_shop/wechat_auth/models.py", line 5, in <module>
    class WechatUser(models.Model):
  File "/data/jtd_backend/jtd_shop/.venv/lib/python3.10/site-packages/django/db/models/base.py", line 136, in __new__
    raise RuntimeError(
RuntimeError: Model class wechat_auth.models.WechatUser doesn't declare an explicit app_label and isn't in an application in INSTALLED_APPS.

During handling of the above exception, another exception occurred:

Traceback (most recent call last):
  File "/data/jtd_backend/jtd_shop/.venv/lib/python3.10/site-packages/django/core/handlers/exception.py", line 55, in inner
    response = get_response(request)
  File "/data/jtd_backend/jtd_shop/.venv/lib/python3.10/site-packages/django/utils/deprecation.py", line 120, in __call__
    response = response or self.get_response(request)
  File "/data/jtd_backend/jtd_shop/.venv/lib/python3.10/site-packages/django/core/handlers/exception.py", line 57, in inner
    response = response_for_exception(request, exc)
  File "/data/jtd_backend/jtd_shop/.venv/lib/python3.10/site-packages/django/core/handlers/exception.py", line 141, in response_for_exception
    response = handle_uncaught_exception(
  File "/data/jtd_backend/jtd_shop/.venv/lib/python3.10/site-packages/django/core/handlers/exception.py", line 182, in handle_uncaught_exception
    return debug.technical_500_response(request, *exc_info)
  File "/data/jtd_backend/jtd_shop/.venv/lib/python3.10/site-packages/django/views/debug.py", line 69, in technical_500_response
    html = reporter.get_traceback_html()
  File "/data/jtd_backend/jtd_shop/.venv/lib/python3.10/site-packages/django/views/debug.py", line 428, in get_traceback_html
    c = Context(self.get_traceback_data(), use_l10n=False)
  File "/data/jtd_backend/jtd_shop/.venv/lib/python3.10/site-packages/django/views/debug.py", line 411, in get_traceback_data
    c["raising_view_name"] = get_caller(self.request)
  File "/data/jtd_backend/jtd_shop/.venv/lib/python3.10/site-packages/django/views/debug.py", line 102, in get_caller
    resolver_match = resolve(request.path)
  File "/data/jtd_backend/jtd_shop/.venv/lib/python3.10/site-packages/django/urls/base.py", line 25, in resolve
    return get_resolver(urlconf).resolve(path)
  File "/data/jtd_backend/jtd_shop/.venv/lib/python3.10/site-packages/django/urls/resolvers.py", line 666, in resolve
    for pattern in self.url_patterns:
  File "/data/jtd_backend/jtd_shop/.venv/lib/python3.10/site-packages/django/utils/functional.py", line 47, in __get__
    res = instance.__dict__[self.name] = self.func(instance)
  File "/data/jtd_backend/jtd_shop/.venv/lib/python3.10/site-packages/django/urls/resolvers.py", line 718, in url_patterns
    patterns = getattr(self.urlconf_module, "urlpatterns", self.urlconf_module)
  File "/data/jtd_backend/jtd_shop/.venv/lib/python3.10/site-packages/django/utils/functional.py", line 47, in __get__
    res = instance.__dict__[self.name] = self.func(instance)
  File "/data/jtd_backend/jtd_shop/.venv/lib/python3.10/site-packages/django/urls/resolvers.py", line 711, in urlconf_module
    return import_module(self.urlconf_name)
  File "/usr/lib/python3.10/importlib/__init__.py", line 126, in import_module
    return _bootstrap._gcd_import(name[level:], package, level)
  File "<frozen importlib._bootstrap>", line 1050, in _gcd_import
  File "<frozen importlib._bootstrap>", line 1027, in _find_and_load
  File "<frozen importlib._bootstrap>", line 1006, in _find_and_load_unlocked
  File "<frozen importlib._bootstrap>", line 688, in _load_unlocked
  File "<frozen importlib._bootstrap_external>", line 883, in exec_module
  File "<frozen importlib._bootstrap>", line 241, in _call_with_frames_removed
  File "/data/jtd_backend/jtd_shop/App_backend/urls.py", line 47, in <module>
    path('wechat/', include('wechat_auth.urls')),
  File "/data/jtd_backend/jtd_shop/.venv/lib/python3.10/site-packages/django/urls/conf.py", line 39, in include
    urlconf_module = import_module(urlconf_module)
  File "/usr/lib/python3.10/importlib/__init__.py", line 126, in import_module
    return _bootstrap._gcd_import(name[level:], package, level)
  File "<frozen importlib._bootstrap>", line 1050, in _gcd_import
  File "<frozen importlib._bootstrap>", line 1027, in _find_and_load
  File "<frozen importlib._bootstrap>", line 1006, in _find_and_load_unlocked
  File "<frozen importlib._bootstrap>", line 688, in _load_unlocked
  File "<frozen importlib._bootstrap_external>", line 883, in exec_module
  File "<frozen importlib._bootstrap>", line 241, in _call_with_frames_removed
  File "/data/jtd_backend/jtd_shop/wechat_auth/urls.py", line 5, in <module>
    from . import views
  File "/data/jtd_backend/jtd_shop/wechat_auth/views.py", line 7, in <module>
    from .services import WechatAuthService
  File "/data/jtd_backend/jtd_shop/wechat_auth/services.py", line 7, in <module>
    from .models import WechatUser, WechatSession
  File "/data/jtd_backend/jtd_shop/wechat_auth/models.py", line 5, in <module>
    class WechatUser(models.Model):
  File "/data/jtd_backend/jtd_shop/.venv/lib/python3.10/site-packages/django/db/models/base.py", line 136, in __new__
    raise RuntimeError(
RuntimeError: Model class wechat_auth.models.WechatUser doesn't declare an explicit app_label and isn't in an application in INSTALLED_APPS.

During handling of the above exception, another exception occurred:

Traceback (most recent call last):
  File "/data/jtd_backend/jtd_shop/.venv/lib/python3.10/site-packages/django/core/handlers/exception.py", line 55, in inner
    response = get_response(request)
  File "/data/jtd_backend/jtd_shop/.venv/lib/python3.10/site-packages/django/utils/deprecation.py", line 120, in __call__
    response = response or self.get_response(request)
  File "/data/jtd_backend/jtd_shop/.venv/lib/python3.10/site-packages/django/core/handlers/exception.py", line 57, in inner
    response = response_for_exception(request, exc)
  File "/data/jtd_backend/jtd_shop/.venv/lib/python3.10/site-packages/django/core/handlers/exception.py", line 141, in response_for_exception
    response = handle_uncaught_exception(
  File "/data/jtd_backend/jtd_shop/.venv/lib/python3.10/site-packages/django/core/handlers/exception.py", line 182, in handle_uncaught_exception
    return debug.technical_500_response(request, *exc_info)
  File "/data/jtd_backend/jtd_shop/.venv/lib/python3.10/site-packages/django/views/debug.py", line 69, in technical_500_response
    html = reporter.get_traceback_html()
  File "/data/jtd_backend/jtd_shop/.venv/lib/python3.10/site-packages/django/views/debug.py", line 428, in get_traceback_html
    c = Context(self.get_traceback_data(), use_l10n=False)
  File "/data/jtd_backend/jtd_shop/.venv/lib/python3.10/site-packages/django/views/debug.py", line 411, in get_traceback_data
    c["raising_view_name"] = get_caller(self.request)
  File "/data/jtd_backend/jtd_shop/.venv/lib/python3.10/site-packages/django/views/debug.py", line 102, in get_caller
    resolver_match = resolve(request.path)
  File "/data/jtd_backend/jtd_shop/.venv/lib/python3.10/site-packages/django/urls/base.py", line 25, in resolve
    return get_resolver(urlconf).resolve(path)
  File "/data/jtd_backend/jtd_shop/.venv/lib/python3.10/site-packages/django/urls/resolvers.py", line 666, in resolve
    for pattern in self.url_patterns:
  File "/data/jtd_backend/jtd_shop/.venv/lib/python3.10/site-packages/django/utils/functional.py", line 47, in __get__
    res = instance.__dict__[self.name] = self.func(instance)
  File "/data/jtd_backend/jtd_shop/.venv/lib/python3.10/site-packages/django/urls/resolvers.py", line 718, in url_patterns
    patterns = getattr(self.urlconf_module, "urlpatterns", self.urlconf_module)
  File "/data/jtd_backend/jtd_shop/.venv/lib/python3.10/site-packages/django/utils/functional.py", line 47, in __get__
    res = instance.__dict__[self.name] = self.func(instance)
  File "/data/jtd_backend/jtd_shop/.venv/lib/python3.10/site-packages/django/urls/resolvers.py", line 711, in urlconf_module
    return import_module(self.urlconf_name)
  File "/usr/lib/python3.10/importlib/__init__.py", line 126, in import_module
    return _bootstrap._gcd_import(name[level:], package, level)
  File "<frozen importlib._bootstrap>", line 1050, in _gcd_import
  File "<frozen importlib._bootstrap>", line 1027, in _find_and_load
  File "<frozen importlib._bootstrap>", line 1006, in _find_and_load_unlocked
  File "<frozen importlib._bootstrap>", line 688, in _load_unlocked
  File "<frozen importlib._bootstrap_external>", line 883, in exec_module
  File "<frozen importlib._bootstrap>", line 241, in _call_with_frames_removed
  File "/data/jtd_backend/jtd_shop/App_backend/urls.py", line 47, in <module>
    path('wechat/', include('wechat_auth.urls')),
  File "/data/jtd_backend/jtd_shop/.venv/lib/python3.10/site-packages/django/urls/conf.py", line 39, in include
    urlconf_module = import_module(urlconf_module)
  File "/usr/lib/python3.10/importlib/__init__.py", line 126, in import_module
    return _bootstrap._gcd_import(name[level:], package, level)
  File "<frozen importlib._bootstrap>", line 1050, in _gcd_import
  File "<frozen importlib._bootstrap>", line 1027, in _find_and_load
  File "<frozen importlib._bootstrap>", line 1006, in _find_and_load_unlocked
  File "<frozen importlib._bootstrap>", line 688, in _load_unlocked
  File "<frozen importlib._bootstrap_external>", line 883, in exec_module
  File "<frozen importlib._bootstrap>", line 241, in _call_with_frames_removed
  File "/data/jtd_backend/jtd_shop/wechat_auth/urls.py", line 5, in <module>
    from . import views
  File "/data/jtd_backend/jtd_shop/wechat_auth/views.py", line 7, in <module>
    from .services import WechatAuthService
  File "/data/jtd_backend/jtd_shop/wechat_auth/services.py", line 7, in <module>
    from .models import WechatUser, WechatSession
  File "/data/jtd_backend/jtd_shop/wechat_auth/models.py", line 5, in <module>
    class WechatUser(models.Model):
  File "/data/jtd_backend/jtd_shop/.venv/lib/python3.10/site-packages/django/db/models/base.py", line 136, in __new__
    raise RuntimeError(
RuntimeError: Model class wechat_auth.models.WechatUser doesn't declare an explicit app_label and isn't in an application in INSTALLED_APPS.

During handling of the above exception, another exception occurred:

Traceback (most recent call last):
  File "/data/jtd_backend/jtd_shop/.venv/lib/python3.10/site-packages/django/core/handlers/exception.py", line 55, in inner
    response = get_response(request)
  File "/data/jtd_backend/jtd_shop/.venv/lib/python3.10/site-packages/corsheaders/middleware.py", line 56, in __call__
    result = self.get_response(request)
  File "/data/jtd_backend/jtd_shop/.venv/lib/python3.10/site-packages/django/core/handlers/exception.py", line 57, in inner
    response = response_for_exception(request, exc)
  File "/data/jtd_backend/jtd_shop/.venv/lib/python3.10/site-packages/django/core/handlers/exception.py", line 141, in response_for_exception
    response = handle_uncaught_exception(
  File "/data/jtd_backend/jtd_shop/.venv/lib/python3.10/site-packages/django/core/handlers/exception.py", line 182, in handle_uncaught_exception
    return debug.technical_500_response(request, *exc_info)
  File "/data/jtd_backend/jtd_shop/.venv/lib/python3.10/site-packages/django/views/debug.py", line 69, in technical_500_response
    html = reporter.get_traceback_html()
  File "/data/jtd_backend/jtd_shop/.venv/lib/python3.10/site-packages/django/views/debug.py", line 428, in get_traceback_html
    c = Context(self.get_traceback_data(), use_l10n=False)
  File "/data/jtd_backend/jtd_shop/.venv/lib/python3.10/site-packages/django/views/debug.py", line 411, in get_traceback_data
    c["raising_view_name"] = get_caller(self.request)
  File "/data/jtd_backend/jtd_shop/.venv/lib/python3.10/site-packages/django/views/debug.py", line 102, in get_caller
    resolver_match = resolve(request.path)
  File "/data/jtd_backend/jtd_shop/.venv/lib/python3.10/site-packages/django/urls/base.py", line 25, in resolve
    return get_resolver(urlconf).resolve(path)
  File "/data/jtd_backend/jtd_shop/.venv/lib/python3.10/site-packages/django/urls/resolvers.py", line 666, in resolve
    for pattern in self.url_patterns:
  File "/data/jtd_backend/jtd_shop/.venv/lib/python3.10/site-packages/django/utils/functional.py", line 47, in __get__
    res = instance.__dict__[self.name] = self.func(instance)
  File "/data/jtd_backend/jtd_shop/.venv/lib/python3.10/site-packages/django/urls/resolvers.py", line 718, in url_patterns
    patterns = getattr(self.urlconf_module, "urlpatterns", self.urlconf_module)
  File "/data/jtd_backend/jtd_shop/.venv/lib/python3.10/site-packages/django/utils/functional.py", line 47, in __get__
    res = instance.__dict__[self.name] = self.func(instance)
  File "/data/jtd_backend/jtd_shop/.venv/lib/python3.10/site-packages/django/urls/resolvers.py", line 711, in urlconf_module
    return import_module(self.urlconf_name)
  File "/usr/lib/python3.10/importlib/__init__.py", line 126, in import_module
    return _bootstrap._gcd_import(name[level:], package, level)
  File "<frozen importlib._bootstrap>", line 1050, in _gcd_import
  File "<frozen importlib._bootstrap>", line 1027, in _find_and_load
  File "<frozen importlib._bootstrap>", line 1006, in _find_and_load_unlocked
  File "<frozen importlib._bootstrap>", line 688, in _load_unlocked
  File "<frozen importlib._bootstrap_external>", line 883, in exec_module
  File "<frozen importlib._bootstrap>", line 241, in _call_with_frames_removed
  File "/data/jtd_backend/jtd_shop/App_backend/urls.py", line 47, in <module>
    path('wechat/', include('wechat_auth.urls')),
  File "/data/jtd_backend/jtd_shop/.venv/lib/python3.10/site-packages/django/urls/conf.py", line 39, in include
    urlconf_module = import_module(urlconf_module)
  File "/usr/lib/python3.10/importlib/__init__.py", line 126, in import_module
    return _bootstrap._gcd_import(name[level:], package, level)
  File "<frozen importlib._bootstrap>", line 1050, in _gcd_import
  File "<frozen importlib._bootstrap>", line 1027, in _find_and_load
  File "<frozen importlib._bootstrap>", line 1006, in _find_and_load_unlocked
  File "<frozen importlib._bootstrap>", line 688, in _load_unlocked
  File "<frozen importlib._bootstrap_external>", line 883, in exec_module
  File "<frozen importlib._bootstrap>", line 241, in _call_with_frames_removed
  File "/data/jtd_backend/jtd_shop/wechat_auth/urls.py", line 5, in <module>
    from . import views
  File "/data/jtd_backend/jtd_shop/wechat_auth/views.py", line 7, in <module>
    from .services import WechatAuthService
  File "/data/jtd_backend/jtd_shop/wechat_auth/services.py", line 7, in <module>
    from .models import WechatUser, WechatSession
  File "/data/jtd_backend/jtd_shop/wechat_auth/models.py", line 5, in <module>
    class WechatUser(models.Model):
  File "/data/jtd_backend/jtd_shop/.venv/lib/python3.10/site-packages/django/db/models/base.py", line 136, in __new__
    raise RuntimeError(
RuntimeError: Model class wechat_auth.models.WechatUser doesn't declare an explicit app_label and isn't in an application in INSTALLED_APPS.

During handling of the above exception, another exception occurred:

Traceback (most recent call last):
  File "/data/jtd_backend/jtd_shop/.venv/lib/python3.10/site-packages/gunicorn/workers/sync.py", line 134, in handle
    self.handle_request(listener, req, client, addr)
  File "/data/jtd_backend/jtd_shop/.venv/lib/python3.10/site-packages/gunicorn/workers/sync.py", line 177, in handle_request
    respiter = self.wsgi(environ, resp.start_response)
  File "/data/jtd_backend/jtd_shop/.venv/lib/python3.10/site-packages/django/core/handlers/wsgi.py", line 124, in __call__
    response = self.get_response(request)
  File "/data/jtd_backend/jtd_shop/.venv/lib/python3.10/site-packages/django/core/handlers/base.py", line 140, in get_response
    response = self._middleware_chain(request)
  File "/data/jtd_backend/jtd_shop/.venv/lib/python3.10/site-packages/django/core/handlers/exception.py", line 57, in inner
    response = response_for_exception(request, exc)
  File "/data/jtd_backend/jtd_shop/.venv/lib/python3.10/site-packages/django/core/handlers/exception.py", line 141, in response_for_exception
    response = handle_uncaught_exception(
  File "/data/jtd_backend/jtd_shop/.venv/lib/python3.10/site-packages/django/core/handlers/exception.py", line 182, in handle_uncaught_exception
    return debug.technical_500_response(request, *exc_info)
  File "/data/jtd_backend/jtd_shop/.venv/lib/python3.10/site-packages/django/views/debug.py", line 69, in technical_500_response
    html = reporter.get_traceback_html()
  File "/data/jtd_backend/jtd_shop/.venv/lib/python3.10/site-packages/django/views/debug.py", line 428, in get_traceback_html
    c = Context(self.get_traceback_data(), use_l10n=False)
  File "/data/jtd_backend/jtd_shop/.venv/lib/python3.10/site-packages/django/views/debug.py", line 411, in get_traceback_data
    c["raising_view_name"] = get_caller(self.request)
  File "/data/jtd_backend/jtd_shop/.venv/lib/python3.10/site-packages/django/views/debug.py", line 102, in get_caller
    resolver_match = resolve(request.path)
  File "/data/jtd_backend/jtd_shop/.venv/lib/python3.10/site-packages/django/urls/base.py", line 25, in resolve
    return get_resolver(urlconf).resolve(path)
  File "/data/jtd_backend/jtd_shop/.venv/lib/python3.10/site-packages/django/urls/resolvers.py", line 666, in resolve
    for pattern in self.url_patterns:
  File "/data/jtd_backend/jtd_shop/.venv/lib/python3.10/site-packages/django/utils/functional.py", line 47, in __get__
    res = instance.__dict__[self.name] = self.func(instance)
  File "/data/jtd_backend/jtd_shop/.venv/lib/python3.10/site-packages/django/urls/resolvers.py", line 718, in url_patterns
    patterns = getattr(self.urlconf_module, "urlpatterns", self.urlconf_module)
  File "/data/jtd_backend/jtd_shop/.venv/lib/python3.10/site-packages/django/utils/functional.py", line 47, in __get__
    res = instance.__dict__[self.name] = self.func(instance)
  File "/data/jtd_backend/jtd_shop/.venv/lib/python3.10/site-packages/django/urls/resolvers.py", line 711, in urlconf_module
    return import_module(self.urlconf_name)
  File "/usr/lib/python3.10/importlib/__init__.py", line 126, in import_module
    return _bootstrap._gcd_import(name[level:], package, level)
  File "<frozen importlib._bootstrap>", line 1050, in _gcd_import
  File "<frozen importlib._bootstrap>", line 1027, in _find_and_load
  File "<frozen importlib._bootstrap>", line 1006, in _find_and_load_unlocked
  File "<frozen importlib._bootstrap>", line 688, in _load_unlocked
  File "<frozen importlib._bootstrap_external>", line 883, in exec_module
  File "<frozen importlib._bootstrap>", line 241, in _call_with_frames_removed
  File "/data/jtd_backend/jtd_shop/App_backend/urls.py", line 47, in <module>
    path('wechat/', include('wechat_auth.urls')),
  File "/data/jtd_backend/jtd_shop/.venv/lib/python3.10/site-packages/django/urls/conf.py", line 39, in include
    urlconf_module = import_module(urlconf_module)
  File "/usr/lib/python3.10/importlib/__init__.py", line 126, in import_module
    return _bootstrap._gcd_import(name[level:], package, level)
  File "<frozen importlib._bootstrap>", line 1050, in _gcd_import
  File "<frozen importlib._bootstrap>", line 1027, in _find_and_load
  File "<frozen importlib._bootstrap>", line 1006, in _find_and_load_unlocked
  File "<frozen importlib._bootstrap>", line 688, in _load_unlocked
  File "<frozen importlib._bootstrap_external>", line 883, in exec_module
  File "<frozen importlib._bootstrap>", line 241, in _call_with_frames_removed
  File "/data/jtd_backend/jtd_shop/wechat_auth/urls.py", line 5, in <module>
    from . import views
  File "/data/jtd_backend/jtd_shop/wechat_auth/views.py", line 7, in <module>
    from .services import WechatAuthService
  File "/data/jtd_backend/jtd_shop/wechat_auth/services.py", line 7, in <module>
    from .models import WechatUser, WechatSession
  File "/data/jtd_backend/jtd_shop/wechat_auth/models.py", line 5, in <module>
    class WechatUser(models.Model):
  File "/data/jtd_backend/jtd_shop/.venv/lib/python3.10/site-packages/django/db/models/base.py", line 136, in __new__
    raise RuntimeError(
RuntimeError: Model class wechat_auth.models.WechatUser doesn't declare an explicit app_label and isn't in an application in INSTALLED_APPS.
[2025-08-21 06:13:00 +0000] [1375] [ERROR] Error handling request /favicon.ico
Traceback (most recent call last):
  File "/data/jtd_backend/jtd_shop/.venv/lib/python3.10/site-packages/django/core/handlers/exception.py", line 55, in inner
    response = get_response(request)
  File "/data/jtd_backend/jtd_shop/.venv/lib/python3.10/site-packages/django/core/handlers/base.py", line 181, in _get_response
    callback, callback_args, callback_kwargs = self.resolve_request(request)
  File "/data/jtd_backend/jtd_shop/.venv/lib/python3.10/site-packages/django/core/handlers/base.py", line 313, in resolve_request
    resolver_match = resolver.resolve(request.path_info)
  File "/data/jtd_backend/jtd_shop/.venv/lib/python3.10/site-packages/django/urls/resolvers.py", line 666, in resolve
    for pattern in self.url_patterns:
  File "/data/jtd_backend/jtd_shop/.venv/lib/python3.10/site-packages/django/utils/functional.py", line 47, in __get__
    res = instance.__dict__[self.name] = self.func(instance)
  File "/data/jtd_backend/jtd_shop/.venv/lib/python3.10/site-packages/django/urls/resolvers.py", line 718, in url_patterns
    patterns = getattr(self.urlconf_module, "urlpatterns", self.urlconf_module)
  File "/data/jtd_backend/jtd_shop/.venv/lib/python3.10/site-packages/django/utils/functional.py", line 47, in __get__
    res = instance.__dict__[self.name] = self.func(instance)
  File "/data/jtd_backend/jtd_shop/.venv/lib/python3.10/site-packages/django/urls/resolvers.py", line 711, in urlconf_module
    return import_module(self.urlconf_name)
  File "/usr/lib/python3.10/importlib/__init__.py", line 126, in import_module
    return _bootstrap._gcd_import(name[level:], package, level)
  File "<frozen importlib._bootstrap>", line 1050, in _gcd_import
  File "<frozen importlib._bootstrap>", line 1027, in _find_and_load
  File "<frozen importlib._bootstrap>", line 1006, in _find_and_load_unlocked
  File "<frozen importlib._bootstrap>", line 688, in _load_unlocked
  File "<frozen importlib._bootstrap_external>", line 883, in exec_module
  File "<frozen importlib._bootstrap>", line 241, in _call_with_frames_removed
  File "/data/jtd_backend/jtd_shop/App_backend/urls.py", line 47, in <module>
    path('wechat/', include('wechat_auth.urls')),
  File "/data/jtd_backend/jtd_shop/.venv/lib/python3.10/site-packages/django/urls/conf.py", line 39, in include
    urlconf_module = import_module(urlconf_module)
  File "/usr/lib/python3.10/importlib/__init__.py", line 126, in import_module
    return _bootstrap._gcd_import(name[level:], package, level)
  File "<frozen importlib._bootstrap>", line 1050, in _gcd_import
  File "<frozen importlib._bootstrap>", line 1027, in _find_and_load
  File "<frozen importlib._bootstrap>", line 1006, in _find_and_load_unlocked
  File "<frozen importlib._bootstrap>", line 688, in _load_unlocked
  File "<frozen importlib._bootstrap_external>", line 883, in exec_module
  File "<frozen importlib._bootstrap>", line 241, in _call_with_frames_removed
  File "/data/jtd_backend/jtd_shop/wechat_auth/urls.py", line 5, in <module>
    from . import views
  File "/data/jtd_backend/jtd_shop/wechat_auth/views.py", line 7, in <module>
    from .services import WechatAuthService
  File "/data/jtd_backend/jtd_shop/wechat_auth/services.py", line 7, in <module>
    from .models import WechatUser, WechatSession
  File "/data/jtd_backend/jtd_shop/wechat_auth/models.py", line 5, in <module>
    class WechatUser(models.Model):
  File "/data/jtd_backend/jtd_shop/.venv/lib/python3.10/site-packages/django/db/models/base.py", line 136, in __new__
    raise RuntimeError(
RuntimeError: Model class wechat_auth.models.WechatUser doesn't declare an explicit app_label and isn't in an application in INSTALLED_APPS.

During handling of the above exception, another exception occurred:

Traceback (most recent call last):
  File "/data/jtd_backend/jtd_shop/.venv/lib/python3.10/site-packages/django/core/handlers/exception.py", line 55, in inner
    response = get_response(request)
  File "/data/jtd_backend/jtd_shop/.venv/lib/python3.10/site-packages/django/utils/deprecation.py", line 120, in __call__
    response = response or self.get_response(request)
  File "/data/jtd_backend/jtd_shop/.venv/lib/python3.10/site-packages/django/core/handlers/exception.py", line 57, in inner
    response = response_for_exception(request, exc)
  File "/data/jtd_backend/jtd_shop/.venv/lib/python3.10/site-packages/django/core/handlers/exception.py", line 141, in response_for_exception
    response = handle_uncaught_exception(
  File "/data/jtd_backend/jtd_shop/.venv/lib/python3.10/site-packages/django/core/handlers/exception.py", line 182, in handle_uncaught_exception
    return debug.technical_500_response(request, *exc_info)
  File "/data/jtd_backend/jtd_shop/.venv/lib/python3.10/site-packages/django/views/debug.py", line 69, in technical_500_response
    html = reporter.get_traceback_html()
  File "/data/jtd_backend/jtd_shop/.venv/lib/python3.10/site-packages/django/views/debug.py", line 428, in get_traceback_html
    c = Context(self.get_traceback_data(), use_l10n=False)
  File "/data/jtd_backend/jtd_shop/.venv/lib/python3.10/site-packages/django/views/debug.py", line 411, in get_traceback_data
    c["raising_view_name"] = get_caller(self.request)
  File "/data/jtd_backend/jtd_shop/.venv/lib/python3.10/site-packages/django/views/debug.py", line 102, in get_caller
    resolver_match = resolve(request.path)
  File "/data/jtd_backend/jtd_shop/.venv/lib/python3.10/site-packages/django/urls/base.py", line 25, in resolve
    return get_resolver(urlconf).resolve(path)
  File "/data/jtd_backend/jtd_shop/.venv/lib/python3.10/site-packages/django/urls/resolvers.py", line 666, in resolve
    for pattern in self.url_patterns:
  File "/data/jtd_backend/jtd_shop/.venv/lib/python3.10/site-packages/django/utils/functional.py", line 47, in __get__
    res = instance.__dict__[self.name] = self.func(instance)
  File "/data/jtd_backend/jtd_shop/.venv/lib/python3.10/site-packages/django/urls/resolvers.py", line 718, in url_patterns
    patterns = getattr(self.urlconf_module, "urlpatterns", self.urlconf_module)
  File "/data/jtd_backend/jtd_shop/.venv/lib/python3.10/site-packages/django/utils/functional.py", line 47, in __get__
    res = instance.__dict__[self.name] = self.func(instance)
  File "/data/jtd_backend/jtd_shop/.venv/lib/python3.10/site-packages/django/urls/resolvers.py", line 711, in urlconf_module
    return import_module(self.urlconf_name)
  File "/usr/lib/python3.10/importlib/__init__.py", line 126, in import_module
    return _bootstrap._gcd_import(name[level:], package, level)
  File "<frozen importlib._bootstrap>", line 1050, in _gcd_import
  File "<frozen importlib._bootstrap>", line 1027, in _find_and_load
  File "<frozen importlib._bootstrap>", line 1006, in _find_and_load_unlocked
  File "<frozen importlib._bootstrap>", line 688, in _load_unlocked
  File "<frozen importlib._bootstrap_external>", line 883, in exec_module
  File "<frozen importlib._bootstrap>", line 241, in _call_with_frames_removed
  File "/data/jtd_backend/jtd_shop/App_backend/urls.py", line 47, in <module>
    path('wechat/', include('wechat_auth.urls')),
  File "/data/jtd_backend/jtd_shop/.venv/lib/python3.10/site-packages/django/urls/conf.py", line 39, in include
    urlconf_module = import_module(urlconf_module)
  File "/usr/lib/python3.10/importlib/__init__.py", line 126, in import_module
    return _bootstrap._gcd_import(name[level:], package, level)
  File "<frozen importlib._bootstrap>", line 1050, in _gcd_import
  File "<frozen importlib._bootstrap>", line 1027, in _find_and_load
  File "<frozen importlib._bootstrap>", line 1006, in _find_and_load_unlocked
  File "<frozen importlib._bootstrap>", line 688, in _load_unlocked
  File "<frozen importlib._bootstrap_external>", line 883, in exec_module
  File "<frozen importlib._bootstrap>", line 241, in _call_with_frames_removed
  File "/data/jtd_backend/jtd_shop/wechat_auth/urls.py", line 5, in <module>
    from . import views
  File "/data/jtd_backend/jtd_shop/wechat_auth/views.py", line 7, in <module>
    from .services import WechatAuthService
  File "/data/jtd_backend/jtd_shop/wechat_auth/services.py", line 7, in <module>
    from .models import WechatUser, WechatSession
  File "/data/jtd_backend/jtd_shop/wechat_auth/models.py", line 5, in <module>
    class WechatUser(models.Model):
  File "/data/jtd_backend/jtd_shop/.venv/lib/python3.10/site-packages/django/db/models/base.py", line 136, in __new__
    raise RuntimeError(
RuntimeError: Model class wechat_auth.models.WechatUser doesn't declare an explicit app_label and isn't in an application in INSTALLED_APPS.

During handling of the above exception, another exception occurred:

Traceback (most recent call last):
  File "/data/jtd_backend/jtd_shop/.venv/lib/python3.10/site-packages/django/core/handlers/exception.py", line 55, in inner
    response = get_response(request)
  File "/data/jtd_backend/jtd_shop/.venv/lib/python3.10/site-packages/django/utils/deprecation.py", line 120, in __call__
    response = response or self.get_response(request)
  File "/data/jtd_backend/jtd_shop/.venv/lib/python3.10/site-packages/django/core/handlers/exception.py", line 57, in inner
    response = response_for_exception(request, exc)
  File "/data/jtd_backend/jtd_shop/.venv/lib/python3.10/site-packages/django/core/handlers/exception.py", line 141, in response_for_exception
    response = handle_uncaught_exception(
  File "/data/jtd_backend/jtd_shop/.venv/lib/python3.10/site-packages/django/core/handlers/exception.py", line 182, in handle_uncaught_exception
    return debug.technical_500_response(request, *exc_info)
  File "/data/jtd_backend/jtd_shop/.venv/lib/python3.10/site-packages/django/views/debug.py", line 69, in technical_500_response
    html = reporter.get_traceback_html()
  File "/data/jtd_backend/jtd_shop/.venv/lib/python3.10/site-packages/django/views/debug.py", line 428, in get_traceback_html
    c = Context(self.get_traceback_data(), use_l10n=False)
  File "/data/jtd_backend/jtd_shop/.venv/lib/python3.10/site-packages/django/views/debug.py", line 411, in get_traceback_data
    c["raising_view_name"] = get_caller(self.request)
  File "/data/jtd_backend/jtd_shop/.venv/lib/python3.10/site-packages/django/views/debug.py", line 102, in get_caller
    resolver_match = resolve(request.path)
  File "/data/jtd_backend/jtd_shop/.venv/lib/python3.10/site-packages/django/urls/base.py", line 25, in resolve
    return get_resolver(urlconf).resolve(path)
  File "/data/jtd_backend/jtd_shop/.venv/lib/python3.10/site-packages/django/urls/resolvers.py", line 666, in resolve
    for pattern in self.url_patterns:
  File "/data/jtd_backend/jtd_shop/.venv/lib/python3.10/site-packages/django/utils/functional.py", line 47, in __get__
    res = instance.__dict__[self.name] = self.func(instance)
  File "/data/jtd_backend/jtd_shop/.venv/lib/python3.10/site-packages/django/urls/resolvers.py", line 718, in url_patterns
    patterns = getattr(self.urlconf_module, "urlpatterns", self.urlconf_module)
  File "/data/jtd_backend/jtd_shop/.venv/lib/python3.10/site-packages/django/utils/functional.py", line 47, in __get__
    res = instance.__dict__[self.name] = self.func(instance)
  File "/data/jtd_backend/jtd_shop/.venv/lib/python3.10/site-packages/django/urls/resolvers.py", line 711, in urlconf_module
    return import_module(self.urlconf_name)
  File "/usr/lib/python3.10/importlib/__init__.py", line 126, in import_module
    return _bootstrap._gcd_import(name[level:], package, level)
  File "<frozen importlib._bootstrap>", line 1050, in _gcd_import
  File "<frozen importlib._bootstrap>", line 1027, in _find_and_load
  File "<frozen importlib._bootstrap>", line 1006, in _find_and_load_unlocked
  File "<frozen importlib._bootstrap>", line 688, in _load_unlocked
  File "<frozen importlib._bootstrap_external>", line 883, in exec_module
  File "<frozen importlib._bootstrap>", line 241, in _call_with_frames_removed
  File "/data/jtd_backend/jtd_shop/App_backend/urls.py", line 47, in <module>
    path('wechat/', include('wechat_auth.urls')),
  File "/data/jtd_backend/jtd_shop/.venv/lib/python3.10/site-packages/django/urls/conf.py", line 39, in include
    urlconf_module = import_module(urlconf_module)
  File "/usr/lib/python3.10/importlib/__init__.py", line 126, in import_module
    return _bootstrap._gcd_import(name[level:], package, level)
  File "<frozen importlib._bootstrap>", line 1050, in _gcd_import
  File "<frozen importlib._bootstrap>", line 1027, in _find_and_load
  File "<frozen importlib._bootstrap>", line 1006, in _find_and_load_unlocked
  File "<frozen importlib._bootstrap>", line 688, in _load_unlocked
  File "<frozen importlib._bootstrap_external>", line 883, in exec_module
  File "<frozen importlib._bootstrap>", line 241, in _call_with_frames_removed
  File "/data/jtd_backend/jtd_shop/wechat_auth/urls.py", line 5, in <module>
    from . import views
  File "/data/jtd_backend/jtd_shop/wechat_auth/views.py", line 7, in <module>
    from .services import WechatAuthService
  File "/data/jtd_backend/jtd_shop/wechat_auth/services.py", line 7, in <module>
    from .models import WechatUser, WechatSession
  File "/data/jtd_backend/jtd_shop/wechat_auth/models.py", line 5, in <module>
    class WechatUser(models.Model):
  File "/data/jtd_backend/jtd_shop/.venv/lib/python3.10/site-packages/django/db/models/base.py", line 136, in __new__
    raise RuntimeError(
RuntimeError: Model class wechat_auth.models.WechatUser doesn't declare an explicit app_label and isn't in an application in INSTALLED_APPS.

During handling of the above exception, another exception occurred:

Traceback (most recent call last):
  File "/data/jtd_backend/jtd_shop/.venv/lib/python3.10/site-packages/django/core/handlers/exception.py", line 55, in inner
    response = get_response(request)
  File "/data/jtd_backend/jtd_shop/.venv/lib/python3.10/site-packages/django/utils/deprecation.py", line 120, in __call__
    response = response or self.get_response(request)
  File "/data/jtd_backend/jtd_shop/.venv/lib/python3.10/site-packages/django/core/handlers/exception.py", line 57, in inner
    response = response_for_exception(request, exc)
  File "/data/jtd_backend/jtd_shop/.venv/lib/python3.10/site-packages/django/core/handlers/exception.py", line 141, in response_for_exception
    response = handle_uncaught_exception(
  File "/data/jtd_backend/jtd_shop/.venv/lib/python3.10/site-packages/django/core/handlers/exception.py", line 182, in handle_uncaught_exception
    return debug.technical_500_response(request, *exc_info)
  File "/data/jtd_backend/jtd_shop/.venv/lib/python3.10/site-packages/django/views/debug.py", line 69, in technical_500_response
    html = reporter.get_traceback_html()
  File "/data/jtd_backend/jtd_shop/.venv/lib/python3.10/site-packages/django/views/debug.py", line 428, in get_traceback_html
    c = Context(self.get_traceback_data(), use_l10n=False)
  File "/data/jtd_backend/jtd_shop/.venv/lib/python3.10/site-packages/django/views/debug.py", line 411, in get_traceback_data
    c["raising_view_name"] = get_caller(self.request)
  File "/data/jtd_backend/jtd_shop/.venv/lib/python3.10/site-packages/django/views/debug.py", line 102, in get_caller
    resolver_match = resolve(request.path)
  File "/data/jtd_backend/jtd_shop/.venv/lib/python3.10/site-packages/django/urls/base.py", line 25, in resolve
    return get_resolver(urlconf).resolve(path)
  File "/data/jtd_backend/jtd_shop/.venv/lib/python3.10/site-packages/django/urls/resolvers.py", line 666, in resolve
    for pattern in self.url_patterns:
  File "/data/jtd_backend/jtd_shop/.venv/lib/python3.10/site-packages/django/utils/functional.py", line 47, in __get__
    res = instance.__dict__[self.name] = self.func(instance)
  File "/data/jtd_backend/jtd_shop/.venv/lib/python3.10/site-packages/django/urls/resolvers.py", line 718, in url_patterns
    patterns = getattr(self.urlconf_module, "urlpatterns", self.urlconf_module)
  File "/data/jtd_backend/jtd_shop/.venv/lib/python3.10/site-packages/django/utils/functional.py", line 47, in __get__
    res = instance.__dict__[self.name] = self.func(instance)
  File "/data/jtd_backend/jtd_shop/.venv/lib/python3.10/site-packages/django/urls/resolvers.py", line 711, in urlconf_module
    return import_module(self.urlconf_name)
  File "/usr/lib/python3.10/importlib/__init__.py", line 126, in import_module
    return _bootstrap._gcd_import(name[level:], package, level)
  File "<frozen importlib._bootstrap>", line 1050, in _gcd_import
  File "<frozen importlib._bootstrap>", line 1027, in _find_and_load
  File "<frozen importlib._bootstrap>", line 1006, in _find_and_load_unlocked
  File "<frozen importlib._bootstrap>", line 688, in _load_unlocked
  File "<frozen importlib._bootstrap_external>", line 883, in exec_module
  File "<frozen importlib._bootstrap>", line 241, in _call_with_frames_removed
  File "/data/jtd_backend/jtd_shop/App_backend/urls.py", line 47, in <module>
    path('wechat/', include('wechat_auth.urls')),
  File "/data/jtd_backend/jtd_shop/.venv/lib/python3.10/site-packages/django/urls/conf.py", line 39, in include
    urlconf_module = import_module(urlconf_module)
  File "/usr/lib/python3.10/importlib/__init__.py", line 126, in import_module
    return _bootstrap._gcd_import(name[level:], package, level)
  File "<frozen importlib._bootstrap>", line 1050, in _gcd_import
  File "<frozen importlib._bootstrap>", line 1027, in _find_and_load
  File "<frozen importlib._bootstrap>", line 1006, in _find_and_load_unlocked
  File "<frozen importlib._bootstrap>", line 688, in _load_unlocked
  File "<frozen importlib._bootstrap_external>", line 883, in exec_module
  File "<frozen importlib._bootstrap>", line 241, in _call_with_frames_removed
  File "/data/jtd_backend/jtd_shop/wechat_auth/urls.py", line 5, in <module>
    from . import views
  File "/data/jtd_backend/jtd_shop/wechat_auth/views.py", line 7, in <module>
    from .services import WechatAuthService
  File "/data/jtd_backend/jtd_shop/wechat_auth/services.py", line 7, in <module>
    from .models import WechatUser, WechatSession
  File "/data/jtd_backend/jtd_shop/wechat_auth/models.py", line 5, in <module>
    class WechatUser(models.Model):
  File "/data/jtd_backend/jtd_shop/.venv/lib/python3.10/site-packages/django/db/models/base.py", line 136, in __new__
    raise RuntimeError(
RuntimeError: Model class wechat_auth.models.WechatUser doesn't declare an explicit app_label and isn't in an application in INSTALLED_APPS.

During handling of the above exception, another exception occurred:

Traceback (most recent call last):
  File "/data/jtd_backend/jtd_shop/.venv/lib/python3.10/site-packages/django/core/handlers/exception.py", line 55, in inner
    response = get_response(request)
  File "/data/jtd_backend/jtd_shop/.venv/lib/python3.10/site-packages/django/utils/deprecation.py", line 120, in __call__
    response = response or self.get_response(request)
  File "/data/jtd_backend/jtd_shop/.venv/lib/python3.10/site-packages/django/core/handlers/exception.py", line 57, in inner
    response = response_for_exception(request, exc)
  File "/data/jtd_backend/jtd_shop/.venv/lib/python3.10/site-packages/django/core/handlers/exception.py", line 141, in response_for_exception
    response = handle_uncaught_exception(
  File "/data/jtd_backend/jtd_shop/.venv/lib/python3.10/site-packages/django/core/handlers/exception.py", line 182, in handle_uncaught_exception
    return debug.technical_500_response(request, *exc_info)
  File "/data/jtd_backend/jtd_shop/.venv/lib/python3.10/site-packages/django/views/debug.py", line 69, in technical_500_response
    html = reporter.get_traceback_html()
  File "/data/jtd_backend/jtd_shop/.venv/lib/python3.10/site-packages/django/views/debug.py", line 428, in get_traceback_html
    c = Context(self.get_traceback_data(), use_l10n=False)
  File "/data/jtd_backend/jtd_shop/.venv/lib/python3.10/site-packages/django/views/debug.py", line 411, in get_traceback_data
    c["raising_view_name"] = get_caller(self.request)
  File "/data/jtd_backend/jtd_shop/.venv/lib/python3.10/site-packages/django/views/debug.py", line 102, in get_caller
    resolver_match = resolve(request.path)
  File "/data/jtd_backend/jtd_shop/.venv/lib/python3.10/site-packages/django/urls/base.py", line 25, in resolve
    return get_resolver(urlconf).resolve(path)
  File "/data/jtd_backend/jtd_shop/.venv/lib/python3.10/site-packages/django/urls/resolvers.py", line 666, in resolve
    for pattern in self.url_patterns:
  File "/data/jtd_backend/jtd_shop/.venv/lib/python3.10/site-packages/django/utils/functional.py", line 47, in __get__
    res = instance.__dict__[self.name] = self.func(instance)
  File "/data/jtd_backend/jtd_shop/.venv/lib/python3.10/site-packages/django/urls/resolvers.py", line 718, in url_patterns
    patterns = getattr(self.urlconf_module, "urlpatterns", self.urlconf_module)
  File "/data/jtd_backend/jtd_shop/.venv/lib/python3.10/site-packages/django/utils/functional.py", line 47, in __get__
    res = instance.__dict__[self.name] = self.func(instance)
  File "/data/jtd_backend/jtd_shop/.venv/lib/python3.10/site-packages/django/urls/resolvers.py", line 711, in urlconf_module
    return import_module(self.urlconf_name)
  File "/usr/lib/python3.10/importlib/__init__.py", line 126, in import_module
    return _bootstrap._gcd_import(name[level:], package, level)
  File "<frozen importlib._bootstrap>", line 1050, in _gcd_import
  File "<frozen importlib._bootstrap>", line 1027, in _find_and_load
  File "<frozen importlib._bootstrap>", line 1006, in _find_and_load_unlocked
  File "<frozen importlib._bootstrap>", line 688, in _load_unlocked
  File "<frozen importlib._bootstrap_external>", line 883, in exec_module
  File "<frozen importlib._bootstrap>", line 241, in _call_with_frames_removed
  File "/data/jtd_backend/jtd_shop/App_backend/urls.py", line 47, in <module>
    path('wechat/', include('wechat_auth.urls')),
  File "/data/jtd_backend/jtd_shop/.venv/lib/python3.10/site-packages/django/urls/conf.py", line 39, in include
    urlconf_module = import_module(urlconf_module)
  File "/usr/lib/python3.10/importlib/__init__.py", line 126, in import_module
    return _bootstrap._gcd_import(name[level:], package, level)
  File "<frozen importlib._bootstrap>", line 1050, in _gcd_import
  File "<frozen importlib._bootstrap>", line 1027, in _find_and_load
  File "<frozen importlib._bootstrap>", line 1006, in _find_and_load_unlocked
  File "<frozen importlib._bootstrap>", line 688, in _load_unlocked
  File "<frozen importlib._bootstrap_external>", line 883, in exec_module
  File "<frozen importlib._bootstrap>", line 241, in _call_with_frames_removed
  File "/data/jtd_backend/jtd_shop/wechat_auth/urls.py", line 5, in <module>
    from . import views
  File "/data/jtd_backend/jtd_shop/wechat_auth/views.py", line 7, in <module>
    from .services import WechatAuthService
  File "/data/jtd_backend/jtd_shop/wechat_auth/services.py", line 7, in <module>
    from .models import WechatUser, WechatSession
  File "/data/jtd_backend/jtd_shop/wechat_auth/models.py", line 5, in <module>
    class WechatUser(models.Model):
  File "/data/jtd_backend/jtd_shop/.venv/lib/python3.10/site-packages/django/db/models/base.py", line 136, in __new__
    raise RuntimeError(
RuntimeError: Model class wechat_auth.models.WechatUser doesn't declare an explicit app_label and isn't in an application in INSTALLED_APPS.

During handling of the above exception, another exception occurred:

Traceback (most recent call last):
  File "/data/jtd_backend/jtd_shop/.venv/lib/python3.10/site-packages/django/core/handlers/exception.py", line 55, in inner
    response = get_response(request)
  File "/data/jtd_backend/jtd_shop/.venv/lib/python3.10/site-packages/django/utils/deprecation.py", line 120, in __call__
    response = response or self.get_response(request)
  File "/data/jtd_backend/jtd_shop/.venv/lib/python3.10/site-packages/django/core/handlers/exception.py", line 57, in inner
    response = response_for_exception(request, exc)
  File "/data/jtd_backend/jtd_shop/.venv/lib/python3.10/site-packages/django/core/handlers/exception.py", line 141, in response_for_exception
    response = handle_uncaught_exception(
  File "/data/jtd_backend/jtd_shop/.venv/lib/python3.10/site-packages/django/core/handlers/exception.py", line 182, in handle_uncaught_exception
    return debug.technical_500_response(request, *exc_info)
  File "/data/jtd_backend/jtd_shop/.venv/lib/python3.10/site-packages/django/views/debug.py", line 69, in technical_500_response
    html = reporter.get_traceback_html()
  File "/data/jtd_backend/jtd_shop/.venv/lib/python3.10/site-packages/django/views/debug.py", line 428, in get_traceback_html
    c = Context(self.get_traceback_data(), use_l10n=False)
  File "/data/jtd_backend/jtd_shop/.venv/lib/python3.10/site-packages/django/views/debug.py", line 411, in get_traceback_data
    c["raising_view_name"] = get_caller(self.request)
  File "/data/jtd_backend/jtd_shop/.venv/lib/python3.10/site-packages/django/views/debug.py", line 102, in get_caller
    resolver_match = resolve(request.path)
  File "/data/jtd_backend/jtd_shop/.venv/lib/python3.10/site-packages/django/urls/base.py", line 25, in resolve
    return get_resolver(urlconf).resolve(path)
  File "/data/jtd_backend/jtd_shop/.venv/lib/python3.10/site-packages/django/urls/resolvers.py", line 666, in resolve
    for pattern in self.url_patterns:
  File "/data/jtd_backend/jtd_shop/.venv/lib/python3.10/site-packages/django/utils/functional.py", line 47, in __get__
    res = instance.__dict__[self.name] = self.func(instance)
  File "/data/jtd_backend/jtd_shop/.venv/lib/python3.10/site-packages/django/urls/resolvers.py", line 718, in url_patterns
    patterns = getattr(self.urlconf_module, "urlpatterns", self.urlconf_module)
  File "/data/jtd_backend/jtd_shop/.venv/lib/python3.10/site-packages/django/utils/functional.py", line 47, in __get__
    res = instance.__dict__[self.name] = self.func(instance)
  File "/data/jtd_backend/jtd_shop/.venv/lib/python3.10/site-packages/django/urls/resolvers.py", line 711, in urlconf_module
    return import_module(self.urlconf_name)
  File "/usr/lib/python3.10/importlib/__init__.py", line 126, in import_module
    return _bootstrap._gcd_import(name[level:], package, level)
  File "<frozen importlib._bootstrap>", line 1050, in _gcd_import
  File "<frozen importlib._bootstrap>", line 1027, in _find_and_load
  File "<frozen importlib._bootstrap>", line 1006, in _find_and_load_unlocked
  File "<frozen importlib._bootstrap>", line 688, in _load_unlocked
  File "<frozen importlib._bootstrap_external>", line 883, in exec_module
  File "<frozen importlib._bootstrap>", line 241, in _call_with_frames_removed
  File "/data/jtd_backend/jtd_shop/App_backend/urls.py", line 47, in <module>
    path('wechat/', include('wechat_auth.urls')),
  File "/data/jtd_backend/jtd_shop/.venv/lib/python3.10/site-packages/django/urls/conf.py", line 39, in include
    urlconf_module = import_module(urlconf_module)
  File "/usr/lib/python3.10/importlib/__init__.py", line 126, in import_module
    return _bootstrap._gcd_import(name[level:], package, level)
  File "<frozen importlib._bootstrap>", line 1050, in _gcd_import
  File "<frozen importlib._bootstrap>", line 1027, in _find_and_load
  File "<frozen importlib._bootstrap>", line 1006, in _find_and_load_unlocked
  File "<frozen importlib._bootstrap>", line 688, in _load_unlocked
  File "<frozen importlib._bootstrap_external>", line 883, in exec_module
  File "<frozen importlib._bootstrap>", line 241, in _call_with_frames_removed
  File "/data/jtd_backend/jtd_shop/wechat_auth/urls.py", line 5, in <module>
    from . import views
  File "/data/jtd_backend/jtd_shop/wechat_auth/views.py", line 7, in <module>
    from .services import WechatAuthService
  File "/data/jtd_backend/jtd_shop/wechat_auth/services.py", line 7, in <module>
    from .models import WechatUser, WechatSession
  File "/data/jtd_backend/jtd_shop/wechat_auth/models.py", line 5, in <module>
    class WechatUser(models.Model):
  File "/data/jtd_backend/jtd_shop/.venv/lib/python3.10/site-packages/django/db/models/base.py", line 136, in __new__
    raise RuntimeError(
RuntimeError: Model class wechat_auth.models.WechatUser doesn't declare an explicit app_label and isn't in an application in INSTALLED_APPS.

During handling of the above exception, another exception occurred:

Traceback (most recent call last):
  File "/data/jtd_backend/jtd_shop/.venv/lib/python3.10/site-packages/django/core/handlers/exception.py", line 55, in inner
    response = get_response(request)
  File "/data/jtd_backend/jtd_shop/.venv/lib/python3.10/site-packages/django/utils/deprecation.py", line 120, in __call__
    response = response or self.get_response(request)
  File "/data/jtd_backend/jtd_shop/.venv/lib/python3.10/site-packages/django/core/handlers/exception.py", line 57, in inner
    response = response_for_exception(request, exc)
  File "/data/jtd_backend/jtd_shop/.venv/lib/python3.10/site-packages/django/core/handlers/exception.py", line 141, in response_for_exception
    response = handle_uncaught_exception(
  File "/data/jtd_backend/jtd_shop/.venv/lib/python3.10/site-packages/django/core/handlers/exception.py", line 182, in handle_uncaught_exception
    return debug.technical_500_response(request, *exc_info)
  File "/data/jtd_backend/jtd_shop/.venv/lib/python3.10/site-packages/django/views/debug.py", line 69, in technical_500_response
    html = reporter.get_traceback_html()
  File "/data/jtd_backend/jtd_shop/.venv/lib/python3.10/site-packages/django/views/debug.py", line 428, in get_traceback_html
    c = Context(self.get_traceback_data(), use_l10n=False)
  File "/data/jtd_backend/jtd_shop/.venv/lib/python3.10/site-packages/django/views/debug.py", line 411, in get_traceback_data
    c["raising_view_name"] = get_caller(self.request)
  File "/data/jtd_backend/jtd_shop/.venv/lib/python3.10/site-packages/django/views/debug.py", line 102, in get_caller
    resolver_match = resolve(request.path)
  File "/data/jtd_backend/jtd_shop/.venv/lib/python3.10/site-packages/django/urls/base.py", line 25, in resolve
    return get_resolver(urlconf).resolve(path)
  File "/data/jtd_backend/jtd_shop/.venv/lib/python3.10/site-packages/django/urls/resolvers.py", line 666, in resolve
    for pattern in self.url_patterns:
  File "/data/jtd_backend/jtd_shop/.venv/lib/python3.10/site-packages/django/utils/functional.py", line 47, in __get__
    res = instance.__dict__[self.name] = self.func(instance)
  File "/data/jtd_backend/jtd_shop/.venv/lib/python3.10/site-packages/django/urls/resolvers.py", line 718, in url_patterns
    patterns = getattr(self.urlconf_module, "urlpatterns", self.urlconf_module)
  File "/data/jtd_backend/jtd_shop/.venv/lib/python3.10/site-packages/django/utils/functional.py", line 47, in __get__
    res = instance.__dict__[self.name] = self.func(instance)
  File "/data/jtd_backend/jtd_shop/.venv/lib/python3.10/site-packages/django/urls/resolvers.py", line 711, in urlconf_module
    return import_module(self.urlconf_name)
  File "/usr/lib/python3.10/importlib/__init__.py", line 126, in import_module
    return _bootstrap._gcd_import(name[level:], package, level)
  File "<frozen importlib._bootstrap>", line 1050, in _gcd_import
  File "<frozen importlib._bootstrap>", line 1027, in _find_and_load
  File "<frozen importlib._bootstrap>", line 1006, in _find_and_load_unlocked
  File "<frozen importlib._bootstrap>", line 688, in _load_unlocked
  File "<frozen importlib._bootstrap_external>", line 883, in exec_module
  File "<frozen importlib._bootstrap>", line 241, in _call_with_frames_removed
  File "/data/jtd_backend/jtd_shop/App_backend/urls.py", line 47, in <module>
    path('wechat/', include('wechat_auth.urls')),
  File "/data/jtd_backend/jtd_shop/.venv/lib/python3.10/site-packages/django/urls/conf.py", line 39, in include
    urlconf_module = import_module(urlconf_module)
  File "/usr/lib/python3.10/importlib/__init__.py", line 126, in import_module
    return _bootstrap._gcd_import(name[level:], package, level)
  File "<frozen importlib._bootstrap>", line 1050, in _gcd_import
  File "<frozen importlib._bootstrap>", line 1027, in _find_and_load
  File "<frozen importlib._bootstrap>", line 1006, in _find_and_load_unlocked
  File "<frozen importlib._bootstrap>", line 688, in _load_unlocked
  File "<frozen importlib._bootstrap_external>", line 883, in exec_module
  File "<frozen importlib._bootstrap>", line 241, in _call_with_frames_removed
  File "/data/jtd_backend/jtd_shop/wechat_auth/urls.py", line 5, in <module>
    from . import views
  File "/data/jtd_backend/jtd_shop/wechat_auth/views.py", line 7, in <module>
    from .services import WechatAuthService
  File "/data/jtd_backend/jtd_shop/wechat_auth/services.py", line 7, in <module>
    from .models import WechatUser, WechatSession
  File "/data/jtd_backend/jtd_shop/wechat_auth/models.py", line 5, in <module>
    class WechatUser(models.Model):
  File "/data/jtd_backend/jtd_shop/.venv/lib/python3.10/site-packages/django/db/models/base.py", line 136, in __new__
    raise RuntimeError(
RuntimeError: Model class wechat_auth.models.WechatUser doesn't declare an explicit app_label and isn't in an application in INSTALLED_APPS.

During handling of the above exception, another exception occurred:

Traceback (most recent call last):
  File "/data/jtd_backend/jtd_shop/.venv/lib/python3.10/site-packages/django/core/handlers/exception.py", line 55, in inner
    response = get_response(request)
  File "/data/jtd_backend/jtd_shop/.venv/lib/python3.10/site-packages/django/utils/deprecation.py", line 120, in __call__
    response = response or self.get_response(request)
  File "/data/jtd_backend/jtd_shop/.venv/lib/python3.10/site-packages/django/core/handlers/exception.py", line 57, in inner
    response = response_for_exception(request, exc)
  File "/data/jtd_backend/jtd_shop/.venv/lib/python3.10/site-packages/django/core/handlers/exception.py", line 141, in response_for_exception
    response = handle_uncaught_exception(
  File "/data/jtd_backend/jtd_shop/.venv/lib/python3.10/site-packages/django/core/handlers/exception.py", line 182, in handle_uncaught_exception
    return debug.technical_500_response(request, *exc_info)
  File "/data/jtd_backend/jtd_shop/.venv/lib/python3.10/site-packages/django/views/debug.py", line 69, in technical_500_response
    html = reporter.get_traceback_html()
  File "/data/jtd_backend/jtd_shop/.venv/lib/python3.10/site-packages/django/views/debug.py", line 428, in get_traceback_html
    c = Context(self.get_traceback_data(), use_l10n=False)
  File "/data/jtd_backend/jtd_shop/.venv/lib/python3.10/site-packages/django/views/debug.py", line 411, in get_traceback_data
    c["raising_view_name"] = get_caller(self.request)
  File "/data/jtd_backend/jtd_shop/.venv/lib/python3.10/site-packages/django/views/debug.py", line 102, in get_caller
    resolver_match = resolve(request.path)
  File "/data/jtd_backend/jtd_shop/.venv/lib/python3.10/site-packages/django/urls/base.py", line 25, in resolve
    return get_resolver(urlconf).resolve(path)
  File "/data/jtd_backend/jtd_shop/.venv/lib/python3.10/site-packages/django/urls/resolvers.py", line 666, in resolve
    for pattern in self.url_patterns:
  File "/data/jtd_backend/jtd_shop/.venv/lib/python3.10/site-packages/django/utils/functional.py", line 47, in __get__
    res = instance.__dict__[self.name] = self.func(instance)
  File "/data/jtd_backend/jtd_shop/.venv/lib/python3.10/site-packages/django/urls/resolvers.py", line 718, in url_patterns
    patterns = getattr(self.urlconf_module, "urlpatterns", self.urlconf_module)
  File "/data/jtd_backend/jtd_shop/.venv/lib/python3.10/site-packages/django/utils/functional.py", line 47, in __get__
    res = instance.__dict__[self.name] = self.func(instance)
  File "/data/jtd_backend/jtd_shop/.venv/lib/python3.10/site-packages/django/urls/resolvers.py", line 711, in urlconf_module
    return import_module(self.urlconf_name)
  File "/usr/lib/python3.10/importlib/__init__.py", line 126, in import_module
    return _bootstrap._gcd_import(name[level:], package, level)
  File "<frozen importlib._bootstrap>", line 1050, in _gcd_import
  File "<frozen importlib._bootstrap>", line 1027, in _find_and_load
  File "<frozen importlib._bootstrap>", line 1006, in _find_and_load_unlocked
  File "<frozen importlib._bootstrap>", line 688, in _load_unlocked
  File "<frozen importlib._bootstrap_external>", line 883, in exec_module
  File "<frozen importlib._bootstrap>", line 241, in _call_with_frames_removed
  File "/data/jtd_backend/jtd_shop/App_backend/urls.py", line 47, in <module>
    path('wechat/', include('wechat_auth.urls')),
  File "/data/jtd_backend/jtd_shop/.venv/lib/python3.10/site-packages/django/urls/conf.py", line 39, in include
    urlconf_module = import_module(urlconf_module)
  File "/usr/lib/python3.10/importlib/__init__.py", line 126, in import_module
    return _bootstrap._gcd_import(name[level:], package, level)
  File "<frozen importlib._bootstrap>", line 1050, in _gcd_import
  File "<frozen importlib._bootstrap>", line 1027, in _find_and_load
  File "<frozen importlib._bootstrap>", line 1006, in _find_and_load_unlocked
  File "<frozen importlib._bootstrap>", line 688, in _load_unlocked
  File "<frozen importlib._bootstrap_external>", line 883, in exec_module
  File "<frozen importlib._bootstrap>", line 241, in _call_with_frames_removed
  File "/data/jtd_backend/jtd_shop/wechat_auth/urls.py", line 5, in <module>
    from . import views
  File "/data/jtd_backend/jtd_shop/wechat_auth/views.py", line 7, in <module>
    from .services import WechatAuthService
  File "/data/jtd_backend/jtd_shop/wechat_auth/services.py", line 7, in <module>
    from .models import WechatUser, WechatSession
  File "/data/jtd_backend/jtd_shop/wechat_auth/models.py", line 5, in <module>
    class WechatUser(models.Model):
  File "/data/jtd_backend/jtd_shop/.venv/lib/python3.10/site-packages/django/db/models/base.py", line 136, in __new__
    raise RuntimeError(
RuntimeError: Model class wechat_auth.models.WechatUser doesn't declare an explicit app_label and isn't in an application in INSTALLED_APPS.

During handling of the above exception, another exception occurred:

Traceback (most recent call last):
  File "/data/jtd_backend/jtd_shop/.venv/lib/python3.10/site-packages/django/core/handlers/exception.py", line 55, in inner
    response = get_response(request)
  File "/data/jtd_backend/jtd_shop/.venv/lib/python3.10/site-packages/corsheaders/middleware.py", line 56, in __call__
    result = self.get_response(request)
  File "/data/jtd_backend/jtd_shop/.venv/lib/python3.10/site-packages/django/core/handlers/exception.py", line 57, in inner
    response = response_for_exception(request, exc)
  File "/data/jtd_backend/jtd_shop/.venv/lib/python3.10/site-packages/django/core/handlers/exception.py", line 141, in response_for_exception
    response = handle_uncaught_exception(
  File "/data/jtd_backend/jtd_shop/.venv/lib/python3.10/site-packages/django/core/handlers/exception.py", line 182, in handle_uncaught_exception
    return debug.technical_500_response(request, *exc_info)
  File "/data/jtd_backend/jtd_shop/.venv/lib/python3.10/site-packages/django/views/debug.py", line 69, in technical_500_response
    html = reporter.get_traceback_html()
  File "/data/jtd_backend/jtd_shop/.venv/lib/python3.10/site-packages/django/views/debug.py", line 428, in get_traceback_html
    c = Context(self.get_traceback_data(), use_l10n=False)
  File "/data/jtd_backend/jtd_shop/.venv/lib/python3.10/site-packages/django/views/debug.py", line 411, in get_traceback_data
    c["raising_view_name"] = get_caller(self.request)
  File "/data/jtd_backend/jtd_shop/.venv/lib/python3.10/site-packages/django/views/debug.py", line 102, in get_caller
    resolver_match = resolve(request.path)
  File "/data/jtd_backend/jtd_shop/.venv/lib/python3.10/site-packages/django/urls/base.py", line 25, in resolve
    return get_resolver(urlconf).resolve(path)
  File "/data/jtd_backend/jtd_shop/.venv/lib/python3.10/site-packages/django/urls/resolvers.py", line 666, in resolve
    for pattern in self.url_patterns:
  File "/data/jtd_backend/jtd_shop/.venv/lib/python3.10/site-packages/django/utils/functional.py", line 47, in __get__
    res = instance.__dict__[self.name] = self.func(instance)
  File "/data/jtd_backend/jtd_shop/.venv/lib/python3.10/site-packages/django/urls/resolvers.py", line 718, in url_patterns
    patterns = getattr(self.urlconf_module, "urlpatterns", self.urlconf_module)
  File "/data/jtd_backend/jtd_shop/.venv/lib/python3.10/site-packages/django/utils/functional.py", line 47, in __get__
    res = instance.__dict__[self.name] = self.func(instance)
  File "/data/jtd_backend/jtd_shop/.venv/lib/python3.10/site-packages/django/urls/resolvers.py", line 711, in urlconf_module
    return import_module(self.urlconf_name)
  File "/usr/lib/python3.10/importlib/__init__.py", line 126, in import_module
    return _bootstrap._gcd_import(name[level:], package, level)
  File "<frozen importlib._bootstrap>", line 1050, in _gcd_import
  File "<frozen importlib._bootstrap>", line 1027, in _find_and_load
  File "<frozen importlib._bootstrap>", line 1006, in _find_and_load_unlocked
  File "<frozen importlib._bootstrap>", line 688, in _load_unlocked
  File "<frozen importlib._bootstrap_external>", line 883, in exec_module
  File "<frozen importlib._bootstrap>", line 241, in _call_with_frames_removed
  File "/data/jtd_backend/jtd_shop/App_backend/urls.py", line 47, in <module>
    path('wechat/', include('wechat_auth.urls')),
  File "/data/jtd_backend/jtd_shop/.venv/lib/python3.10/site-packages/django/urls/conf.py", line 39, in include
    urlconf_module = import_module(urlconf_module)
  File "/usr/lib/python3.10/importlib/__init__.py", line 126, in import_module
    return _bootstrap._gcd_import(name[level:], package, level)
  File "<frozen importlib._bootstrap>", line 1050, in _gcd_import
  File "<frozen importlib._bootstrap>", line 1027, in _find_and_load
  File "<frozen importlib._bootstrap>", line 1006, in _find_and_load_unlocked
  File "<frozen importlib._bootstrap>", line 688, in _load_unlocked
  File "<frozen importlib._bootstrap_external>", line 883, in exec_module
  File "<frozen importlib._bootstrap>", line 241, in _call_with_frames_removed
  File "/data/jtd_backend/jtd_shop/wechat_auth/urls.py", line 5, in <module>
    from . import views
  File "/data/jtd_backend/jtd_shop/wechat_auth/views.py", line 7, in <module>
    from .services import WechatAuthService
  File "/data/jtd_backend/jtd_shop/wechat_auth/services.py", line 7, in <module>
    from .models import WechatUser, WechatSession
  File "/data/jtd_backend/jtd_shop/wechat_auth/models.py", line 5, in <module>
    class WechatUser(models.Model):
  File "/data/jtd_backend/jtd_shop/.venv/lib/python3.10/site-packages/django/db/models/base.py", line 136, in __new__
    raise RuntimeError(
RuntimeError: Model class wechat_auth.models.WechatUser doesn't declare an explicit app_label and isn't in an application in INSTALLED_APPS.

During handling of the above exception, another exception occurred:

Traceback (most recent call last):
  File "/data/jtd_backend/jtd_shop/.venv/lib/python3.10/site-packages/gunicorn/workers/sync.py", line 134, in handle
    self.handle_request(listener, req, client, addr)
  File "/data/jtd_backend/jtd_shop/.venv/lib/python3.10/site-packages/gunicorn/workers/sync.py", line 177, in handle_request
    respiter = self.wsgi(environ, resp.start_response)
  File "/data/jtd_backend/jtd_shop/.venv/lib/python3.10/site-packages/django/core/handlers/wsgi.py", line 124, in __call__
    response = self.get_response(request)
  File "/data/jtd_backend/jtd_shop/.venv/lib/python3.10/site-packages/django/core/handlers/base.py", line 140, in get_response
    response = self._middleware_chain(request)
  File "/data/jtd_backend/jtd_shop/.venv/lib/python3.10/site-packages/django/core/handlers/exception.py", line 57, in inner
    response = response_for_exception(request, exc)
  File "/data/jtd_backend/jtd_shop/.venv/lib/python3.10/site-packages/django/core/handlers/exception.py", line 141, in response_for_exception
    response = handle_uncaught_exception(
  File "/data/jtd_backend/jtd_shop/.venv/lib/python3.10/site-packages/django/core/handlers/exception.py", line 182, in handle_uncaught_exception
    return debug.technical_500_response(request, *exc_info)
  File "/data/jtd_backend/jtd_shop/.venv/lib/python3.10/site-packages/django/views/debug.py", line 69, in technical_500_response
    html = reporter.get_traceback_html()
  File "/data/jtd_backend/jtd_shop/.venv/lib/python3.10/site-packages/django/views/debug.py", line 428, in get_traceback_html
    c = Context(self.get_traceback_data(), use_l10n=False)
  File "/data/jtd_backend/jtd_shop/.venv/lib/python3.10/site-packages/django/views/debug.py", line 411, in get_traceback_data
    c["raising_view_name"] = get_caller(self.request)
  File "/data/jtd_backend/jtd_shop/.venv/lib/python3.10/site-packages/django/views/debug.py", line 102, in get_caller
    resolver_match = resolve(request.path)
  File "/data/jtd_backend/jtd_shop/.venv/lib/python3.10/site-packages/django/urls/base.py", line 25, in resolve
    return get_resolver(urlconf).resolve(path)
  File "/data/jtd_backend/jtd_shop/.venv/lib/python3.10/site-packages/django/urls/resolvers.py", line 666, in resolve
    for pattern in self.url_patterns:
  File "/data/jtd_backend/jtd_shop/.venv/lib/python3.10/site-packages/django/utils/functional.py", line 47, in __get__
    res = instance.__dict__[self.name] = self.func(instance)
  File "/data/jtd_backend/jtd_shop/.venv/lib/python3.10/site-packages/django/urls/resolvers.py", line 718, in url_patterns
    patterns = getattr(self.urlconf_module, "urlpatterns", self.urlconf_module)
  File "/data/jtd_backend/jtd_shop/.venv/lib/python3.10/site-packages/django/utils/functional.py", line 47, in __get__
    res = instance.__dict__[self.name] = self.func(instance)
  File "/data/jtd_backend/jtd_shop/.venv/lib/python3.10/site-packages/django/urls/resolvers.py", line 711, in urlconf_module
    return import_module(self.urlconf_name)
  File "/usr/lib/python3.10/importlib/__init__.py", line 126, in import_module
    return _bootstrap._gcd_import(name[level:], package, level)
  File "<frozen importlib._bootstrap>", line 1050, in _gcd_import
  File "<frozen importlib._bootstrap>", line 1027, in _find_and_load
  File "<frozen importlib._bootstrap>", line 1006, in _find_and_load_unlocked
  File "<frozen importlib._bootstrap>", line 688, in _load_unlocked
  File "<frozen importlib._bootstrap_external>", line 883, in exec_module
  File "<frozen importlib._bootstrap>", line 241, in _call_with_frames_removed
  File "/data/jtd_backend/jtd_shop/App_backend/urls.py", line 47, in <module>
    path('wechat/', include('wechat_auth.urls')),
  File "/data/jtd_backend/jtd_shop/.venv/lib/python3.10/site-packages/django/urls/conf.py", line 39, in include
    urlconf_module = import_module(urlconf_module)
  File "/usr/lib/python3.10/importlib/__init__.py", line 126, in import_module
    return _bootstrap._gcd_import(name[level:], package, level)
  File "<frozen importlib._bootstrap>", line 1050, in _gcd_import
  File "<frozen importlib._bootstrap>", line 1027, in _find_and_load
  File "<frozen importlib._bootstrap>", line 1006, in _find_and_load_unlocked
  File "<frozen importlib._bootstrap>", line 688, in _load_unlocked
  File "<frozen importlib._bootstrap_external>", line 883, in exec_module
  File "<frozen importlib._bootstrap>", line 241, in _call_with_frames_removed
  File "/data/jtd_backend/jtd_shop/wechat_auth/urls.py", line 5, in <module>
    from . import views
  File "/data/jtd_backend/jtd_shop/wechat_auth/views.py", line 7, in <module>
    from .services import WechatAuthService
  File "/data/jtd_backend/jtd_shop/wechat_auth/services.py", line 7, in <module>
    from .models import WechatUser, WechatSession
  File "/data/jtd_backend/jtd_shop/wechat_auth/models.py", line 5, in <module>
    class WechatUser(models.Model):
  File "/data/jtd_backend/jtd_shop/.venv/lib/python3.10/site-packages/django/db/models/base.py", line 136, in __new__
    raise RuntimeError(
RuntimeError: Model class wechat_auth.models.WechatUser doesn't declare an explicit app_label and isn't in an application in INSTALLED_APPS.
[2025-08-21 06:13:01 +0000] [1384] [ERROR] Error handling request /admin
Traceback (most recent call last):
  File "/data/jtd_backend/jtd_shop/.venv/lib/python3.10/site-packages/django/core/handlers/exception.py", line 55, in inner
    response = get_response(request)
  File "/data/jtd_backend/jtd_shop/.venv/lib/python3.10/site-packages/django/core/handlers/base.py", line 181, in _get_response
    callback, callback_args, callback_kwargs = self.resolve_request(request)
  File "/data/jtd_backend/jtd_shop/.venv/lib/python3.10/site-packages/django/core/handlers/base.py", line 313, in resolve_request
    resolver_match = resolver.resolve(request.path_info)
  File "/data/jtd_backend/jtd_shop/.venv/lib/python3.10/site-packages/django/urls/resolvers.py", line 666, in resolve
    for pattern in self.url_patterns:
  File "/data/jtd_backend/jtd_shop/.venv/lib/python3.10/site-packages/django/utils/functional.py", line 47, in __get__
    res = instance.__dict__[self.name] = self.func(instance)
  File "/data/jtd_backend/jtd_shop/.venv/lib/python3.10/site-packages/django/urls/resolvers.py", line 718, in url_patterns
    patterns = getattr(self.urlconf_module, "urlpatterns", self.urlconf_module)
  File "/data/jtd_backend/jtd_shop/.venv/lib/python3.10/site-packages/django/utils/functional.py", line 47, in __get__
    res = instance.__dict__[self.name] = self.func(instance)
  File "/data/jtd_backend/jtd_shop/.venv/lib/python3.10/site-packages/django/urls/resolvers.py", line 711, in urlconf_module
    return import_module(self.urlconf_name)
  File "/usr/lib/python3.10/importlib/__init__.py", line 126, in import_module
    return _bootstrap._gcd_import(name[level:], package, level)
  File "<frozen importlib._bootstrap>", line 1050, in _gcd_import
  File "<frozen importlib._bootstrap>", line 1027, in _find_and_load
  File "<frozen importlib._bootstrap>", line 1006, in _find_and_load_unlocked
  File "<frozen importlib._bootstrap>", line 688, in _load_unlocked
  File "<frozen importlib._bootstrap_external>", line 883, in exec_module
  File "<frozen importlib._bootstrap>", line 241, in _call_with_frames_removed
  File "/data/jtd_backend/jtd_shop/App_backend/urls.py", line 47, in <module>
    path('wechat/', include('wechat_auth.urls')),
  File "/data/jtd_backend/jtd_shop/.venv/lib/python3.10/site-packages/django/urls/conf.py", line 39, in include
    urlconf_module = import_module(urlconf_module)
  File "/usr/lib/python3.10/importlib/__init__.py", line 126, in import_module
    return _bootstrap._gcd_import(name[level:], package, level)
  File "<frozen importlib._bootstrap>", line 1050, in _gcd_import
  File "<frozen importlib._bootstrap>", line 1027, in _find_and_load
  File "<frozen importlib._bootstrap>", line 1006, in _find_and_load_unlocked
  File "<frozen importlib._bootstrap>", line 688, in _load_unlocked
  File "<frozen importlib._bootstrap_external>", line 883, in exec_module
  File "<frozen importlib._bootstrap>", line 241, in _call_with_frames_removed
  File "/data/jtd_backend/jtd_shop/wechat_auth/urls.py", line 5, in <module>
    from . import views
  File "/data/jtd_backend/jtd_shop/wechat_auth/views.py", line 7, in <module>
    from .services import WechatAuthService
  File "/data/jtd_backend/jtd_shop/wechat_auth/services.py", line 7, in <module>
    from .models import WechatUser, WechatSession
  File "/data/jtd_backend/jtd_shop/wechat_auth/models.py", line 5, in <module>
    class WechatUser(models.Model):
  File "/data/jtd_backend/jtd_shop/.venv/lib/python3.10/site-packages/django/db/models/base.py", line 136, in __new__
    raise RuntimeError(
RuntimeError: Model class wechat_auth.models.WechatUser doesn't declare an explicit app_label and isn't in an application in INSTALLED_APPS.

During handling of the above exception, another exception occurred:

Traceback (most recent call last):
  File "/data/jtd_backend/jtd_shop/.venv/lib/python3.10/site-packages/django/core/handlers/exception.py", line 55, in inner
    response = get_response(request)
  File "/data/jtd_backend/jtd_shop/.venv/lib/python3.10/site-packages/django/utils/deprecation.py", line 120, in __call__
    response = response or self.get_response(request)
  File "/data/jtd_backend/jtd_shop/.venv/lib/python3.10/site-packages/django/core/handlers/exception.py", line 57, in inner
    response = response_for_exception(request, exc)
  File "/data/jtd_backend/jtd_shop/.venv/lib/python3.10/site-packages/django/core/handlers/exception.py", line 141, in response_for_exception
    response = handle_uncaught_exception(
  File "/data/jtd_backend/jtd_shop/.venv/lib/python3.10/site-packages/django/core/handlers/exception.py", line 182, in handle_uncaught_exception
    return debug.technical_500_response(request, *exc_info)
  File "/data/jtd_backend/jtd_shop/.venv/lib/python3.10/site-packages/django/views/debug.py", line 69, in technical_500_response
    html = reporter.get_traceback_html()
  File "/data/jtd_backend/jtd_shop/.venv/lib/python3.10/site-packages/django/views/debug.py", line 428, in get_traceback_html
    c = Context(self.get_traceback_data(), use_l10n=False)
  File "/data/jtd_backend/jtd_shop/.venv/lib/python3.10/site-packages/django/views/debug.py", line 411, in get_traceback_data
    c["raising_view_name"] = get_caller(self.request)
  File "/data/jtd_backend/jtd_shop/.venv/lib/python3.10/site-packages/django/views/debug.py", line 102, in get_caller
    resolver_match = resolve(request.path)
  File "/data/jtd_backend/jtd_shop/.venv/lib/python3.10/site-packages/django/urls/base.py", line 25, in resolve
    return get_resolver(urlconf).resolve(path)
  File "/data/jtd_backend/jtd_shop/.venv/lib/python3.10/site-packages/django/urls/resolvers.py", line 666, in resolve
    for pattern in self.url_patterns:
  File "/data/jtd_backend/jtd_shop/.venv/lib/python3.10/site-packages/django/utils/functional.py", line 47, in __get__
    res = instance.__dict__[self.name] = self.func(instance)
  File "/data/jtd_backend/jtd_shop/.venv/lib/python3.10/site-packages/django/urls/resolvers.py", line 718, in url_patterns
    patterns = getattr(self.urlconf_module, "urlpatterns", self.urlconf_module)
  File "/data/jtd_backend/jtd_shop/.venv/lib/python3.10/site-packages/django/utils/functional.py", line 47, in __get__
    res = instance.__dict__[self.name] = self.func(instance)
  File "/data/jtd_backend/jtd_shop/.venv/lib/python3.10/site-packages/django/urls/resolvers.py", line 711, in urlconf_module
    return import_module(self.urlconf_name)
  File "/usr/lib/python3.10/importlib/__init__.py", line 126, in import_module
    return _bootstrap._gcd_import(name[level:], package, level)
  File "<frozen importlib._bootstrap>", line 1050, in _gcd_import
  File "<frozen importlib._bootstrap>", line 1027, in _find_and_load
  File "<frozen importlib._bootstrap>", line 1006, in _find_and_load_unlocked
  File "<frozen importlib._bootstrap>", line 688, in _load_unlocked
  File "<frozen importlib._bootstrap_external>", line 883, in exec_module
  File "<frozen importlib._bootstrap>", line 241, in _call_with_frames_removed
  File "/data/jtd_backend/jtd_shop/App_backend/urls.py", line 47, in <module>
    path('wechat/', include('wechat_auth.urls')),
  File "/data/jtd_backend/jtd_shop/.venv/lib/python3.10/site-packages/django/urls/conf.py", line 39, in include
    urlconf_module = import_module(urlconf_module)
  File "/usr/lib/python3.10/importlib/__init__.py", line 126, in import_module
    return _bootstrap._gcd_import(name[level:], package, level)
  File "<frozen importlib._bootstrap>", line 1050, in _gcd_import
  File "<frozen importlib._bootstrap>", line 1027, in _find_and_load
  File "<frozen importlib._bootstrap>", line 1006, in _find_and_load_unlocked
  File "<frozen importlib._bootstrap>", line 688, in _load_unlocked
  File "<frozen importlib._bootstrap_external>", line 883, in exec_module
  File "<frozen importlib._bootstrap>", line 241, in _call_with_frames_removed
  File "/data/jtd_backend/jtd_shop/wechat_auth/urls.py", line 5, in <module>
    from . import views
  File "/data/jtd_backend/jtd_shop/wechat_auth/views.py", line 7, in <module>
    from .services import WechatAuthService
  File "/data/jtd_backend/jtd_shop/wechat_auth/services.py", line 7, in <module>
    from .models import WechatUser, WechatSession
  File "/data/jtd_backend/jtd_shop/wechat_auth/models.py", line 5, in <module>
    class WechatUser(models.Model):
  File "/data/jtd_backend/jtd_shop/.venv/lib/python3.10/site-packages/django/db/models/base.py", line 136, in __new__
    raise RuntimeError(
RuntimeError: Model class wechat_auth.models.WechatUser doesn't declare an explicit app_label and isn't in an application in INSTALLED_APPS.

During handling of the above exception, another exception occurred:

Traceback (most recent call last):
  File "/data/jtd_backend/jtd_shop/.venv/lib/python3.10/site-packages/django/core/handlers/exception.py", line 55, in inner
    response = get_response(request)
  File "/data/jtd_backend/jtd_shop/.venv/lib/python3.10/site-packages/django/utils/deprecation.py", line 120, in __call__
    response = response or self.get_response(request)
  File "/data/jtd_backend/jtd_shop/.venv/lib/python3.10/site-packages/django/core/handlers/exception.py", line 57, in inner
    response = response_for_exception(request, exc)
  File "/data/jtd_backend/jtd_shop/.venv/lib/python3.10/site-packages/django/core/handlers/exception.py", line 141, in response_for_exception
    response = handle_uncaught_exception(
  File "/data/jtd_backend/jtd_shop/.venv/lib/python3.10/site-packages/django/core/handlers/exception.py", line 182, in handle_uncaught_exception
    return debug.technical_500_response(request, *exc_info)
  File "/data/jtd_backend/jtd_shop/.venv/lib/python3.10/site-packages/django/views/debug.py", line 69, in technical_500_response
    html = reporter.get_traceback_html()
  File "/data/jtd_backend/jtd_shop/.venv/lib/python3.10/site-packages/django/views/debug.py", line 428, in get_traceback_html
    c = Context(self.get_traceback_data(), use_l10n=False)
  File "/data/jtd_backend/jtd_shop/.venv/lib/python3.10/site-packages/django/views/debug.py", line 411, in get_traceback_data
    c["raising_view_name"] = get_caller(self.request)
  File "/data/jtd_backend/jtd_shop/.venv/lib/python3.10/site-packages/django/views/debug.py", line 102, in get_caller
    resolver_match = resolve(request.path)
  File "/data/jtd_backend/jtd_shop/.venv/lib/python3.10/site-packages/django/urls/base.py", line 25, in resolve
    return get_resolver(urlconf).resolve(path)
  File "/data/jtd_backend/jtd_shop/.venv/lib/python3.10/site-packages/django/urls/resolvers.py", line 666, in resolve
    for pattern in self.url_patterns:
  File "/data/jtd_backend/jtd_shop/.venv/lib/python3.10/site-packages/django/utils/functional.py", line 47, in __get__
    res = instance.__dict__[self.name] = self.func(instance)
  File "/data/jtd_backend/jtd_shop/.venv/lib/python3.10/site-packages/django/urls/resolvers.py", line 718, in url_patterns
    patterns = getattr(self.urlconf_module, "urlpatterns", self.urlconf_module)
  File "/data/jtd_backend/jtd_shop/.venv/lib/python3.10/site-packages/django/utils/functional.py", line 47, in __get__
    res = instance.__dict__[self.name] = self.func(instance)
  File "/data/jtd_backend/jtd_shop/.venv/lib/python3.10/site-packages/django/urls/resolvers.py", line 711, in urlconf_module
    return import_module(self.urlconf_name)
  File "/usr/lib/python3.10/importlib/__init__.py", line 126, in import_module
    return _bootstrap._gcd_import(name[level:], package, level)
  File "<frozen importlib._bootstrap>", line 1050, in _gcd_import
  File "<frozen importlib._bootstrap>", line 1027, in _find_and_load
  File "<frozen importlib._bootstrap>", line 1006, in _find_and_load_unlocked
  File "<frozen importlib._bootstrap>", line 688, in _load_unlocked
  File "<frozen importlib._bootstrap_external>", line 883, in exec_module
  File "<frozen importlib._bootstrap>", line 241, in _call_with_frames_removed
  File "/data/jtd_backend/jtd_shop/App_backend/urls.py", line 47, in <module>
    path('wechat/', include('wechat_auth.urls')),
  File "/data/jtd_backend/jtd_shop/.venv/lib/python3.10/site-packages/django/urls/conf.py", line 39, in include
    urlconf_module = import_module(urlconf_module)
  File "/usr/lib/python3.10/importlib/__init__.py", line 126, in import_module
    return _bootstrap._gcd_import(name[level:], package, level)
  File "<frozen importlib._bootstrap>", line 1050, in _gcd_import
  File "<frozen importlib._bootstrap>", line 1027, in _find_and_load
  File "<frozen importlib._bootstrap>", line 1006, in _find_and_load_unlocked
  File "<frozen importlib._bootstrap>", line 688, in _load_unlocked
  File "<frozen importlib._bootstrap_external>", line 883, in exec_module
  File "<frozen importlib._bootstrap>", line 241, in _call_with_frames_removed
  File "/data/jtd_backend/jtd_shop/wechat_auth/urls.py", line 5, in <module>
    from . import views
  File "/data/jtd_backend/jtd_shop/wechat_auth/views.py", line 7, in <module>
    from .services import WechatAuthService
  File "/data/jtd_backend/jtd_shop/wechat_auth/services.py", line 7, in <module>
    from .models import WechatUser, WechatSession
  File "/data/jtd_backend/jtd_shop/wechat_auth/models.py", line 5, in <module>
    class WechatUser(models.Model):
  File "/data/jtd_backend/jtd_shop/.venv/lib/python3.10/site-packages/django/db/models/base.py", line 136, in __new__
    raise RuntimeError(
RuntimeError: Model class wechat_auth.models.WechatUser doesn't declare an explicit app_label and isn't in an application in INSTALLED_APPS.

During handling of the above exception, another exception occurred:

Traceback (most recent call last):
  File "/data/jtd_backend/jtd_shop/.venv/lib/python3.10/site-packages/django/core/handlers/exception.py", line 55, in inner
    response = get_response(request)
  File "/data/jtd_backend/jtd_shop/.venv/lib/python3.10/site-packages/django/utils/deprecation.py", line 120, in __call__
    response = response or self.get_response(request)
  File "/data/jtd_backend/jtd_shop/.venv/lib/python3.10/site-packages/django/core/handlers/exception.py", line 57, in inner
    response = response_for_exception(request, exc)
  File "/data/jtd_backend/jtd_shop/.venv/lib/python3.10/site-packages/django/core/handlers/exception.py", line 141, in response_for_exception
    response = handle_uncaught_exception(
  File "/data/jtd_backend/jtd_shop/.venv/lib/python3.10/site-packages/django/core/handlers/exception.py", line 182, in handle_uncaught_exception
    return debug.technical_500_response(request, *exc_info)
  File "/data/jtd_backend/jtd_shop/.venv/lib/python3.10/site-packages/django/views/debug.py", line 69, in technical_500_response
    html = reporter.get_traceback_html()
  File "/data/jtd_backend/jtd_shop/.venv/lib/python3.10/site-packages/django/views/debug.py", line 428, in get_traceback_html
    c = Context(self.get_traceback_data(), use_l10n=False)
  File "/data/jtd_backend/jtd_shop/.venv/lib/python3.10/site-packages/django/views/debug.py", line 411, in get_traceback_data
    c["raising_view_name"] = get_caller(self.request)
  File "/data/jtd_backend/jtd_shop/.venv/lib/python3.10/site-packages/django/views/debug.py", line 102, in get_caller
    resolver_match = resolve(request.path)
  File "/data/jtd_backend/jtd_shop/.venv/lib/python3.10/site-packages/django/urls/base.py", line 25, in resolve
    return get_resolver(urlconf).resolve(path)
  File "/data/jtd_backend/jtd_shop/.venv/lib/python3.10/site-packages/django/urls/resolvers.py", line 666, in resolve
    for pattern in self.url_patterns:
  File "/data/jtd_backend/jtd_shop/.venv/lib/python3.10/site-packages/django/utils/functional.py", line 47, in __get__
    res = instance.__dict__[self.name] = self.func(instance)
  File "/data/jtd_backend/jtd_shop/.venv/lib/python3.10/site-packages/django/urls/resolvers.py", line 718, in url_patterns
    patterns = getattr(self.urlconf_module, "urlpatterns", self.urlconf_module)
  File "/data/jtd_backend/jtd_shop/.venv/lib/python3.10/site-packages/django/utils/functional.py", line 47, in __get__
    res = instance.__dict__[self.name] = self.func(instance)
  File "/data/jtd_backend/jtd_shop/.venv/lib/python3.10/site-packages/django/urls/resolvers.py", line 711, in urlconf_module
    return import_module(self.urlconf_name)
  File "/usr/lib/python3.10/importlib/__init__.py", line 126, in import_module
    return _bootstrap._gcd_import(name[level:], package, level)
  File "<frozen importlib._bootstrap>", line 1050, in _gcd_import
  File "<frozen importlib._bootstrap>", line 1027, in _find_and_load
  File "<frozen importlib._bootstrap>", line 1006, in _find_and_load_unlocked
  File "<frozen importlib._bootstrap>", line 688, in _load_unlocked
  File "<frozen importlib._bootstrap_external>", line 883, in exec_module
  File "<frozen importlib._bootstrap>", line 241, in _call_with_frames_removed
  File "/data/jtd_backend/jtd_shop/App_backend/urls.py", line 47, in <module>
    path('wechat/', include('wechat_auth.urls')),
  File "/data/jtd_backend/jtd_shop/.venv/lib/python3.10/site-packages/django/urls/conf.py", line 39, in include
    urlconf_module = import_module(urlconf_module)
  File "/usr/lib/python3.10/importlib/__init__.py", line 126, in import_module
    return _bootstrap._gcd_import(name[level:], package, level)
  File "<frozen importlib._bootstrap>", line 1050, in _gcd_import
  File "<frozen importlib._bootstrap>", line 1027, in _find_and_load
  File "<frozen importlib._bootstrap>", line 1006, in _find_and_load_unlocked
  File "<frozen importlib._bootstrap>", line 688, in _load_unlocked
  File "<frozen importlib._bootstrap_external>", line 883, in exec_module
  File "<frozen importlib._bootstrap>", line 241, in _call_with_frames_removed
  File "/data/jtd_backend/jtd_shop/wechat_auth/urls.py", line 5, in <module>
    from . import views
  File "/data/jtd_backend/jtd_shop/wechat_auth/views.py", line 7, in <module>
    from .services import WechatAuthService
  File "/data/jtd_backend/jtd_shop/wechat_auth/services.py", line 7, in <module>
    from .models import WechatUser, WechatSession
  File "/data/jtd_backend/jtd_shop/wechat_auth/models.py", line 5, in <module>
    class WechatUser(models.Model):
  File "/data/jtd_backend/jtd_shop/.venv/lib/python3.10/site-packages/django/db/models/base.py", line 136, in __new__
    raise RuntimeError(
RuntimeError: Model class wechat_auth.models.WechatUser doesn't declare an explicit app_label and isn't in an application in INSTALLED_APPS.

During handling of the above exception, another exception occurred:

Traceback (most recent call last):
  File "/data/jtd_backend/jtd_shop/.venv/lib/python3.10/site-packages/django/core/handlers/exception.py", line 55, in inner
    response = get_response(request)
  File "/data/jtd_backend/jtd_shop/.venv/lib/python3.10/site-packages/django/utils/deprecation.py", line 120, in __call__
    response = response or self.get_response(request)
  File "/data/jtd_backend/jtd_shop/.venv/lib/python3.10/site-packages/django/core/handlers/exception.py", line 57, in inner
    response = response_for_exception(request, exc)
  File "/data/jtd_backend/jtd_shop/.venv/lib/python3.10/site-packages/django/core/handlers/exception.py", line 141, in response_for_exception
    response = handle_uncaught_exception(
  File "/data/jtd_backend/jtd_shop/.venv/lib/python3.10/site-packages/django/core/handlers/exception.py", line 182, in handle_uncaught_exception
    return debug.technical_500_response(request, *exc_info)
  File "/data/jtd_backend/jtd_shop/.venv/lib/python3.10/site-packages/django/views/debug.py", line 69, in technical_500_response
    html = reporter.get_traceback_html()
  File "/data/jtd_backend/jtd_shop/.venv/lib/python3.10/site-packages/django/views/debug.py", line 428, in get_traceback_html
    c = Context(self.get_traceback_data(), use_l10n=False)
  File "/data/jtd_backend/jtd_shop/.venv/lib/python3.10/site-packages/django/views/debug.py", line 411, in get_traceback_data
    c["raising_view_name"] = get_caller(self.request)
  File "/data/jtd_backend/jtd_shop/.venv/lib/python3.10/site-packages/django/views/debug.py", line 102, in get_caller
    resolver_match = resolve(request.path)
  File "/data/jtd_backend/jtd_shop/.venv/lib/python3.10/site-packages/django/urls/base.py", line 25, in resolve
    return get_resolver(urlconf).resolve(path)
  File "/data/jtd_backend/jtd_shop/.venv/lib/python3.10/site-packages/django/urls/resolvers.py", line 666, in resolve
    for pattern in self.url_patterns:
  File "/data/jtd_backend/jtd_shop/.venv/lib/python3.10/site-packages/django/utils/functional.py", line 47, in __get__
    res = instance.__dict__[self.name] = self.func(instance)
  File "/data/jtd_backend/jtd_shop/.venv/lib/python3.10/site-packages/django/urls/resolvers.py", line 718, in url_patterns
    patterns = getattr(self.urlconf_module, "urlpatterns", self.urlconf_module)
  File "/data/jtd_backend/jtd_shop/.venv/lib/python3.10/site-packages/django/utils/functional.py", line 47, in __get__
    res = instance.__dict__[self.name] = self.func(instance)
  File "/data/jtd_backend/jtd_shop/.venv/lib/python3.10/site-packages/django/urls/resolvers.py", line 711, in urlconf_module
    return import_module(self.urlconf_name)
  File "/usr/lib/python3.10/importlib/__init__.py", line 126, in import_module
    return _bootstrap._gcd_import(name[level:], package, level)
  File "<frozen importlib._bootstrap>", line 1050, in _gcd_import
  File "<frozen importlib._bootstrap>", line 1027, in _find_and_load
  File "<frozen importlib._bootstrap>", line 1006, in _find_and_load_unlocked
  File "<frozen importlib._bootstrap>", line 688, in _load_unlocked
  File "<frozen importlib._bootstrap_external>", line 883, in exec_module
  File "<frozen importlib._bootstrap>", line 241, in _call_with_frames_removed
  File "/data/jtd_backend/jtd_shop/App_backend/urls.py", line 47, in <module>
    path('wechat/', include('wechat_auth.urls')),
  File "/data/jtd_backend/jtd_shop/.venv/lib/python3.10/site-packages/django/urls/conf.py", line 39, in include
    urlconf_module = import_module(urlconf_module)
  File "/usr/lib/python3.10/importlib/__init__.py", line 126, in import_module
    return _bootstrap._gcd_import(name[level:], package, level)
  File "<frozen importlib._bootstrap>", line 1050, in _gcd_import
  File "<frozen importlib._bootstrap>", line 1027, in _find_and_load
  File "<frozen importlib._bootstrap>", line 1006, in _find_and_load_unlocked
  File "<frozen importlib._bootstrap>", line 688, in _load_unlocked
  File "<frozen importlib._bootstrap_external>", line 883, in exec_module
  File "<frozen importlib._bootstrap>", line 241, in _call_with_frames_removed
  File "/data/jtd_backend/jtd_shop/wechat_auth/urls.py", line 5, in <module>
    from . import views
  File "/data/jtd_backend/jtd_shop/wechat_auth/views.py", line 7, in <module>
    from .services import WechatAuthService
  File "/data/jtd_backend/jtd_shop/wechat_auth/services.py", line 7, in <module>
    from .models import WechatUser, WechatSession
  File "/data/jtd_backend/jtd_shop/wechat_auth/models.py", line 5, in <module>
    class WechatUser(models.Model):
  File "/data/jtd_backend/jtd_shop/.venv/lib/python3.10/site-packages/django/db/models/base.py", line 136, in __new__
    raise RuntimeError(
RuntimeError: Model class wechat_auth.models.WechatUser doesn't declare an explicit app_label and isn't in an application in INSTALLED_APPS.

During handling of the above exception, another exception occurred:

Traceback (most recent call last):
  File "/data/jtd_backend/jtd_shop/.venv/lib/python3.10/site-packages/django/core/handlers/exception.py", line 55, in inner
    response = get_response(request)
  File "/data/jtd_backend/jtd_shop/.venv/lib/python3.10/site-packages/django/utils/deprecation.py", line 120, in __call__
    response = response or self.get_response(request)
  File "/data/jtd_backend/jtd_shop/.venv/lib/python3.10/site-packages/django/core/handlers/exception.py", line 57, in inner
    response = response_for_exception(request, exc)
  File "/data/jtd_backend/jtd_shop/.venv/lib/python3.10/site-packages/django/core/handlers/exception.py", line 141, in response_for_exception
    response = handle_uncaught_exception(
  File "/data/jtd_backend/jtd_shop/.venv/lib/python3.10/site-packages/django/core/handlers/exception.py", line 182, in handle_uncaught_exception
    return debug.technical_500_response(request, *exc_info)
  File "/data/jtd_backend/jtd_shop/.venv/lib/python3.10/site-packages/django/views/debug.py", line 69, in technical_500_response
    html = reporter.get_traceback_html()
  File "/data/jtd_backend/jtd_shop/.venv/lib/python3.10/site-packages/django/views/debug.py", line 428, in get_traceback_html
    c = Context(self.get_traceback_data(), use_l10n=False)
  File "/data/jtd_backend/jtd_shop/.venv/lib/python3.10/site-packages/django/views/debug.py", line 411, in get_traceback_data
    c["raising_view_name"] = get_caller(self.request)
  File "/data/jtd_backend/jtd_shop/.venv/lib/python3.10/site-packages/django/views/debug.py", line 102, in get_caller
    resolver_match = resolve(request.path)
  File "/data/jtd_backend/jtd_shop/.venv/lib/python3.10/site-packages/django/urls/base.py", line 25, in resolve
    return get_resolver(urlconf).resolve(path)
  File "/data/jtd_backend/jtd_shop/.venv/lib/python3.10/site-packages/django/urls/resolvers.py", line 666, in resolve
    for pattern in self.url_patterns:
  File "/data/jtd_backend/jtd_shop/.venv/lib/python3.10/site-packages/django/utils/functional.py", line 47, in __get__
    res = instance.__dict__[self.name] = self.func(instance)
  File "/data/jtd_backend/jtd_shop/.venv/lib/python3.10/site-packages/django/urls/resolvers.py", line 718, in url_patterns
    patterns = getattr(self.urlconf_module, "urlpatterns", self.urlconf_module)
  File "/data/jtd_backend/jtd_shop/.venv/lib/python3.10/site-packages/django/utils/functional.py", line 47, in __get__
    res = instance.__dict__[self.name] = self.func(instance)
  File "/data/jtd_backend/jtd_shop/.venv/lib/python3.10/site-packages/django/urls/resolvers.py", line 711, in urlconf_module
    return import_module(self.urlconf_name)
  File "/usr/lib/python3.10/importlib/__init__.py", line 126, in import_module
    return _bootstrap._gcd_import(name[level:], package, level)
  File "<frozen importlib._bootstrap>", line 1050, in _gcd_import
  File "<frozen importlib._bootstrap>", line 1027, in _find_and_load
  File "<frozen importlib._bootstrap>", line 1006, in _find_and_load_unlocked
  File "<frozen importlib._bootstrap>", line 688, in _load_unlocked
  File "<frozen importlib._bootstrap_external>", line 883, in exec_module
  File "<frozen importlib._bootstrap>", line 241, in _call_with_frames_removed
  File "/data/jtd_backend/jtd_shop/App_backend/urls.py", line 47, in <module>
    path('wechat/', include('wechat_auth.urls')),
  File "/data/jtd_backend/jtd_shop/.venv/lib/python3.10/site-packages/django/urls/conf.py", line 39, in include
    urlconf_module = import_module(urlconf_module)
  File "/usr/lib/python3.10/importlib/__init__.py", line 126, in import_module
    return _bootstrap._gcd_import(name[level:], package, level)
  File "<frozen importlib._bootstrap>", line 1050, in _gcd_import
  File "<frozen importlib._bootstrap>", line 1027, in _find_and_load
  File "<frozen importlib._bootstrap>", line 1006, in _find_and_load_unlocked
  File "<frozen importlib._bootstrap>", line 688, in _load_unlocked
  File "<frozen importlib._bootstrap_external>", line 883, in exec_module
  File "<frozen importlib._bootstrap>", line 241, in _call_with_frames_removed
  File "/data/jtd_backend/jtd_shop/wechat_auth/urls.py", line 5, in <module>
    from . import views
  File "/data/jtd_backend/jtd_shop/wechat_auth/views.py", line 7, in <module>
    from .services import WechatAuthService
  File "/data/jtd_backend/jtd_shop/wechat_auth/services.py", line 7, in <module>
    from .models import WechatUser, WechatSession
  File "/data/jtd_backend/jtd_shop/wechat_auth/models.py", line 5, in <module>
    class WechatUser(models.Model):
  File "/data/jtd_backend/jtd_shop/.venv/lib/python3.10/site-packages/django/db/models/base.py", line 136, in __new__
    raise RuntimeError(
RuntimeError: Model class wechat_auth.models.WechatUser doesn't declare an explicit app_label and isn't in an application in INSTALLED_APPS.

During handling of the above exception, another exception occurred:

Traceback (most recent call last):
  File "/data/jtd_backend/jtd_shop/.venv/lib/python3.10/site-packages/django/core/handlers/exception.py", line 55, in inner
    response = get_response(request)
  File "/data/jtd_backend/jtd_shop/.venv/lib/python3.10/site-packages/django/utils/deprecation.py", line 120, in __call__
    response = response or self.get_response(request)
  File "/data/jtd_backend/jtd_shop/.venv/lib/python3.10/site-packages/django/core/handlers/exception.py", line 57, in inner
    response = response_for_exception(request, exc)
  File "/data/jtd_backend/jtd_shop/.venv/lib/python3.10/site-packages/django/core/handlers/exception.py", line 141, in response_for_exception
    response = handle_uncaught_exception(
  File "/data/jtd_backend/jtd_shop/.venv/lib/python3.10/site-packages/django/core/handlers/exception.py", line 182, in handle_uncaught_exception
    return debug.technical_500_response(request, *exc_info)
  File "/data/jtd_backend/jtd_shop/.venv/lib/python3.10/site-packages/django/views/debug.py", line 69, in technical_500_response
    html = reporter.get_traceback_html()
  File "/data/jtd_backend/jtd_shop/.venv/lib/python3.10/site-packages/django/views/debug.py", line 428, in get_traceback_html
    c = Context(self.get_traceback_data(), use_l10n=False)
  File "/data/jtd_backend/jtd_shop/.venv/lib/python3.10/site-packages/django/views/debug.py", line 411, in get_traceback_data
    c["raising_view_name"] = get_caller(self.request)
  File "/data/jtd_backend/jtd_shop/.venv/lib/python3.10/site-packages/django/views/debug.py", line 102, in get_caller
    resolver_match = resolve(request.path)
  File "/data/jtd_backend/jtd_shop/.venv/lib/python3.10/site-packages/django/urls/base.py", line 25, in resolve
    return get_resolver(urlconf).resolve(path)
  File "/data/jtd_backend/jtd_shop/.venv/lib/python3.10/site-packages/django/urls/resolvers.py", line 666, in resolve
    for pattern in self.url_patterns:
  File "/data/jtd_backend/jtd_shop/.venv/lib/python3.10/site-packages/django/utils/functional.py", line 47, in __get__
    res = instance.__dict__[self.name] = self.func(instance)
  File "/data/jtd_backend/jtd_shop/.venv/lib/python3.10/site-packages/django/urls/resolvers.py", line 718, in url_patterns
    patterns = getattr(self.urlconf_module, "urlpatterns", self.urlconf_module)
  File "/data/jtd_backend/jtd_shop/.venv/lib/python3.10/site-packages/django/utils/functional.py", line 47, in __get__
    res = instance.__dict__[self.name] = self.func(instance)
  File "/data/jtd_backend/jtd_shop/.venv/lib/python3.10/site-packages/django/urls/resolvers.py", line 711, in urlconf_module
    return import_module(self.urlconf_name)
  File "/usr/lib/python3.10/importlib/__init__.py", line 126, in import_module
    return _bootstrap._gcd_import(name[level:], package, level)
  File "<frozen importlib._bootstrap>", line 1050, in _gcd_import
  File "<frozen importlib._bootstrap>", line 1027, in _find_and_load
  File "<frozen importlib._bootstrap>", line 1006, in _find_and_load_unlocked
  File "<frozen importlib._bootstrap>", line 688, in _load_unlocked
  File "<frozen importlib._bootstrap_external>", line 883, in exec_module
  File "<frozen importlib._bootstrap>", line 241, in _call_with_frames_removed
  File "/data/jtd_backend/jtd_shop/App_backend/urls.py", line 47, in <module>
    path('wechat/', include('wechat_auth.urls')),
  File "/data/jtd_backend/jtd_shop/.venv/lib/python3.10/site-packages/django/urls/conf.py", line 39, in include
    urlconf_module = import_module(urlconf_module)
  File "/usr/lib/python3.10/importlib/__init__.py", line 126, in import_module
    return _bootstrap._gcd_import(name[level:], package, level)
  File "<frozen importlib._bootstrap>", line 1050, in _gcd_import
  File "<frozen importlib._bootstrap>", line 1027, in _find_and_load
  File "<frozen importlib._bootstrap>", line 1006, in _find_and_load_unlocked
  File "<frozen importlib._bootstrap>", line 688, in _load_unlocked
  File "<frozen importlib._bootstrap_external>", line 883, in exec_module
  File "<frozen importlib._bootstrap>", line 241, in _call_with_frames_removed
  File "/data/jtd_backend/jtd_shop/wechat_auth/urls.py", line 5, in <module>
    from . import views
  File "/data/jtd_backend/jtd_shop/wechat_auth/views.py", line 7, in <module>
    from .services import WechatAuthService
  File "/data/jtd_backend/jtd_shop/wechat_auth/services.py", line 7, in <module>
    from .models import WechatUser, WechatSession
  File "/data/jtd_backend/jtd_shop/wechat_auth/models.py", line 5, in <module>
    class WechatUser(models.Model):
  File "/data/jtd_backend/jtd_shop/.venv/lib/python3.10/site-packages/django/db/models/base.py", line 136, in __new__
    raise RuntimeError(
RuntimeError: Model class wechat_auth.models.WechatUser doesn't declare an explicit app_label and isn't in an application in INSTALLED_APPS.

During handling of the above exception, another exception occurred:

Traceback (most recent call last):
  File "/data/jtd_backend/jtd_shop/.venv/lib/python3.10/site-packages/django/core/handlers/exception.py", line 55, in inner
    response = get_response(request)
  File "/data/jtd_backend/jtd_shop/.venv/lib/python3.10/site-packages/django/utils/deprecation.py", line 120, in __call__
    response = response or self.get_response(request)
  File "/data/jtd_backend/jtd_shop/.venv/lib/python3.10/site-packages/django/core/handlers/exception.py", line 57, in inner
    response = response_for_exception(request, exc)
  File "/data/jtd_backend/jtd_shop/.venv/lib/python3.10/site-packages/django/core/handlers/exception.py", line 141, in response_for_exception
    response = handle_uncaught_exception(
  File "/data/jtd_backend/jtd_shop/.venv/lib/python3.10/site-packages/django/core/handlers/exception.py", line 182, in handle_uncaught_exception
    return debug.technical_500_response(request, *exc_info)
  File "/data/jtd_backend/jtd_shop/.venv/lib/python3.10/site-packages/django/views/debug.py", line 69, in technical_500_response
    html = reporter.get_traceback_html()
  File "/data/jtd_backend/jtd_shop/.venv/lib/python3.10/site-packages/django/views/debug.py", line 428, in get_traceback_html
    c = Context(self.get_traceback_data(), use_l10n=False)
  File "/data/jtd_backend/jtd_shop/.venv/lib/python3.10/site-packages/django/views/debug.py", line 411, in get_traceback_data
    c["raising_view_name"] = get_caller(self.request)
  File "/data/jtd_backend/jtd_shop/.venv/lib/python3.10/site-packages/django/views/debug.py", line 102, in get_caller
    resolver_match = resolve(request.path)
  File "/data/jtd_backend/jtd_shop/.venv/lib/python3.10/site-packages/django/urls/base.py", line 25, in resolve
    return get_resolver(urlconf).resolve(path)
  File "/data/jtd_backend/jtd_shop/.venv/lib/python3.10/site-packages/django/urls/resolvers.py", line 666, in resolve
    for pattern in self.url_patterns:
  File "/data/jtd_backend/jtd_shop/.venv/lib/python3.10/site-packages/django/utils/functional.py", line 47, in __get__
    res = instance.__dict__[self.name] = self.func(instance)
  File "/data/jtd_backend/jtd_shop/.venv/lib/python3.10/site-packages/django/urls/resolvers.py", line 718, in url_patterns
    patterns = getattr(self.urlconf_module, "urlpatterns", self.urlconf_module)
  File "/data/jtd_backend/jtd_shop/.venv/lib/python3.10/site-packages/django/utils/functional.py", line 47, in __get__
    res = instance.__dict__[self.name] = self.func(instance)
  File "/data/jtd_backend/jtd_shop/.venv/lib/python3.10/site-packages/django/urls/resolvers.py", line 711, in urlconf_module
    return import_module(self.urlconf_name)
  File "/usr/lib/python3.10/importlib/__init__.py", line 126, in import_module
    return _bootstrap._gcd_import(name[level:], package, level)
  File "<frozen importlib._bootstrap>", line 1050, in _gcd_import
  File "<frozen importlib._bootstrap>", line 1027, in _find_and_load
  File "<frozen importlib._bootstrap>", line 1006, in _find_and_load_unlocked
  File "<frozen importlib._bootstrap>", line 688, in _load_unlocked
  File "<frozen importlib._bootstrap_external>", line 883, in exec_module
  File "<frozen importlib._bootstrap>", line 241, in _call_with_frames_removed
  File "/data/jtd_backend/jtd_shop/App_backend/urls.py", line 47, in <module>
    path('wechat/', include('wechat_auth.urls')),
  File "/data/jtd_backend/jtd_shop/.venv/lib/python3.10/site-packages/django/urls/conf.py", line 39, in include
    urlconf_module = import_module(urlconf_module)
  File "/usr/lib/python3.10/importlib/__init__.py", line 126, in import_module
    return _bootstrap._gcd_import(name[level:], package, level)
  File "<frozen importlib._bootstrap>", line 1050, in _gcd_import
  File "<frozen importlib._bootstrap>", line 1027, in _find_and_load
  File "<frozen importlib._bootstrap>", line 1006, in _find_and_load_unlocked
  File "<frozen importlib._bootstrap>", line 688, in _load_unlocked
  File "<frozen importlib._bootstrap_external>", line 883, in exec_module
  File "<frozen importlib._bootstrap>", line 241, in _call_with_frames_removed
  File "/data/jtd_backend/jtd_shop/wechat_auth/urls.py", line 5, in <module>
    from . import views
  File "/data/jtd_backend/jtd_shop/wechat_auth/views.py", line 7, in <module>
    from .services import WechatAuthService
  File "/data/jtd_backend/jtd_shop/wechat_auth/services.py", line 7, in <module>
    from .models import WechatUser, WechatSession
  File "/data/jtd_backend/jtd_shop/wechat_auth/models.py", line 5, in <module>
    class WechatUser(models.Model):
  File "/data/jtd_backend/jtd_shop/.venv/lib/python3.10/site-packages/django/db/models/base.py", line 136, in __new__
    raise RuntimeError(
RuntimeError: Model class wechat_auth.models.WechatUser doesn't declare an explicit app_label and isn't in an application in INSTALLED_APPS.

During handling of the above exception, another exception occurred:

Traceback (most recent call last):
  File "/data/jtd_backend/jtd_shop/.venv/lib/python3.10/site-packages/django/core/handlers/exception.py", line 55, in inner
    response = get_response(request)
  File "/data/jtd_backend/jtd_shop/.venv/lib/python3.10/site-packages/corsheaders/middleware.py", line 56, in __call__
    result = self.get_response(request)
  File "/data/jtd_backend/jtd_shop/.venv/lib/python3.10/site-packages/django/core/handlers/exception.py", line 57, in inner
    response = response_for_exception(request, exc)
  File "/data/jtd_backend/jtd_shop/.venv/lib/python3.10/site-packages/django/core/handlers/exception.py", line 141, in response_for_exception
    response = handle_uncaught_exception(
  File "/data/jtd_backend/jtd_shop/.venv/lib/python3.10/site-packages/django/core/handlers/exception.py", line 182, in handle_uncaught_exception
    return debug.technical_500_response(request, *exc_info)
  File "/data/jtd_backend/jtd_shop/.venv/lib/python3.10/site-packages/django/views/debug.py", line 69, in technical_500_response
    html = reporter.get_traceback_html()
  File "/data/jtd_backend/jtd_shop/.venv/lib/python3.10/site-packages/django/views/debug.py", line 428, in get_traceback_html
    c = Context(self.get_traceback_data(), use_l10n=False)
  File "/data/jtd_backend/jtd_shop/.venv/lib/python3.10/site-packages/django/views/debug.py", line 411, in get_traceback_data
    c["raising_view_name"] = get_caller(self.request)
  File "/data/jtd_backend/jtd_shop/.venv/lib/python3.10/site-packages/django/views/debug.py", line 102, in get_caller
    resolver_match = resolve(request.path)
  File "/data/jtd_backend/jtd_shop/.venv/lib/python3.10/site-packages/django/urls/base.py", line 25, in resolve
    return get_resolver(urlconf).resolve(path)
  File "/data/jtd_backend/jtd_shop/.venv/lib/python3.10/site-packages/django/urls/resolvers.py", line 666, in resolve
    for pattern in self.url_patterns:
  File "/data/jtd_backend/jtd_shop/.venv/lib/python3.10/site-packages/django/utils/functional.py", line 47, in __get__
    res = instance.__dict__[self.name] = self.func(instance)
  File "/data/jtd_backend/jtd_shop/.venv/lib/python3.10/site-packages/django/urls/resolvers.py", line 718, in url_patterns
    patterns = getattr(self.urlconf_module, "urlpatterns", self.urlconf_module)
  File "/data/jtd_backend/jtd_shop/.venv/lib/python3.10/site-packages/django/utils/functional.py", line 47, in __get__
    res = instance.__dict__[self.name] = self.func(instance)
  File "/data/jtd_backend/jtd_shop/.venv/lib/python3.10/site-packages/django/urls/resolvers.py", line 711, in urlconf_module
    return import_module(self.urlconf_name)
  File "/usr/lib/python3.10/importlib/__init__.py", line 126, in import_module
    return _bootstrap._gcd_import(name[level:], package, level)
  File "<frozen importlib._bootstrap>", line 1050, in _gcd_import
  File "<frozen importlib._bootstrap>", line 1027, in _find_and_load
  File "<frozen importlib._bootstrap>", line 1006, in _find_and_load_unlocked
  File "<frozen importlib._bootstrap>", line 688, in _load_unlocked
  File "<frozen importlib._bootstrap_external>", line 883, in exec_module
  File "<frozen importlib._bootstrap>", line 241, in _call_with_frames_removed
  File "/data/jtd_backend/jtd_shop/App_backend/urls.py", line 47, in <module>
    path('wechat/', include('wechat_auth.urls')),
  File "/data/jtd_backend/jtd_shop/.venv/lib/python3.10/site-packages/django/urls/conf.py", line 39, in include
    urlconf_module = import_module(urlconf_module)
  File "/usr/lib/python3.10/importlib/__init__.py", line 126, in import_module
    return _bootstrap._gcd_import(name[level:], package, level)
  File "<frozen importlib._bootstrap>", line 1050, in _gcd_import
  File "<frozen importlib._bootstrap>", line 1027, in _find_and_load
  File "<frozen importlib._bootstrap>", line 1006, in _find_and_load_unlocked
  File "<frozen importlib._bootstrap>", line 688, in _load_unlocked
  File "<frozen importlib._bootstrap_external>", line 883, in exec_module
  File "<frozen importlib._bootstrap>", line 241, in _call_with_frames_removed
  File "/data/jtd_backend/jtd_shop/wechat_auth/urls.py", line 5, in <module>
    from . import views
  File "/data/jtd_backend/jtd_shop/wechat_auth/views.py", line 7, in <module>
    from .services import WechatAuthService
  File "/data/jtd_backend/jtd_shop/wechat_auth/services.py", line 7, in <module>
    from .models import WechatUser, WechatSession
  File "/data/jtd_backend/jtd_shop/wechat_auth/models.py", line 5, in <module>
    class WechatUser(models.Model):
  File "/data/jtd_backend/jtd_shop/.venv/lib/python3.10/site-packages/django/db/models/base.py", line 136, in __new__
    raise RuntimeError(
RuntimeError: Model class wechat_auth.models.WechatUser doesn't declare an explicit app_label and isn't in an application in INSTALLED_APPS.

During handling of the above exception, another exception occurred:

Traceback (most recent call last):
  File "/data/jtd_backend/jtd_shop/.venv/lib/python3.10/site-packages/gunicorn/workers/sync.py", line 134, in handle
    self.handle_request(listener, req, client, addr)
  File "/data/jtd_backend/jtd_shop/.venv/lib/python3.10/site-packages/gunicorn/workers/sync.py", line 177, in handle_request
    respiter = self.wsgi(environ, resp.start_response)
  File "/data/jtd_backend/jtd_shop/.venv/lib/python3.10/site-packages/django/core/handlers/wsgi.py", line 124, in __call__
    response = self.get_response(request)
  File "/data/jtd_backend/jtd_shop/.venv/lib/python3.10/site-packages/django/core/handlers/base.py", line 140, in get_response
    response = self._middleware_chain(request)
  File "/data/jtd_backend/jtd_shop/.venv/lib/python3.10/site-packages/django/core/handlers/exception.py", line 57, in inner
    response = response_for_exception(request, exc)
  File "/data/jtd_backend/jtd_shop/.venv/lib/python3.10/site-packages/django/core/handlers/exception.py", line 141, in response_for_exception
    response = handle_uncaught_exception(
  File "/data/jtd_backend/jtd_shop/.venv/lib/python3.10/site-packages/django/core/handlers/exception.py", line 182, in handle_uncaught_exception
    return debug.technical_500_response(request, *exc_info)
  File "/data/jtd_backend/jtd_shop/.venv/lib/python3.10/site-packages/django/views/debug.py", line 69, in technical_500_response
    html = reporter.get_traceback_html()
  File "/data/jtd_backend/jtd_shop/.venv/lib/python3.10/site-packages/django/views/debug.py", line 428, in get_traceback_html
    c = Context(self.get_traceback_data(), use_l10n=False)
  File "/data/jtd_backend/jtd_shop/.venv/lib/python3.10/site-packages/django/views/debug.py", line 411, in get_traceback_data
    c["raising_view_name"] = get_caller(self.request)
  File "/data/jtd_backend/jtd_shop/.venv/lib/python3.10/site-packages/django/views/debug.py", line 102, in get_caller
    resolver_match = resolve(request.path)
  File "/data/jtd_backend/jtd_shop/.venv/lib/python3.10/site-packages/django/urls/base.py", line 25, in resolve
    return get_resolver(urlconf).resolve(path)
  File "/data/jtd_backend/jtd_shop/.venv/lib/python3.10/site-packages/django/urls/resolvers.py", line 666, in resolve
    for pattern in self.url_patterns:
  File "/data/jtd_backend/jtd_shop/.venv/lib/python3.10/site-packages/django/utils/functional.py", line 47, in __get__
    res = instance.__dict__[self.name] = self.func(instance)
  File "/data/jtd_backend/jtd_shop/.venv/lib/python3.10/site-packages/django/urls/resolvers.py", line 718, in url_patterns
    patterns = getattr(self.urlconf_module, "urlpatterns", self.urlconf_module)
  File "/data/jtd_backend/jtd_shop/.venv/lib/python3.10/site-packages/django/utils/functional.py", line 47, in __get__
    res = instance.__dict__[self.name] = self.func(instance)
  File "/data/jtd_backend/jtd_shop/.venv/lib/python3.10/site-packages/django/urls/resolvers.py", line 711, in urlconf_module
    return import_module(self.urlconf_name)
  File "/usr/lib/python3.10/importlib/__init__.py", line 126, in import_module
    return _bootstrap._gcd_import(name[level:], package, level)
  File "<frozen importlib._bootstrap>", line 1050, in _gcd_import
  File "<frozen importlib._bootstrap>", line 1027, in _find_and_load
  File "<frozen importlib._bootstrap>", line 1006, in _find_and_load_unlocked
  File "<frozen importlib._bootstrap>", line 688, in _load_unlocked
  File "<frozen importlib._bootstrap_external>", line 883, in exec_module
  File "<frozen importlib._bootstrap>", line 241, in _call_with_frames_removed
  File "/data/jtd_backend/jtd_shop/App_backend/urls.py", line 47, in <module>
    path('wechat/', include('wechat_auth.urls')),
  File "/data/jtd_backend/jtd_shop/.venv/lib/python3.10/site-packages/django/urls/conf.py", line 39, in include
    urlconf_module = import_module(urlconf_module)
  File "/usr/lib/python3.10/importlib/__init__.py", line 126, in import_module
    return _bootstrap._gcd_import(name[level:], package, level)
  File "<frozen importlib._bootstrap>", line 1050, in _gcd_import
  File "<frozen importlib._bootstrap>", line 1027, in _find_and_load
  File "<frozen importlib._bootstrap>", line 1006, in _find_and_load_unlocked
  File "<frozen importlib._bootstrap>", line 688, in _load_unlocked
  File "<frozen importlib._bootstrap_external>", line 883, in exec_module
  File "<frozen importlib._bootstrap>", line 241, in _call_with_frames_removed
  File "/data/jtd_backend/jtd_shop/wechat_auth/urls.py", line 5, in <module>
    from . import views
  File "/data/jtd_backend/jtd_shop/wechat_auth/views.py", line 7, in <module>
    from .services import WechatAuthService
  File "/data/jtd_backend/jtd_shop/wechat_auth/services.py", line 7, in <module>
    from .models import WechatUser, WechatSession
  File "/data/jtd_backend/jtd_shop/wechat_auth/models.py", line 5, in <module>
    class WechatUser(models.Model):
  File "/data/jtd_backend/jtd_shop/.venv/lib/python3.10/site-packages/django/db/models/base.py", line 136, in __new__
    raise RuntimeError(
RuntimeError: Model class wechat_auth.models.WechatUser doesn't declare an explicit app_label and isn't in an application in INSTALLED_APPS.
[2025-08-21 06:13:12 +0000] [1382] [ERROR] Error handling request /favicon.ico
Traceback (most recent call last):
  File "/data/jtd_backend/jtd_shop/.venv/lib/python3.10/site-packages/django/core/handlers/exception.py", line 55, in inner
    response = get_response(request)
  File "/data/jtd_backend/jtd_shop/.venv/lib/python3.10/site-packages/django/core/handlers/base.py", line 181, in _get_response
    callback, callback_args, callback_kwargs = self.resolve_request(request)
  File "/data/jtd_backend/jtd_shop/.venv/lib/python3.10/site-packages/django/core/handlers/base.py", line 313, in resolve_request
    resolver_match = resolver.resolve(request.path_info)
  File "/data/jtd_backend/jtd_shop/.venv/lib/python3.10/site-packages/django/urls/resolvers.py", line 666, in resolve
    for pattern in self.url_patterns:
  File "/data/jtd_backend/jtd_shop/.venv/lib/python3.10/site-packages/django/utils/functional.py", line 47, in __get__
    res = instance.__dict__[self.name] = self.func(instance)
  File "/data/jtd_backend/jtd_shop/.venv/lib/python3.10/site-packages/django/urls/resolvers.py", line 718, in url_patterns
    patterns = getattr(self.urlconf_module, "urlpatterns", self.urlconf_module)
  File "/data/jtd_backend/jtd_shop/.venv/lib/python3.10/site-packages/django/utils/functional.py", line 47, in __get__
    res = instance.__dict__[self.name] = self.func(instance)
  File "/data/jtd_backend/jtd_shop/.venv/lib/python3.10/site-packages/django/urls/resolvers.py", line 711, in urlconf_module
    return import_module(self.urlconf_name)
  File "/usr/lib/python3.10/importlib/__init__.py", line 126, in import_module
    return _bootstrap._gcd_import(name[level:], package, level)
  File "<frozen importlib._bootstrap>", line 1050, in _gcd_import
  File "<frozen importlib._bootstrap>", line 1027, in _find_and_load
  File "<frozen importlib._bootstrap>", line 1006, in _find_and_load_unlocked
  File "<frozen importlib._bootstrap>", line 688, in _load_unlocked
  File "<frozen importlib._bootstrap_external>", line 883, in exec_module
  File "<frozen importlib._bootstrap>", line 241, in _call_with_frames_removed
  File "/data/jtd_backend/jtd_shop/App_backend/urls.py", line 47, in <module>
    path('wechat/', include('wechat_auth.urls')),
  File "/data/jtd_backend/jtd_shop/.venv/lib/python3.10/site-packages/django/urls/conf.py", line 39, in include
    urlconf_module = import_module(urlconf_module)
  File "/usr/lib/python3.10/importlib/__init__.py", line 126, in import_module
    return _bootstrap._gcd_import(name[level:], package, level)
  File "<frozen importlib._bootstrap>", line 1050, in _gcd_import
  File "<frozen importlib._bootstrap>", line 1027, in _find_and_load
  File "<frozen importlib._bootstrap>", line 1006, in _find_and_load_unlocked
  File "<frozen importlib._bootstrap>", line 688, in _load_unlocked
  File "<frozen importlib._bootstrap_external>", line 883, in exec_module
  File "<frozen importlib._bootstrap>", line 241, in _call_with_frames_removed
  File "/data/jtd_backend/jtd_shop/wechat_auth/urls.py", line 5, in <module>
    from . import views
  File "/data/jtd_backend/jtd_shop/wechat_auth/views.py", line 7, in <module>
    from .services import WechatAuthService
  File "/data/jtd_backend/jtd_shop/wechat_auth/services.py", line 7, in <module>
    from .models import WechatUser, WechatSession
  File "/data/jtd_backend/jtd_shop/wechat_auth/models.py", line 5, in <module>
    class WechatUser(models.Model):
  File "/data/jtd_backend/jtd_shop/.venv/lib/python3.10/site-packages/django/db/models/base.py", line 136, in __new__
    raise RuntimeError(
RuntimeError: Model class wechat_auth.models.WechatUser doesn't declare an explicit app_label and isn't in an application in INSTALLED_APPS.

During handling of the above exception, another exception occurred:

Traceback (most recent call last):
  File "/data/jtd_backend/jtd_shop/.venv/lib/python3.10/site-packages/django/core/handlers/exception.py", line 55, in inner
    response = get_response(request)
  File "/data/jtd_backend/jtd_shop/.venv/lib/python3.10/site-packages/django/utils/deprecation.py", line 120, in __call__
    response = response or self.get_response(request)
  File "/data/jtd_backend/jtd_shop/.venv/lib/python3.10/site-packages/django/core/handlers/exception.py", line 57, in inner
    response = response_for_exception(request, exc)
  File "/data/jtd_backend/jtd_shop/.venv/lib/python3.10/site-packages/django/core/handlers/exception.py", line 141, in response_for_exception
    response = handle_uncaught_exception(
  File "/data/jtd_backend/jtd_shop/.venv/lib/python3.10/site-packages/django/core/handlers/exception.py", line 182, in handle_uncaught_exception
    return debug.technical_500_response(request, *exc_info)
  File "/data/jtd_backend/jtd_shop/.venv/lib/python3.10/site-packages/django/views/debug.py", line 69, in technical_500_response
    html = reporter.get_traceback_html()
  File "/data/jtd_backend/jtd_shop/.venv/lib/python3.10/site-packages/django/views/debug.py", line 428, in get_traceback_html
    c = Context(self.get_traceback_data(), use_l10n=False)
  File "/data/jtd_backend/jtd_shop/.venv/lib/python3.10/site-packages/django/views/debug.py", line 411, in get_traceback_data
    c["raising_view_name"] = get_caller(self.request)
  File "/data/jtd_backend/jtd_shop/.venv/lib/python3.10/site-packages/django/views/debug.py", line 102, in get_caller
    resolver_match = resolve(request.path)
  File "/data/jtd_backend/jtd_shop/.venv/lib/python3.10/site-packages/django/urls/base.py", line 25, in resolve
    return get_resolver(urlconf).resolve(path)
  File "/data/jtd_backend/jtd_shop/.venv/lib/python3.10/site-packages/django/urls/resolvers.py", line 666, in resolve
    for pattern in self.url_patterns:
  File "/data/jtd_backend/jtd_shop/.venv/lib/python3.10/site-packages/django/utils/functional.py", line 47, in __get__
    res = instance.__dict__[self.name] = self.func(instance)
  File "/data/jtd_backend/jtd_shop/.venv/lib/python3.10/site-packages/django/urls/resolvers.py", line 718, in url_patterns
    patterns = getattr(self.urlconf_module, "urlpatterns", self.urlconf_module)
  File "/data/jtd_backend/jtd_shop/.venv/lib/python3.10/site-packages/django/utils/functional.py", line 47, in __get__
    res = instance.__dict__[self.name] = self.func(instance)
  File "/data/jtd_backend/jtd_shop/.venv/lib/python3.10/site-packages/django/urls/resolvers.py", line 711, in urlconf_module
    return import_module(self.urlconf_name)
  File "/usr/lib/python3.10/importlib/__init__.py", line 126, in import_module
    return _bootstrap._gcd_import(name[level:], package, level)
  File "<frozen importlib._bootstrap>", line 1050, in _gcd_import
  File "<frozen importlib._bootstrap>", line 1027, in _find_and_load
  File "<frozen importlib._bootstrap>", line 1006, in _find_and_load_unlocked
  File "<frozen importlib._bootstrap>", line 688, in _load_unlocked
  File "<frozen importlib._bootstrap_external>", line 883, in exec_module
  File "<frozen importlib._bootstrap>", line 241, in _call_with_frames_removed
  File "/data/jtd_backend/jtd_shop/App_backend/urls.py", line 47, in <module>
    path('wechat/', include('wechat_auth.urls')),
  File "/data/jtd_backend/jtd_shop/.venv/lib/python3.10/site-packages/django/urls/conf.py", line 39, in include
    urlconf_module = import_module(urlconf_module)
  File "/usr/lib/python3.10/importlib/__init__.py", line 126, in import_module
    return _bootstrap._gcd_import(name[level:], package, level)
  File "<frozen importlib._bootstrap>", line 1050, in _gcd_import
  File "<frozen importlib._bootstrap>", line 1027, in _find_and_load
  File "<frozen importlib._bootstrap>", line 1006, in _find_and_load_unlocked
  File "<frozen importlib._bootstrap>", line 688, in _load_unlocked
  File "<frozen importlib._bootstrap_external>", line 883, in exec_module
  File "<frozen importlib._bootstrap>", line 241, in _call_with_frames_removed
  File "/data/jtd_backend/jtd_shop/wechat_auth/urls.py", line 5, in <module>
    from . import views
  File "/data/jtd_backend/jtd_shop/wechat_auth/views.py", line 7, in <module>
    from .services import WechatAuthService
  File "/data/jtd_backend/jtd_shop/wechat_auth/services.py", line 7, in <module>
    from .models import WechatUser, WechatSession
  File "/data/jtd_backend/jtd_shop/wechat_auth/models.py", line 5, in <module>
    class WechatUser(models.Model):
  File "/data/jtd_backend/jtd_shop/.venv/lib/python3.10/site-packages/django/db/models/base.py", line 136, in __new__
    raise RuntimeError(
RuntimeError: Model class wechat_auth.models.WechatUser doesn't declare an explicit app_label and isn't in an application in INSTALLED_APPS.

During handling of the above exception, another exception occurred:

Traceback (most recent call last):
  File "/data/jtd_backend/jtd_shop/.venv/lib/python3.10/site-packages/django/core/handlers/exception.py", line 55, in inner
    response = get_response(request)
  File "/data/jtd_backend/jtd_shop/.venv/lib/python3.10/site-packages/django/utils/deprecation.py", line 120, in __call__
    response = response or self.get_response(request)
  File "/data/jtd_backend/jtd_shop/.venv/lib/python3.10/site-packages/django/core/handlers/exception.py", line 57, in inner
    response = response_for_exception(request, exc)
  File "/data/jtd_backend/jtd_shop/.venv/lib/python3.10/site-packages/django/core/handlers/exception.py", line 141, in response_for_exception
    response = handle_uncaught_exception(
  File "/data/jtd_backend/jtd_shop/.venv/lib/python3.10/site-packages/django/core/handlers/exception.py", line 182, in handle_uncaught_exception
    return debug.technical_500_response(request, *exc_info)
  File "/data/jtd_backend/jtd_shop/.venv/lib/python3.10/site-packages/django/views/debug.py", line 69, in technical_500_response
    html = reporter.get_traceback_html()
  File "/data/jtd_backend/jtd_shop/.venv/lib/python3.10/site-packages/django/views/debug.py", line 428, in get_traceback_html
    c = Context(self.get_traceback_data(), use_l10n=False)
  File "/data/jtd_backend/jtd_shop/.venv/lib/python3.10/site-packages/django/views/debug.py", line 411, in get_traceback_data
    c["raising_view_name"] = get_caller(self.request)
  File "/data/jtd_backend/jtd_shop/.venv/lib/python3.10/site-packages/django/views/debug.py", line 102, in get_caller
    resolver_match = resolve(request.path)
  File "/data/jtd_backend/jtd_shop/.venv/lib/python3.10/site-packages/django/urls/base.py", line 25, in resolve
    return get_resolver(urlconf).resolve(path)
  File "/data/jtd_backend/jtd_shop/.venv/lib/python3.10/site-packages/django/urls/resolvers.py", line 666, in resolve
    for pattern in self.url_patterns:
  File "/data/jtd_backend/jtd_shop/.venv/lib/python3.10/site-packages/django/utils/functional.py", line 47, in __get__
    res = instance.__dict__[self.name] = self.func(instance)
  File "/data/jtd_backend/jtd_shop/.venv/lib/python3.10/site-packages/django/urls/resolvers.py", line 718, in url_patterns
    patterns = getattr(self.urlconf_module, "urlpatterns", self.urlconf_module)
  File "/data/jtd_backend/jtd_shop/.venv/lib/python3.10/site-packages/django/utils/functional.py", line 47, in __get__
    res = instance.__dict__[self.name] = self.func(instance)
  File "/data/jtd_backend/jtd_shop/.venv/lib/python3.10/site-packages/django/urls/resolvers.py", line 711, in urlconf_module
    return import_module(self.urlconf_name)
  File "/usr/lib/python3.10/importlib/__init__.py", line 126, in import_module
    return _bootstrap._gcd_import(name[level:], package, level)
  File "<frozen importlib._bootstrap>", line 1050, in _gcd_import
  File "<frozen importlib._bootstrap>", line 1027, in _find_and_load
  File "<frozen importlib._bootstrap>", line 1006, in _find_and_load_unlocked
  File "<frozen importlib._bootstrap>", line 688, in _load_unlocked
  File "<frozen importlib._bootstrap_external>", line 883, in exec_module
  File "<frozen importlib._bootstrap>", line 241, in _call_with_frames_removed
  File "/data/jtd_backend/jtd_shop/App_backend/urls.py", line 47, in <module>
    path('wechat/', include('wechat_auth.urls')),
  File "/data/jtd_backend/jtd_shop/.venv/lib/python3.10/site-packages/django/urls/conf.py", line 39, in include
    urlconf_module = import_module(urlconf_module)
  File "/usr/lib/python3.10/importlib/__init__.py", line 126, in import_module
    return _bootstrap._gcd_import(name[level:], package, level)
  File "<frozen importlib._bootstrap>", line 1050, in _gcd_import
  File "<frozen importlib._bootstrap>", line 1027, in _find_and_load
  File "<frozen importlib._bootstrap>", line 1006, in _find_and_load_unlocked
  File "<frozen importlib._bootstrap>", line 688, in _load_unlocked
  File "<frozen importlib._bootstrap_external>", line 883, in exec_module
  File "<frozen importlib._bootstrap>", line 241, in _call_with_frames_removed
  File "/data/jtd_backend/jtd_shop/wechat_auth/urls.py", line 5, in <module>
    from . import views
  File "/data/jtd_backend/jtd_shop/wechat_auth/views.py", line 7, in <module>
    from .services import WechatAuthService
  File "/data/jtd_backend/jtd_shop/wechat_auth/services.py", line 7, in <module>
    from .models import WechatUser, WechatSession
  File "/data/jtd_backend/jtd_shop/wechat_auth/models.py", line 5, in <module>
    class WechatUser(models.Model):
  File "/data/jtd_backend/jtd_shop/.venv/lib/python3.10/site-packages/django/db/models/base.py", line 136, in __new__
    raise RuntimeError(
RuntimeError: Model class wechat_auth.models.WechatUser doesn't declare an explicit app_label and isn't in an application in INSTALLED_APPS.

During handling of the above exception, another exception occurred:

Traceback (most recent call last):
  File "/data/jtd_backend/jtd_shop/.venv/lib/python3.10/site-packages/django/core/handlers/exception.py", line 55, in inner
    response = get_response(request)
  File "/data/jtd_backend/jtd_shop/.venv/lib/python3.10/site-packages/django/utils/deprecation.py", line 120, in __call__
    response = response or self.get_response(request)
  File "/data/jtd_backend/jtd_shop/.venv/lib/python3.10/site-packages/django/core/handlers/exception.py", line 57, in inner
    response = response_for_exception(request, exc)
  File "/data/jtd_backend/jtd_shop/.venv/lib/python3.10/site-packages/django/core/handlers/exception.py", line 141, in response_for_exception
    response = handle_uncaught_exception(
  File "/data/jtd_backend/jtd_shop/.venv/lib/python3.10/site-packages/django/core/handlers/exception.py", line 182, in handle_uncaught_exception
    return debug.technical_500_response(request, *exc_info)
  File "/data/jtd_backend/jtd_shop/.venv/lib/python3.10/site-packages/django/views/debug.py", line 69, in technical_500_response
    html = reporter.get_traceback_html()
  File "/data/jtd_backend/jtd_shop/.venv/lib/python3.10/site-packages/django/views/debug.py", line 428, in get_traceback_html
    c = Context(self.get_traceback_data(), use_l10n=False)
  File "/data/jtd_backend/jtd_shop/.venv/lib/python3.10/site-packages/django/views/debug.py", line 411, in get_traceback_data
    c["raising_view_name"] = get_caller(self.request)
  File "/data/jtd_backend/jtd_shop/.venv/lib/python3.10/site-packages/django/views/debug.py", line 102, in get_caller
    resolver_match = resolve(request.path)
  File "/data/jtd_backend/jtd_shop/.venv/lib/python3.10/site-packages/django/urls/base.py", line 25, in resolve
    return get_resolver(urlconf).resolve(path)
  File "/data/jtd_backend/jtd_shop/.venv/lib/python3.10/site-packages/django/urls/resolvers.py", line 666, in resolve
    for pattern in self.url_patterns:
  File "/data/jtd_backend/jtd_shop/.venv/lib/python3.10/site-packages/django/utils/functional.py", line 47, in __get__
    res = instance.__dict__[self.name] = self.func(instance)
  File "/data/jtd_backend/jtd_shop/.venv/lib/python3.10/site-packages/django/urls/resolvers.py", line 718, in url_patterns
    patterns = getattr(self.urlconf_module, "urlpatterns", self.urlconf_module)
  File "/data/jtd_backend/jtd_shop/.venv/lib/python3.10/site-packages/django/utils/functional.py", line 47, in __get__
    res = instance.__dict__[self.name] = self.func(instance)
  File "/data/jtd_backend/jtd_shop/.venv/lib/python3.10/site-packages/django/urls/resolvers.py", line 711, in urlconf_module
    return import_module(self.urlconf_name)
  File "/usr/lib/python3.10/importlib/__init__.py", line 126, in import_module
    return _bootstrap._gcd_import(name[level:], package, level)
  File "<frozen importlib._bootstrap>", line 1050, in _gcd_import
  File "<frozen importlib._bootstrap>", line 1027, in _find_and_load
  File "<frozen importlib._bootstrap>", line 1006, in _find_and_load_unlocked
  File "<frozen importlib._bootstrap>", line 688, in _load_unlocked
  File "<frozen importlib._bootstrap_external>", line 883, in exec_module
  File "<frozen importlib._bootstrap>", line 241, in _call_with_frames_removed
  File "/data/jtd_backend/jtd_shop/App_backend/urls.py", line 47, in <module>
    path('wechat/', include('wechat_auth.urls')),
  File "/data/jtd_backend/jtd_shop/.venv/lib/python3.10/site-packages/django/urls/conf.py", line 39, in include
    urlconf_module = import_module(urlconf_module)
  File "/usr/lib/python3.10/importlib/__init__.py", line 126, in import_module
    return _bootstrap._gcd_import(name[level:], package, level)
  File "<frozen importlib._bootstrap>", line 1050, in _gcd_import
  File "<frozen importlib._bootstrap>", line 1027, in _find_and_load
  File "<frozen importlib._bootstrap>", line 1006, in _find_and_load_unlocked
  File "<frozen importlib._bootstrap>", line 688, in _load_unlocked
  File "<frozen importlib._bootstrap_external>", line 883, in exec_module
  File "<frozen importlib._bootstrap>", line 241, in _call_with_frames_removed
  File "/data/jtd_backend/jtd_shop/wechat_auth/urls.py", line 5, in <module>
    from . import views
  File "/data/jtd_backend/jtd_shop/wechat_auth/views.py", line 7, in <module>
    from .services import WechatAuthService
  File "/data/jtd_backend/jtd_shop/wechat_auth/services.py", line 7, in <module>
    from .models import WechatUser, WechatSession
  File "/data/jtd_backend/jtd_shop/wechat_auth/models.py", line 5, in <module>
    class WechatUser(models.Model):
  File "/data/jtd_backend/jtd_shop/.venv/lib/python3.10/site-packages/django/db/models/base.py", line 136, in __new__
    raise RuntimeError(
RuntimeError: Model class wechat_auth.models.WechatUser doesn't declare an explicit app_label and isn't in an application in INSTALLED_APPS.

During handling of the above exception, another exception occurred:

Traceback (most recent call last):
  File "/data/jtd_backend/jtd_shop/.venv/lib/python3.10/site-packages/django/core/handlers/exception.py", line 55, in inner
    response = get_response(request)
  File "/data/jtd_backend/jtd_shop/.venv/lib/python3.10/site-packages/django/utils/deprecation.py", line 120, in __call__
    response = response or self.get_response(request)
  File "/data/jtd_backend/jtd_shop/.venv/lib/python3.10/site-packages/django/core/handlers/exception.py", line 57, in inner
    response = response_for_exception(request, exc)
  File "/data/jtd_backend/jtd_shop/.venv/lib/python3.10/site-packages/django/core/handlers/exception.py", line 141, in response_for_exception
    response = handle_uncaught_exception(
  File "/data/jtd_backend/jtd_shop/.venv/lib/python3.10/site-packages/django/core/handlers/exception.py", line 182, in handle_uncaught_exception
    return debug.technical_500_response(request, *exc_info)
  File "/data/jtd_backend/jtd_shop/.venv/lib/python3.10/site-packages/django/views/debug.py", line 69, in technical_500_response
    html = reporter.get_traceback_html()
  File "/data/jtd_backend/jtd_shop/.venv/lib/python3.10/site-packages/django/views/debug.py", line 428, in get_traceback_html
    c = Context(self.get_traceback_data(), use_l10n=False)
  File "/data/jtd_backend/jtd_shop/.venv/lib/python3.10/site-packages/django/views/debug.py", line 411, in get_traceback_data
    c["raising_view_name"] = get_caller(self.request)
  File "/data/jtd_backend/jtd_shop/.venv/lib/python3.10/site-packages/django/views/debug.py", line 102, in get_caller
    resolver_match = resolve(request.path)
  File "/data/jtd_backend/jtd_shop/.venv/lib/python3.10/site-packages/django/urls/base.py", line 25, in resolve
    return get_resolver(urlconf).resolve(path)
  File "/data/jtd_backend/jtd_shop/.venv/lib/python3.10/site-packages/django/urls/resolvers.py", line 666, in resolve
    for pattern in self.url_patterns:
  File "/data/jtd_backend/jtd_shop/.venv/lib/python3.10/site-packages/django/utils/functional.py", line 47, in __get__
    res = instance.__dict__[self.name] = self.func(instance)
  File "/data/jtd_backend/jtd_shop/.venv/lib/python3.10/site-packages/django/urls/resolvers.py", line 718, in url_patterns
    patterns = getattr(self.urlconf_module, "urlpatterns", self.urlconf_module)
  File "/data/jtd_backend/jtd_shop/.venv/lib/python3.10/site-packages/django/utils/functional.py", line 47, in __get__
    res = instance.__dict__[self.name] = self.func(instance)
  File "/data/jtd_backend/jtd_shop/.venv/lib/python3.10/site-packages/django/urls/resolvers.py", line 711, in urlconf_module
    return import_module(self.urlconf_name)
  File "/usr/lib/python3.10/importlib/__init__.py", line 126, in import_module
    return _bootstrap._gcd_import(name[level:], package, level)
  File "<frozen importlib._bootstrap>", line 1050, in _gcd_import
  File "<frozen importlib._bootstrap>", line 1027, in _find_and_load
  File "<frozen importlib._bootstrap>", line 1006, in _find_and_load_unlocked
  File "<frozen importlib._bootstrap>", line 688, in _load_unlocked
  File "<frozen importlib._bootstrap_external>", line 883, in exec_module
  File "<frozen importlib._bootstrap>", line 241, in _call_with_frames_removed
  File "/data/jtd_backend/jtd_shop/App_backend/urls.py", line 47, in <module>
    path('wechat/', include('wechat_auth.urls')),
  File "/data/jtd_backend/jtd_shop/.venv/lib/python3.10/site-packages/django/urls/conf.py", line 39, in include
    urlconf_module = import_module(urlconf_module)
  File "/usr/lib/python3.10/importlib/__init__.py", line 126, in import_module
    return _bootstrap._gcd_import(name[level:], package, level)
  File "<frozen importlib._bootstrap>", line 1050, in _gcd_import
  File "<frozen importlib._bootstrap>", line 1027, in _find_and_load
  File "<frozen importlib._bootstrap>", line 1006, in _find_and_load_unlocked
  File "<frozen importlib._bootstrap>", line 688, in _load_unlocked
  File "<frozen importlib._bootstrap_external>", line 883, in exec_module
  File "<frozen importlib._bootstrap>", line 241, in _call_with_frames_removed
  File "/data/jtd_backend/jtd_shop/wechat_auth/urls.py", line 5, in <module>
    from . import views
  File "/data/jtd_backend/jtd_shop/wechat_auth/views.py", line 7, in <module>
    from .services import WechatAuthService
  File "/data/jtd_backend/jtd_shop/wechat_auth/services.py", line 7, in <module>
    from .models import WechatUser, WechatSession
  File "/data/jtd_backend/jtd_shop/wechat_auth/models.py", line 5, in <module>
    class WechatUser(models.Model):
  File "/data/jtd_backend/jtd_shop/.venv/lib/python3.10/site-packages/django/db/models/base.py", line 136, in __new__
    raise RuntimeError(
RuntimeError: Model class wechat_auth.models.WechatUser doesn't declare an explicit app_label and isn't in an application in INSTALLED_APPS.

During handling of the above exception, another exception occurred:

Traceback (most recent call last):
  File "/data/jtd_backend/jtd_shop/.venv/lib/python3.10/site-packages/django/core/handlers/exception.py", line 55, in inner
    response = get_response(request)
  File "/data/jtd_backend/jtd_shop/.venv/lib/python3.10/site-packages/django/utils/deprecation.py", line 120, in __call__
    response = response or self.get_response(request)
  File "/data/jtd_backend/jtd_shop/.venv/lib/python3.10/site-packages/django/core/handlers/exception.py", line 57, in inner
    response = response_for_exception(request, exc)
  File "/data/jtd_backend/jtd_shop/.venv/lib/python3.10/site-packages/django/core/handlers/exception.py", line 141, in response_for_exception
    response = handle_uncaught_exception(
  File "/data/jtd_backend/jtd_shop/.venv/lib/python3.10/site-packages/django/core/handlers/exception.py", line 182, in handle_uncaught_exception
    return debug.technical_500_response(request, *exc_info)
  File "/data/jtd_backend/jtd_shop/.venv/lib/python3.10/site-packages/django/views/debug.py", line 69, in technical_500_response
    html = reporter.get_traceback_html()
  File "/data/jtd_backend/jtd_shop/.venv/lib/python3.10/site-packages/django/views/debug.py", line 428, in get_traceback_html
    c = Context(self.get_traceback_data(), use_l10n=False)
  File "/data/jtd_backend/jtd_shop/.venv/lib/python3.10/site-packages/django/views/debug.py", line 411, in get_traceback_data
    c["raising_view_name"] = get_caller(self.request)
  File "/data/jtd_backend/jtd_shop/.venv/lib/python3.10/site-packages/django/views/debug.py", line 102, in get_caller
    resolver_match = resolve(request.path)
  File "/data/jtd_backend/jtd_shop/.venv/lib/python3.10/site-packages/django/urls/base.py", line 25, in resolve
    return get_resolver(urlconf).resolve(path)
  File "/data/jtd_backend/jtd_shop/.venv/lib/python3.10/site-packages/django/urls/resolvers.py", line 666, in resolve
    for pattern in self.url_patterns:
  File "/data/jtd_backend/jtd_shop/.venv/lib/python3.10/site-packages/django/utils/functional.py", line 47, in __get__
    res = instance.__dict__[self.name] = self.func(instance)
  File "/data/jtd_backend/jtd_shop/.venv/lib/python3.10/site-packages/django/urls/resolvers.py", line 718, in url_patterns
    patterns = getattr(self.urlconf_module, "urlpatterns", self.urlconf_module)
  File "/data/jtd_backend/jtd_shop/.venv/lib/python3.10/site-packages/django/utils/functional.py", line 47, in __get__
    res = instance.__dict__[self.name] = self.func(instance)
  File "/data/jtd_backend/jtd_shop/.venv/lib/python3.10/site-packages/django/urls/resolvers.py", line 711, in urlconf_module
    return import_module(self.urlconf_name)
  File "/usr/lib/python3.10/importlib/__init__.py", line 126, in import_module
    return _bootstrap._gcd_import(name[level:], package, level)
  File "<frozen importlib._bootstrap>", line 1050, in _gcd_import
  File "<frozen importlib._bootstrap>", line 1027, in _find_and_load
  File "<frozen importlib._bootstrap>", line 1006, in _find_and_load_unlocked
  File "<frozen importlib._bootstrap>", line 688, in _load_unlocked
  File "<frozen importlib._bootstrap_external>", line 883, in exec_module
  File "<frozen importlib._bootstrap>", line 241, in _call_with_frames_removed
  File "/data/jtd_backend/jtd_shop/App_backend/urls.py", line 47, in <module>
    path('wechat/', include('wechat_auth.urls')),
  File "/data/jtd_backend/jtd_shop/.venv/lib/python3.10/site-packages/django/urls/conf.py", line 39, in include
    urlconf_module = import_module(urlconf_module)
  File "/usr/lib/python3.10/importlib/__init__.py", line 126, in import_module
    return _bootstrap._gcd_import(name[level:], package, level)
  File "<frozen importlib._bootstrap>", line 1050, in _gcd_import
  File "<frozen importlib._bootstrap>", line 1027, in _find_and_load
  File "<frozen importlib._bootstrap>", line 1006, in _find_and_load_unlocked
  File "<frozen importlib._bootstrap>", line 688, in _load_unlocked
  File "<frozen importlib._bootstrap_external>", line 883, in exec_module
  File "<frozen importlib._bootstrap>", line 241, in _call_with_frames_removed
  File "/data/jtd_backend/jtd_shop/wechat_auth/urls.py", line 5, in <module>
    from . import views
  File "/data/jtd_backend/jtd_shop/wechat_auth/views.py", line 7, in <module>
    from .services import WechatAuthService
  File "/data/jtd_backend/jtd_shop/wechat_auth/services.py", line 7, in <module>
    from .models import WechatUser, WechatSession
  File "/data/jtd_backend/jtd_shop/wechat_auth/models.py", line 5, in <module>
    class WechatUser(models.Model):
  File "/data/jtd_backend/jtd_shop/.venv/lib/python3.10/site-packages/django/db/models/base.py", line 136, in __new__
    raise RuntimeError(
RuntimeError: Model class wechat_auth.models.WechatUser doesn't declare an explicit app_label and isn't in an application in INSTALLED_APPS.

During handling of the above exception, another exception occurred:

Traceback (most recent call last):
  File "/data/jtd_backend/jtd_shop/.venv/lib/python3.10/site-packages/django/core/handlers/exception.py", line 55, in inner
    response = get_response(request)
  File "/data/jtd_backend/jtd_shop/.venv/lib/python3.10/site-packages/django/utils/deprecation.py", line 120, in __call__
    response = response or self.get_response(request)
  File "/data/jtd_backend/jtd_shop/.venv/lib/python3.10/site-packages/django/core/handlers/exception.py", line 57, in inner
    response = response_for_exception(request, exc)
  File "/data/jtd_backend/jtd_shop/.venv/lib/python3.10/site-packages/django/core/handlers/exception.py", line 141, in response_for_exception
    response = handle_uncaught_exception(
  File "/data/jtd_backend/jtd_shop/.venv/lib/python3.10/site-packages/django/core/handlers/exception.py", line 182, in handle_uncaught_exception
    return debug.technical_500_response(request, *exc_info)
  File "/data/jtd_backend/jtd_shop/.venv/lib/python3.10/site-packages/django/views/debug.py", line 69, in technical_500_response
    html = reporter.get_traceback_html()
  File "/data/jtd_backend/jtd_shop/.venv/lib/python3.10/site-packages/django/views/debug.py", line 428, in get_traceback_html
    c = Context(self.get_traceback_data(), use_l10n=False)
  File "/data/jtd_backend/jtd_shop/.venv/lib/python3.10/site-packages/django/views/debug.py", line 411, in get_traceback_data
    c["raising_view_name"] = get_caller(self.request)
  File "/data/jtd_backend/jtd_shop/.venv/lib/python3.10/site-packages/django/views/debug.py", line 102, in get_caller
    resolver_match = resolve(request.path)
  File "/data/jtd_backend/jtd_shop/.venv/lib/python3.10/site-packages/django/urls/base.py", line 25, in resolve
    return get_resolver(urlconf).resolve(path)
  File "/data/jtd_backend/jtd_shop/.venv/lib/python3.10/site-packages/django/urls/resolvers.py", line 666, in resolve
    for pattern in self.url_patterns:
  File "/data/jtd_backend/jtd_shop/.venv/lib/python3.10/site-packages/django/utils/functional.py", line 47, in __get__
    res = instance.__dict__[self.name] = self.func(instance)
  File "/data/jtd_backend/jtd_shop/.venv/lib/python3.10/site-packages/django/urls/resolvers.py", line 718, in url_patterns
    patterns = getattr(self.urlconf_module, "urlpatterns", self.urlconf_module)
  File "/data/jtd_backend/jtd_shop/.venv/lib/python3.10/site-packages/django/utils/functional.py", line 47, in __get__
    res = instance.__dict__[self.name] = self.func(instance)
  File "/data/jtd_backend/jtd_shop/.venv/lib/python3.10/site-packages/django/urls/resolvers.py", line 711, in urlconf_module
    return import_module(self.urlconf_name)
  File "/usr/lib/python3.10/importlib/__init__.py", line 126, in import_module
    return _bootstrap._gcd_import(name[level:], package, level)
  File "<frozen importlib._bootstrap>", line 1050, in _gcd_import
  File "<frozen importlib._bootstrap>", line 1027, in _find_and_load
  File "<frozen importlib._bootstrap>", line 1006, in _find_and_load_unlocked
  File "<frozen importlib._bootstrap>", line 688, in _load_unlocked
  File "<frozen importlib._bootstrap_external>", line 883, in exec_module
  File "<frozen importlib._bootstrap>", line 241, in _call_with_frames_removed
  File "/data/jtd_backend/jtd_shop/App_backend/urls.py", line 47, in <module>
    path('wechat/', include('wechat_auth.urls')),
  File "/data/jtd_backend/jtd_shop/.venv/lib/python3.10/site-packages/django/urls/conf.py", line 39, in include
    urlconf_module = import_module(urlconf_module)
  File "/usr/lib/python3.10/importlib/__init__.py", line 126, in import_module
    return _bootstrap._gcd_import(name[level:], package, level)
  File "<frozen importlib._bootstrap>", line 1050, in _gcd_import
  File "<frozen importlib._bootstrap>", line 1027, in _find_and_load
  File "<frozen importlib._bootstrap>", line 1006, in _find_and_load_unlocked
  File "<frozen importlib._bootstrap>", line 688, in _load_unlocked
  File "<frozen importlib._bootstrap_external>", line 883, in exec_module
  File "<frozen importlib._bootstrap>", line 241, in _call_with_frames_removed
  File "/data/jtd_backend/jtd_shop/wechat_auth/urls.py", line 5, in <module>
    from . import views
  File "/data/jtd_backend/jtd_shop/wechat_auth/views.py", line 7, in <module>
    from .services import WechatAuthService
  File "/data/jtd_backend/jtd_shop/wechat_auth/services.py", line 7, in <module>
    from .models import WechatUser, WechatSession
  File "/data/jtd_backend/jtd_shop/wechat_auth/models.py", line 5, in <module>
    class WechatUser(models.Model):
  File "/data/jtd_backend/jtd_shop/.venv/lib/python3.10/site-packages/django/db/models/base.py", line 136, in __new__
    raise RuntimeError(
RuntimeError: Model class wechat_auth.models.WechatUser doesn't declare an explicit app_label and isn't in an application in INSTALLED_APPS.

During handling of the above exception, another exception occurred:

Traceback (most recent call last):
  File "/data/jtd_backend/jtd_shop/.venv/lib/python3.10/site-packages/django/core/handlers/exception.py", line 55, in inner
    response = get_response(request)
  File "/data/jtd_backend/jtd_shop/.venv/lib/python3.10/site-packages/django/utils/deprecation.py", line 120, in __call__
    response = response or self.get_response(request)
  File "/data/jtd_backend/jtd_shop/.venv/lib/python3.10/site-packages/django/core/handlers/exception.py", line 57, in inner
    response = response_for_exception(request, exc)
  File "/data/jtd_backend/jtd_shop/.venv/lib/python3.10/site-packages/django/core/handlers/exception.py", line 141, in response_for_exception
    response = handle_uncaught_exception(
  File "/data/jtd_backend/jtd_shop/.venv/lib/python3.10/site-packages/django/core/handlers/exception.py", line 182, in handle_uncaught_exception
    return debug.technical_500_response(request, *exc_info)
  File "/data/jtd_backend/jtd_shop/.venv/lib/python3.10/site-packages/django/views/debug.py", line 69, in technical_500_response
    html = reporter.get_traceback_html()
  File "/data/jtd_backend/jtd_shop/.venv/lib/python3.10/site-packages/django/views/debug.py", line 428, in get_traceback_html
    c = Context(self.get_traceback_data(), use_l10n=False)
  File "/data/jtd_backend/jtd_shop/.venv/lib/python3.10/site-packages/django/views/debug.py", line 411, in get_traceback_data
    c["raising_view_name"] = get_caller(self.request)
  File "/data/jtd_backend/jtd_shop/.venv/lib/python3.10/site-packages/django/views/debug.py", line 102, in get_caller
    resolver_match = resolve(request.path)
  File "/data/jtd_backend/jtd_shop/.venv/lib/python3.10/site-packages/django/urls/base.py", line 25, in resolve
    return get_resolver(urlconf).resolve(path)
  File "/data/jtd_backend/jtd_shop/.venv/lib/python3.10/site-packages/django/urls/resolvers.py", line 666, in resolve
    for pattern in self.url_patterns:
  File "/data/jtd_backend/jtd_shop/.venv/lib/python3.10/site-packages/django/utils/functional.py", line 47, in __get__
    res = instance.__dict__[self.name] = self.func(instance)
  File "/data/jtd_backend/jtd_shop/.venv/lib/python3.10/site-packages/django/urls/resolvers.py", line 718, in url_patterns
    patterns = getattr(self.urlconf_module, "urlpatterns", self.urlconf_module)
  File "/data/jtd_backend/jtd_shop/.venv/lib/python3.10/site-packages/django/utils/functional.py", line 47, in __get__
    res = instance.__dict__[self.name] = self.func(instance)
  File "/data/jtd_backend/jtd_shop/.venv/lib/python3.10/site-packages/django/urls/resolvers.py", line 711, in urlconf_module
    return import_module(self.urlconf_name)
  File "/usr/lib/python3.10/importlib/__init__.py", line 126, in import_module
    return _bootstrap._gcd_import(name[level:], package, level)
  File "<frozen importlib._bootstrap>", line 1050, in _gcd_import
  File "<frozen importlib._bootstrap>", line 1027, in _find_and_load
  File "<frozen importlib._bootstrap>", line 1006, in _find_and_load_unlocked
  File "<frozen importlib._bootstrap>", line 688, in _load_unlocked
  File "<frozen importlib._bootstrap_external>", line 883, in exec_module
  File "<frozen importlib._bootstrap>", line 241, in _call_with_frames_removed
  File "/data/jtd_backend/jtd_shop/App_backend/urls.py", line 47, in <module>
    path('wechat/', include('wechat_auth.urls')),
  File "/data/jtd_backend/jtd_shop/.venv/lib/python3.10/site-packages/django/urls/conf.py", line 39, in include
    urlconf_module = import_module(urlconf_module)
  File "/usr/lib/python3.10/importlib/__init__.py", line 126, in import_module
    return _bootstrap._gcd_import(name[level:], package, level)
  File "<frozen importlib._bootstrap>", line 1050, in _gcd_import
  File "<frozen importlib._bootstrap>", line 1027, in _find_and_load
  File "<frozen importlib._bootstrap>", line 1006, in _find_and_load_unlocked
  File "<frozen importlib._bootstrap>", line 688, in _load_unlocked
  File "<frozen importlib._bootstrap_external>", line 883, in exec_module
  File "<frozen importlib._bootstrap>", line 241, in _call_with_frames_removed
  File "/data/jtd_backend/jtd_shop/wechat_auth/urls.py", line 5, in <module>
    from . import views
  File "/data/jtd_backend/jtd_shop/wechat_auth/views.py", line 7, in <module>
    from .services import WechatAuthService
  File "/data/jtd_backend/jtd_shop/wechat_auth/services.py", line 7, in <module>
    from .models import WechatUser, WechatSession
  File "/data/jtd_backend/jtd_shop/wechat_auth/models.py", line 5, in <module>
    class WechatUser(models.Model):
  File "/data/jtd_backend/jtd_shop/.venv/lib/python3.10/site-packages/django/db/models/base.py", line 136, in __new__
    raise RuntimeError(
RuntimeError: Model class wechat_auth.models.WechatUser doesn't declare an explicit app_label and isn't in an application in INSTALLED_APPS.

During handling of the above exception, another exception occurred:

Traceback (most recent call last):
  File "/data/jtd_backend/jtd_shop/.venv/lib/python3.10/site-packages/django/core/handlers/exception.py", line 55, in inner
    response = get_response(request)
  File "/data/jtd_backend/jtd_shop/.venv/lib/python3.10/site-packages/corsheaders/middleware.py", line 56, in __call__
    result = self.get_response(request)
  File "/data/jtd_backend/jtd_shop/.venv/lib/python3.10/site-packages/django/core/handlers/exception.py", line 57, in inner
    response = response_for_exception(request, exc)
  File "/data/jtd_backend/jtd_shop/.venv/lib/python3.10/site-packages/django/core/handlers/exception.py", line 141, in response_for_exception
    response = handle_uncaught_exception(
  File "/data/jtd_backend/jtd_shop/.venv/lib/python3.10/site-packages/django/core/handlers/exception.py", line 182, in handle_uncaught_exception
    return debug.technical_500_response(request, *exc_info)
  File "/data/jtd_backend/jtd_shop/.venv/lib/python3.10/site-packages/django/views/debug.py", line 69, in technical_500_response
    html = reporter.get_traceback_html()
  File "/data/jtd_backend/jtd_shop/.venv/lib/python3.10/site-packages/django/views/debug.py", line 428, in get_traceback_html
    c = Context(self.get_traceback_data(), use_l10n=False)
  File "/data/jtd_backend/jtd_shop/.venv/lib/python3.10/site-packages/django/views/debug.py", line 411, in get_traceback_data
    c["raising_view_name"] = get_caller(self.request)
  File "/data/jtd_backend/jtd_shop/.venv/lib/python3.10/site-packages/django/views/debug.py", line 102, in get_caller
    resolver_match = resolve(request.path)
  File "/data/jtd_backend/jtd_shop/.venv/lib/python3.10/site-packages/django/urls/base.py", line 25, in resolve
    return get_resolver(urlconf).resolve(path)
  File "/data/jtd_backend/jtd_shop/.venv/lib/python3.10/site-packages/django/urls/resolvers.py", line 666, in resolve
    for pattern in self.url_patterns:
  File "/data/jtd_backend/jtd_shop/.venv/lib/python3.10/site-packages/django/utils/functional.py", line 47, in __get__
    res = instance.__dict__[self.name] = self.func(instance)
  File "/data/jtd_backend/jtd_shop/.venv/lib/python3.10/site-packages/django/urls/resolvers.py", line 718, in url_patterns
    patterns = getattr(self.urlconf_module, "urlpatterns", self.urlconf_module)
  File "/data/jtd_backend/jtd_shop/.venv/lib/python3.10/site-packages/django/utils/functional.py", line 47, in __get__
    res = instance.__dict__[self.name] = self.func(instance)
  File "/data/jtd_backend/jtd_shop/.venv/lib/python3.10/site-packages/django/urls/resolvers.py", line 711, in urlconf_module
    return import_module(self.urlconf_name)
  File "/usr/lib/python3.10/importlib/__init__.py", line 126, in import_module
    return _bootstrap._gcd_import(name[level:], package, level)
  File "<frozen importlib._bootstrap>", line 1050, in _gcd_import
  File "<frozen importlib._bootstrap>", line 1027, in _find_and_load
  File "<frozen importlib._bootstrap>", line 1006, in _find_and_load_unlocked
  File "<frozen importlib._bootstrap>", line 688, in _load_unlocked
  File "<frozen importlib._bootstrap_external>", line 883, in exec_module
  File "<frozen importlib._bootstrap>", line 241, in _call_with_frames_removed
  File "/data/jtd_backend/jtd_shop/App_backend/urls.py", line 47, in <module>
    path('wechat/', include('wechat_auth.urls')),
  File "/data/jtd_backend/jtd_shop/.venv/lib/python3.10/site-packages/django/urls/conf.py", line 39, in include
    urlconf_module = import_module(urlconf_module)
  File "/usr/lib/python3.10/importlib/__init__.py", line 126, in import_module
    return _bootstrap._gcd_import(name[level:], package, level)
  File "<frozen importlib._bootstrap>", line 1050, in _gcd_import
  File "<frozen importlib._bootstrap>", line 1027, in _find_and_load
  File "<frozen importlib._bootstrap>", line 1006, in _find_and_load_unlocked
  File "<frozen importlib._bootstrap>", line 688, in _load_unlocked
  File "<frozen importlib._bootstrap_external>", line 883, in exec_module
  File "<frozen importlib._bootstrap>", line 241, in _call_with_frames_removed
  File "/data/jtd_backend/jtd_shop/wechat_auth/urls.py", line 5, in <module>
    from . import views
  File "/data/jtd_backend/jtd_shop/wechat_auth/views.py", line 7, in <module>
    from .services import WechatAuthService
  File "/data/jtd_backend/jtd_shop/wechat_auth/services.py", line 7, in <module>
    from .models import WechatUser, WechatSession
  File "/data/jtd_backend/jtd_shop/wechat_auth/models.py", line 5, in <module>
    class WechatUser(models.Model):
  File "/data/jtd_backend/jtd_shop/.venv/lib/python3.10/site-packages/django/db/models/base.py", line 136, in __new__
    raise RuntimeError(
RuntimeError: Model class wechat_auth.models.WechatUser doesn't declare an explicit app_label and isn't in an application in INSTALLED_APPS.

During handling of the above exception, another exception occurred:

Traceback (most recent call last):
  File "/data/jtd_backend/jtd_shop/.venv/lib/python3.10/site-packages/gunicorn/workers/sync.py", line 134, in handle
    self.handle_request(listener, req, client, addr)
  File "/data/jtd_backend/jtd_shop/.venv/lib/python3.10/site-packages/gunicorn/workers/sync.py", line 177, in handle_request
    respiter = self.wsgi(environ, resp.start_response)
  File "/data/jtd_backend/jtd_shop/.venv/lib/python3.10/site-packages/django/core/handlers/wsgi.py", line 124, in __call__
    response = self.get_response(request)
  File "/data/jtd_backend/jtd_shop/.venv/lib/python3.10/site-packages/django/core/handlers/base.py", line 140, in get_response
    response = self._middleware_chain(request)
  File "/data/jtd_backend/jtd_shop/.venv/lib/python3.10/site-packages/django/core/handlers/exception.py", line 57, in inner
    response = response_for_exception(request, exc)
  File "/data/jtd_backend/jtd_shop/.venv/lib/python3.10/site-packages/django/core/handlers/exception.py", line 141, in response_for_exception
    response = handle_uncaught_exception(
  File "/data/jtd_backend/jtd_shop/.venv/lib/python3.10/site-packages/django/core/handlers/exception.py", line 182, in handle_uncaught_exception
    return debug.technical_500_response(request, *exc_info)
  File "/data/jtd_backend/jtd_shop/.venv/lib/python3.10/site-packages/django/views/debug.py", line 69, in technical_500_response
    html = reporter.get_traceback_html()
  File "/data/jtd_backend/jtd_shop/.venv/lib/python3.10/site-packages/django/views/debug.py", line 428, in get_traceback_html
    c = Context(self.get_traceback_data(), use_l10n=False)
  File "/data/jtd_backend/jtd_shop/.venv/lib/python3.10/site-packages/django/views/debug.py", line 411, in get_traceback_data
    c["raising_view_name"] = get_caller(self.request)
  File "/data/jtd_backend/jtd_shop/.venv/lib/python3.10/site-packages/django/views/debug.py", line 102, in get_caller
    resolver_match = resolve(request.path)
  File "/data/jtd_backend/jtd_shop/.venv/lib/python3.10/site-packages/django/urls/base.py", line 25, in resolve
    return get_resolver(urlconf).resolve(path)
  File "/data/jtd_backend/jtd_shop/.venv/lib/python3.10/site-packages/django/urls/resolvers.py", line 666, in resolve
    for pattern in self.url_patterns:
  File "/data/jtd_backend/jtd_shop/.venv/lib/python3.10/site-packages/django/utils/functional.py", line 47, in __get__
    res = instance.__dict__[self.name] = self.func(instance)
  File "/data/jtd_backend/jtd_shop/.venv/lib/python3.10/site-packages/django/urls/resolvers.py", line 718, in url_patterns
    patterns = getattr(self.urlconf_module, "urlpatterns", self.urlconf_module)
  File "/data/jtd_backend/jtd_shop/.venv/lib/python3.10/site-packages/django/utils/functional.py", line 47, in __get__
    res = instance.__dict__[self.name] = self.func(instance)
  File "/data/jtd_backend/jtd_shop/.venv/lib/python3.10/site-packages/django/urls/resolvers.py", line 711, in urlconf_module
    return import_module(self.urlconf_name)
  File "/usr/lib/python3.10/importlib/__init__.py", line 126, in import_module
    return _bootstrap._gcd_import(name[level:], package, level)
  File "<frozen importlib._bootstrap>", line 1050, in _gcd_import
  File "<frozen importlib._bootstrap>", line 1027, in _find_and_load
  File "<frozen importlib._bootstrap>", line 1006, in _find_and_load_unlocked
  File "<frozen importlib._bootstrap>", line 688, in _load_unlocked
  File "<frozen importlib._bootstrap_external>", line 883, in exec_module
  File "<frozen importlib._bootstrap>", line 241, in _call_with_frames_removed
  File "/data/jtd_backend/jtd_shop/App_backend/urls.py", line 47, in <module>
    path('wechat/', include('wechat_auth.urls')),
  File "/data/jtd_backend/jtd_shop/.venv/lib/python3.10/site-packages/django/urls/conf.py", line 39, in include
    urlconf_module = import_module(urlconf_module)
  File "/usr/lib/python3.10/importlib/__init__.py", line 126, in import_module
    return _bootstrap._gcd_import(name[level:], package, level)
  File "<frozen importlib._bootstrap>", line 1050, in _gcd_import
  File "<frozen importlib._bootstrap>", line 1027, in _find_and_load
  File "<frozen importlib._bootstrap>", line 1006, in _find_and_load_unlocked
  File "<frozen importlib._bootstrap>", line 688, in _load_unlocked
  File "<frozen importlib._bootstrap_external>", line 883, in exec_module
  File "<frozen importlib._bootstrap>", line 241, in _call_with_frames_removed
  File "/data/jtd_backend/jtd_shop/wechat_auth/urls.py", line 5, in <module>
    from . import views
  File "/data/jtd_backend/jtd_shop/wechat_auth/views.py", line 7, in <module>
    from .services import WechatAuthService
  File "/data/jtd_backend/jtd_shop/wechat_auth/services.py", line 7, in <module>
    from .models import WechatUser, WechatSession
  File "/data/jtd_backend/jtd_shop/wechat_auth/models.py", line 5, in <module>
    class WechatUser(models.Model):
  File "/data/jtd_backend/jtd_shop/.venv/lib/python3.10/site-packages/django/db/models/base.py", line 136, in __new__
    raise RuntimeError(
RuntimeError: Model class wechat_auth.models.WechatUser doesn't declare an explicit app_label and isn't in an application in INSTALLED_APPS.
[2025-08-21 06:14:31 +0000] [1376] [ERROR] Error handling request /admin
Traceback (most recent call last):
  File "/data/jtd_backend/jtd_shop/.venv/lib/python3.10/site-packages/django/core/handlers/exception.py", line 55, in inner
    response = get_response(request)
  File "/data/jtd_backend/jtd_shop/.venv/lib/python3.10/site-packages/django/core/handlers/base.py", line 181, in _get_response
    callback, callback_args, callback_kwargs = self.resolve_request(request)
  File "/data/jtd_backend/jtd_shop/.venv/lib/python3.10/site-packages/django/core/handlers/base.py", line 313, in resolve_request
    resolver_match = resolver.resolve(request.path_info)
  File "/data/jtd_backend/jtd_shop/.venv/lib/python3.10/site-packages/django/urls/resolvers.py", line 666, in resolve
    for pattern in self.url_patterns:
  File "/data/jtd_backend/jtd_shop/.venv/lib/python3.10/site-packages/django/utils/functional.py", line 47, in __get__
    res = instance.__dict__[self.name] = self.func(instance)
  File "/data/jtd_backend/jtd_shop/.venv/lib/python3.10/site-packages/django/urls/resolvers.py", line 718, in url_patterns
    patterns = getattr(self.urlconf_module, "urlpatterns", self.urlconf_module)
  File "/data/jtd_backend/jtd_shop/.venv/lib/python3.10/site-packages/django/utils/functional.py", line 47, in __get__
    res = instance.__dict__[self.name] = self.func(instance)
  File "/data/jtd_backend/jtd_shop/.venv/lib/python3.10/site-packages/django/urls/resolvers.py", line 711, in urlconf_module
    return import_module(self.urlconf_name)
  File "/usr/lib/python3.10/importlib/__init__.py", line 126, in import_module
    return _bootstrap._gcd_import(name[level:], package, level)
  File "<frozen importlib._bootstrap>", line 1050, in _gcd_import
  File "<frozen importlib._bootstrap>", line 1027, in _find_and_load
  File "<frozen importlib._bootstrap>", line 1006, in _find_and_load_unlocked
  File "<frozen importlib._bootstrap>", line 688, in _load_unlocked
  File "<frozen importlib._bootstrap_external>", line 883, in exec_module
  File "<frozen importlib._bootstrap>", line 241, in _call_with_frames_removed
  File "/data/jtd_backend/jtd_shop/App_backend/urls.py", line 47, in <module>
    path('wechat/', include('wechat_auth.urls')),
  File "/data/jtd_backend/jtd_shop/.venv/lib/python3.10/site-packages/django/urls/conf.py", line 39, in include
    urlconf_module = import_module(urlconf_module)
  File "/usr/lib/python3.10/importlib/__init__.py", line 126, in import_module
    return _bootstrap._gcd_import(name[level:], package, level)
  File "<frozen importlib._bootstrap>", line 1050, in _gcd_import
  File "<frozen importlib._bootstrap>", line 1027, in _find_and_load
  File "<frozen importlib._bootstrap>", line 1006, in _find_and_load_unlocked
  File "<frozen importlib._bootstrap>", line 688, in _load_unlocked
  File "<frozen importlib._bootstrap_external>", line 883, in exec_module
  File "<frozen importlib._bootstrap>", line 241, in _call_with_frames_removed
  File "/data/jtd_backend/jtd_shop/wechat_auth/urls.py", line 5, in <module>
    from . import views
  File "/data/jtd_backend/jtd_shop/wechat_auth/views.py", line 7, in <module>
    from .services import WechatAuthService
  File "/data/jtd_backend/jtd_shop/wechat_auth/services.py", line 7, in <module>
    from .models import WechatUser, WechatSession
  File "/data/jtd_backend/jtd_shop/wechat_auth/models.py", line 5, in <module>
    class WechatUser(models.Model):
  File "/data/jtd_backend/jtd_shop/.venv/lib/python3.10/site-packages/django/db/models/base.py", line 136, in __new__
    raise RuntimeError(
RuntimeError: Model class wechat_auth.models.WechatUser doesn't declare an explicit app_label and isn't in an application in INSTALLED_APPS.

During handling of the above exception, another exception occurred:

Traceback (most recent call last):
  File "/data/jtd_backend/jtd_shop/.venv/lib/python3.10/site-packages/django/core/handlers/exception.py", line 55, in inner
    response = get_response(request)
  File "/data/jtd_backend/jtd_shop/.venv/lib/python3.10/site-packages/django/utils/deprecation.py", line 120, in __call__
    response = response or self.get_response(request)
  File "/data/jtd_backend/jtd_shop/.venv/lib/python3.10/site-packages/django/core/handlers/exception.py", line 57, in inner
    response = response_for_exception(request, exc)
  File "/data/jtd_backend/jtd_shop/.venv/lib/python3.10/site-packages/django/core/handlers/exception.py", line 141, in response_for_exception
    response = handle_uncaught_exception(
  File "/data/jtd_backend/jtd_shop/.venv/lib/python3.10/site-packages/django/core/handlers/exception.py", line 182, in handle_uncaught_exception
    return debug.technical_500_response(request, *exc_info)
  File "/data/jtd_backend/jtd_shop/.venv/lib/python3.10/site-packages/django/views/debug.py", line 69, in technical_500_response
    html = reporter.get_traceback_html()
  File "/data/jtd_backend/jtd_shop/.venv/lib/python3.10/site-packages/django/views/debug.py", line 428, in get_traceback_html
    c = Context(self.get_traceback_data(), use_l10n=False)
  File "/data/jtd_backend/jtd_shop/.venv/lib/python3.10/site-packages/django/views/debug.py", line 411, in get_traceback_data
    c["raising_view_name"] = get_caller(self.request)
  File "/data/jtd_backend/jtd_shop/.venv/lib/python3.10/site-packages/django/views/debug.py", line 102, in get_caller
    resolver_match = resolve(request.path)
  File "/data/jtd_backend/jtd_shop/.venv/lib/python3.10/site-packages/django/urls/base.py", line 25, in resolve
    return get_resolver(urlconf).resolve(path)
  File "/data/jtd_backend/jtd_shop/.venv/lib/python3.10/site-packages/django/urls/resolvers.py", line 666, in resolve
    for pattern in self.url_patterns:
  File "/data/jtd_backend/jtd_shop/.venv/lib/python3.10/site-packages/django/utils/functional.py", line 47, in __get__
    res = instance.__dict__[self.name] = self.func(instance)
  File "/data/jtd_backend/jtd_shop/.venv/lib/python3.10/site-packages/django/urls/resolvers.py", line 718, in url_patterns
    patterns = getattr(self.urlconf_module, "urlpatterns", self.urlconf_module)
  File "/data/jtd_backend/jtd_shop/.venv/lib/python3.10/site-packages/django/utils/functional.py", line 47, in __get__
    res = instance.__dict__[self.name] = self.func(instance)
  File "/data/jtd_backend/jtd_shop/.venv/lib/python3.10/site-packages/django/urls/resolvers.py", line 711, in urlconf_module
    return import_module(self.urlconf_name)
  File "/usr/lib/python3.10/importlib/__init__.py", line 126, in import_module
    return _bootstrap._gcd_import(name[level:], package, level)
  File "<frozen importlib._bootstrap>", line 1050, in _gcd_import
  File "<frozen importlib._bootstrap>", line 1027, in _find_and_load
  File "<frozen importlib._bootstrap>", line 1006, in _find_and_load_unlocked
  File "<frozen importlib._bootstrap>", line 688, in _load_unlocked
  File "<frozen importlib._bootstrap_external>", line 883, in exec_module
  File "<frozen importlib._bootstrap>", line 241, in _call_with_frames_removed
  File "/data/jtd_backend/jtd_shop/App_backend/urls.py", line 47, in <module>
    path('wechat/', include('wechat_auth.urls')),
  File "/data/jtd_backend/jtd_shop/.venv/lib/python3.10/site-packages/django/urls/conf.py", line 39, in include
    urlconf_module = import_module(urlconf_module)
  File "/usr/lib/python3.10/importlib/__init__.py", line 126, in import_module
    return _bootstrap._gcd_import(name[level:], package, level)
  File "<frozen importlib._bootstrap>", line 1050, in _gcd_import
  File "<frozen importlib._bootstrap>", line 1027, in _find_and_load
  File "<frozen importlib._bootstrap>", line 1006, in _find_and_load_unlocked
  File "<frozen importlib._bootstrap>", line 688, in _load_unlocked
  File "<frozen importlib._bootstrap_external>", line 883, in exec_module
  File "<frozen importlib._bootstrap>", line 241, in _call_with_frames_removed
  File "/data/jtd_backend/jtd_shop/wechat_auth/urls.py", line 5, in <module>
    from . import views
  File "/data/jtd_backend/jtd_shop/wechat_auth/views.py", line 7, in <module>
    from .services import WechatAuthService
  File "/data/jtd_backend/jtd_shop/wechat_auth/services.py", line 7, in <module>
    from .models import WechatUser, WechatSession
  File "/data/jtd_backend/jtd_shop/wechat_auth/models.py", line 5, in <module>
    class WechatUser(models.Model):
  File "/data/jtd_backend/jtd_shop/.venv/lib/python3.10/site-packages/django/db/models/base.py", line 136, in __new__
    raise RuntimeError(
RuntimeError: Model class wechat_auth.models.WechatUser doesn't declare an explicit app_label and isn't in an application in INSTALLED_APPS.

During handling of the above exception, another exception occurred:

Traceback (most recent call last):
  File "/data/jtd_backend/jtd_shop/.venv/lib/python3.10/site-packages/django/core/handlers/exception.py", line 55, in inner
    response = get_response(request)
  File "/data/jtd_backend/jtd_shop/.venv/lib/python3.10/site-packages/django/utils/deprecation.py", line 120, in __call__
    response = response or self.get_response(request)
  File "/data/jtd_backend/jtd_shop/.venv/lib/python3.10/site-packages/django/core/handlers/exception.py", line 57, in inner
    response = response_for_exception(request, exc)
  File "/data/jtd_backend/jtd_shop/.venv/lib/python3.10/site-packages/django/core/handlers/exception.py", line 141, in response_for_exception
    response = handle_uncaught_exception(
  File "/data/jtd_backend/jtd_shop/.venv/lib/python3.10/site-packages/django/core/handlers/exception.py", line 182, in handle_uncaught_exception
    return debug.technical_500_response(request, *exc_info)
  File "/data/jtd_backend/jtd_shop/.venv/lib/python3.10/site-packages/django/views/debug.py", line 69, in technical_500_response
    html = reporter.get_traceback_html()
  File "/data/jtd_backend/jtd_shop/.venv/lib/python3.10/site-packages/django/views/debug.py", line 428, in get_traceback_html
    c = Context(self.get_traceback_data(), use_l10n=False)
  File "/data/jtd_backend/jtd_shop/.venv/lib/python3.10/site-packages/django/views/debug.py", line 411, in get_traceback_data
    c["raising_view_name"] = get_caller(self.request)
  File "/data/jtd_backend/jtd_shop/.venv/lib/python3.10/site-packages/django/views/debug.py", line 102, in get_caller
    resolver_match = resolve(request.path)
  File "/data/jtd_backend/jtd_shop/.venv/lib/python3.10/site-packages/django/urls/base.py", line 25, in resolve
    return get_resolver(urlconf).resolve(path)
  File "/data/jtd_backend/jtd_shop/.venv/lib/python3.10/site-packages/django/urls/resolvers.py", line 666, in resolve
    for pattern in self.url_patterns:
  File "/data/jtd_backend/jtd_shop/.venv/lib/python3.10/site-packages/django/utils/functional.py", line 47, in __get__
    res = instance.__dict__[self.name] = self.func(instance)
  File "/data/jtd_backend/jtd_shop/.venv/lib/python3.10/site-packages/django/urls/resolvers.py", line 718, in url_patterns
    patterns = getattr(self.urlconf_module, "urlpatterns", self.urlconf_module)
  File "/data/jtd_backend/jtd_shop/.venv/lib/python3.10/site-packages/django/utils/functional.py", line 47, in __get__
    res = instance.__dict__[self.name] = self.func(instance)
  File "/data/jtd_backend/jtd_shop/.venv/lib/python3.10/site-packages/django/urls/resolvers.py", line 711, in urlconf_module
    return import_module(self.urlconf_name)
  File "/usr/lib/python3.10/importlib/__init__.py", line 126, in import_module
    return _bootstrap._gcd_import(name[level:], package, level)
  File "<frozen importlib._bootstrap>", line 1050, in _gcd_import
  File "<frozen importlib._bootstrap>", line 1027, in _find_and_load
  File "<frozen importlib._bootstrap>", line 1006, in _find_and_load_unlocked
  File "<frozen importlib._bootstrap>", line 688, in _load_unlocked
  File "<frozen importlib._bootstrap_external>", line 883, in exec_module
  File "<frozen importlib._bootstrap>", line 241, in _call_with_frames_removed
  File "/data/jtd_backend/jtd_shop/App_backend/urls.py", line 47, in <module>
    path('wechat/', include('wechat_auth.urls')),
  File "/data/jtd_backend/jtd_shop/.venv/lib/python3.10/site-packages/django/urls/conf.py", line 39, in include
    urlconf_module = import_module(urlconf_module)
  File "/usr/lib/python3.10/importlib/__init__.py", line 126, in import_module
    return _bootstrap._gcd_import(name[level:], package, level)
  File "<frozen importlib._bootstrap>", line 1050, in _gcd_import
  File "<frozen importlib._bootstrap>", line 1027, in _find_and_load
  File "<frozen importlib._bootstrap>", line 1006, in _find_and_load_unlocked
  File "<frozen importlib._bootstrap>", line 688, in _load_unlocked
  File "<frozen importlib._bootstrap_external>", line 883, in exec_module
  File "<frozen importlib._bootstrap>", line 241, in _call_with_frames_removed
  File "/data/jtd_backend/jtd_shop/wechat_auth/urls.py", line 5, in <module>
    from . import views
  File "/data/jtd_backend/jtd_shop/wechat_auth/views.py", line 7, in <module>
    from .services import WechatAuthService
  File "/data/jtd_backend/jtd_shop/wechat_auth/services.py", line 7, in <module>
    from .models import WechatUser, WechatSession
  File "/data/jtd_backend/jtd_shop/wechat_auth/models.py", line 5, in <module>
    class WechatUser(models.Model):
  File "/data/jtd_backend/jtd_shop/.venv/lib/python3.10/site-packages/django/db/models/base.py", line 136, in __new__
    raise RuntimeError(
RuntimeError: Model class wechat_auth.models.WechatUser doesn't declare an explicit app_label and isn't in an application in INSTALLED_APPS.

During handling of the above exception, another exception occurred:

Traceback (most recent call last):
  File "/data/jtd_backend/jtd_shop/.venv/lib/python3.10/site-packages/django/core/handlers/exception.py", line 55, in inner
    response = get_response(request)
  File "/data/jtd_backend/jtd_shop/.venv/lib/python3.10/site-packages/django/utils/deprecation.py", line 120, in __call__
    response = response or self.get_response(request)
  File "/data/jtd_backend/jtd_shop/.venv/lib/python3.10/site-packages/django/core/handlers/exception.py", line 57, in inner
    response = response_for_exception(request, exc)
  File "/data/jtd_backend/jtd_shop/.venv/lib/python3.10/site-packages/django/core/handlers/exception.py", line 141, in response_for_exception
    response = handle_uncaught_exception(
  File "/data/jtd_backend/jtd_shop/.venv/lib/python3.10/site-packages/django/core/handlers/exception.py", line 182, in handle_uncaught_exception
    return debug.technical_500_response(request, *exc_info)
  File "/data/jtd_backend/jtd_shop/.venv/lib/python3.10/site-packages/django/views/debug.py", line 69, in technical_500_response
    html = reporter.get_traceback_html()
  File "/data/jtd_backend/jtd_shop/.venv/lib/python3.10/site-packages/django/views/debug.py", line 428, in get_traceback_html
    c = Context(self.get_traceback_data(), use_l10n=False)
  File "/data/jtd_backend/jtd_shop/.venv/lib/python3.10/site-packages/django/views/debug.py", line 411, in get_traceback_data
    c["raising_view_name"] = get_caller(self.request)
  File "/data/jtd_backend/jtd_shop/.venv/lib/python3.10/site-packages/django/views/debug.py", line 102, in get_caller
    resolver_match = resolve(request.path)
  File "/data/jtd_backend/jtd_shop/.venv/lib/python3.10/site-packages/django/urls/base.py", line 25, in resolve
    return get_resolver(urlconf).resolve(path)
  File "/data/jtd_backend/jtd_shop/.venv/lib/python3.10/site-packages/django/urls/resolvers.py", line 666, in resolve
    for pattern in self.url_patterns:
  File "/data/jtd_backend/jtd_shop/.venv/lib/python3.10/site-packages/django/utils/functional.py", line 47, in __get__
    res = instance.__dict__[self.name] = self.func(instance)
  File "/data/jtd_backend/jtd_shop/.venv/lib/python3.10/site-packages/django/urls/resolvers.py", line 718, in url_patterns
    patterns = getattr(self.urlconf_module, "urlpatterns", self.urlconf_module)
  File "/data/jtd_backend/jtd_shop/.venv/lib/python3.10/site-packages/django/utils/functional.py", line 47, in __get__
    res = instance.__dict__[self.name] = self.func(instance)
  File "/data/jtd_backend/jtd_shop/.venv/lib/python3.10/site-packages/django/urls/resolvers.py", line 711, in urlconf_module
    return import_module(self.urlconf_name)
  File "/usr/lib/python3.10/importlib/__init__.py", line 126, in import_module
    return _bootstrap._gcd_import(name[level:], package, level)
  File "<frozen importlib._bootstrap>", line 1050, in _gcd_import
  File "<frozen importlib._bootstrap>", line 1027, in _find_and_load
  File "<frozen importlib._bootstrap>", line 1006, in _find_and_load_unlocked
  File "<frozen importlib._bootstrap>", line 688, in _load_unlocked
  File "<frozen importlib._bootstrap_external>", line 883, in exec_module
  File "<frozen importlib._bootstrap>", line 241, in _call_with_frames_removed
  File "/data/jtd_backend/jtd_shop/App_backend/urls.py", line 47, in <module>
    path('wechat/', include('wechat_auth.urls')),
  File "/data/jtd_backend/jtd_shop/.venv/lib/python3.10/site-packages/django/urls/conf.py", line 39, in include
    urlconf_module = import_module(urlconf_module)
  File "/usr/lib/python3.10/importlib/__init__.py", line 126, in import_module
    return _bootstrap._gcd_import(name[level:], package, level)
  File "<frozen importlib._bootstrap>", line 1050, in _gcd_import
  File "<frozen importlib._bootstrap>", line 1027, in _find_and_load
  File "<frozen importlib._bootstrap>", line 1006, in _find_and_load_unlocked
  File "<frozen importlib._bootstrap>", line 688, in _load_unlocked
  File "<frozen importlib._bootstrap_external>", line 883, in exec_module
  File "<frozen importlib._bootstrap>", line 241, in _call_with_frames_removed
  File "/data/jtd_backend/jtd_shop/wechat_auth/urls.py", line 5, in <module>
    from . import views
  File "/data/jtd_backend/jtd_shop/wechat_auth/views.py", line 7, in <module>
    from .services import WechatAuthService
  File "/data/jtd_backend/jtd_shop/wechat_auth/services.py", line 7, in <module>
    from .models import WechatUser, WechatSession
  File "/data/jtd_backend/jtd_shop/wechat_auth/models.py", line 5, in <module>
    class WechatUser(models.Model):
  File "/data/jtd_backend/jtd_shop/.venv/lib/python3.10/site-packages/django/db/models/base.py", line 136, in __new__
    raise RuntimeError(
RuntimeError: Model class wechat_auth.models.WechatUser doesn't declare an explicit app_label and isn't in an application in INSTALLED_APPS.

During handling of the above exception, another exception occurred:

Traceback (most recent call last):
  File "/data/jtd_backend/jtd_shop/.venv/lib/python3.10/site-packages/django/core/handlers/exception.py", line 55, in inner
    response = get_response(request)
  File "/data/jtd_backend/jtd_shop/.venv/lib/python3.10/site-packages/django/utils/deprecation.py", line 120, in __call__
    response = response or self.get_response(request)
  File "/data/jtd_backend/jtd_shop/.venv/lib/python3.10/site-packages/django/core/handlers/exception.py", line 57, in inner
    response = response_for_exception(request, exc)
  File "/data/jtd_backend/jtd_shop/.venv/lib/python3.10/site-packages/django/core/handlers/exception.py", line 141, in response_for_exception
    response = handle_uncaught_exception(
  File "/data/jtd_backend/jtd_shop/.venv/lib/python3.10/site-packages/django/core/handlers/exception.py", line 182, in handle_uncaught_exception
    return debug.technical_500_response(request, *exc_info)
  File "/data/jtd_backend/jtd_shop/.venv/lib/python3.10/site-packages/django/views/debug.py", line 69, in technical_500_response
    html = reporter.get_traceback_html()
  File "/data/jtd_backend/jtd_shop/.venv/lib/python3.10/site-packages/django/views/debug.py", line 428, in get_traceback_html
    c = Context(self.get_traceback_data(), use_l10n=False)
  File "/data/jtd_backend/jtd_shop/.venv/lib/python3.10/site-packages/django/views/debug.py", line 411, in get_traceback_data
    c["raising_view_name"] = get_caller(self.request)
  File "/data/jtd_backend/jtd_shop/.venv/lib/python3.10/site-packages/django/views/debug.py", line 102, in get_caller
    resolver_match = resolve(request.path)
  File "/data/jtd_backend/jtd_shop/.venv/lib/python3.10/site-packages/django/urls/base.py", line 25, in resolve
    return get_resolver(urlconf).resolve(path)
  File "/data/jtd_backend/jtd_shop/.venv/lib/python3.10/site-packages/django/urls/resolvers.py", line 666, in resolve
    for pattern in self.url_patterns:
  File "/data/jtd_backend/jtd_shop/.venv/lib/python3.10/site-packages/django/utils/functional.py", line 47, in __get__
    res = instance.__dict__[self.name] = self.func(instance)
  File "/data/jtd_backend/jtd_shop/.venv/lib/python3.10/site-packages/django/urls/resolvers.py", line 718, in url_patterns
    patterns = getattr(self.urlconf_module, "urlpatterns", self.urlconf_module)
  File "/data/jtd_backend/jtd_shop/.venv/lib/python3.10/site-packages/django/utils/functional.py", line 47, in __get__
    res = instance.__dict__[self.name] = self.func(instance)
  File "/data/jtd_backend/jtd_shop/.venv/lib/python3.10/site-packages/django/urls/resolvers.py", line 711, in urlconf_module
    return import_module(self.urlconf_name)
  File "/usr/lib/python3.10/importlib/__init__.py", line 126, in import_module
    return _bootstrap._gcd_import(name[level:], package, level)
  File "<frozen importlib._bootstrap>", line 1050, in _gcd_import
  File "<frozen importlib._bootstrap>", line 1027, in _find_and_load
  File "<frozen importlib._bootstrap>", line 1006, in _find_and_load_unlocked
  File "<frozen importlib._bootstrap>", line 688, in _load_unlocked
  File "<frozen importlib._bootstrap_external>", line 883, in exec_module
  File "<frozen importlib._bootstrap>", line 241, in _call_with_frames_removed
  File "/data/jtd_backend/jtd_shop/App_backend/urls.py", line 47, in <module>
    path('wechat/', include('wechat_auth.urls')),
  File "/data/jtd_backend/jtd_shop/.venv/lib/python3.10/site-packages/django/urls/conf.py", line 39, in include
    urlconf_module = import_module(urlconf_module)
  File "/usr/lib/python3.10/importlib/__init__.py", line 126, in import_module
    return _bootstrap._gcd_import(name[level:], package, level)
  File "<frozen importlib._bootstrap>", line 1050, in _gcd_import
  File "<frozen importlib._bootstrap>", line 1027, in _find_and_load
  File "<frozen importlib._bootstrap>", line 1006, in _find_and_load_unlocked
  File "<frozen importlib._bootstrap>", line 688, in _load_unlocked
  File "<frozen importlib._bootstrap_external>", line 883, in exec_module
  File "<frozen importlib._bootstrap>", line 241, in _call_with_frames_removed
  File "/data/jtd_backend/jtd_shop/wechat_auth/urls.py", line 5, in <module>
    from . import views
  File "/data/jtd_backend/jtd_shop/wechat_auth/views.py", line 7, in <module>
    from .services import WechatAuthService
  File "/data/jtd_backend/jtd_shop/wechat_auth/services.py", line 7, in <module>
    from .models import WechatUser, WechatSession
  File "/data/jtd_backend/jtd_shop/wechat_auth/models.py", line 5, in <module>
    class WechatUser(models.Model):
  File "/data/jtd_backend/jtd_shop/.venv/lib/python3.10/site-packages/django/db/models/base.py", line 136, in __new__
    raise RuntimeError(
RuntimeError: Model class wechat_auth.models.WechatUser doesn't declare an explicit app_label and isn't in an application in INSTALLED_APPS.

During handling of the above exception, another exception occurred:

Traceback (most recent call last):
  File "/data/jtd_backend/jtd_shop/.venv/lib/python3.10/site-packages/django/core/handlers/exception.py", line 55, in inner
    response = get_response(request)
  File "/data/jtd_backend/jtd_shop/.venv/lib/python3.10/site-packages/django/utils/deprecation.py", line 120, in __call__
    response = response or self.get_response(request)
  File "/data/jtd_backend/jtd_shop/.venv/lib/python3.10/site-packages/django/core/handlers/exception.py", line 57, in inner
    response = response_for_exception(request, exc)
  File "/data/jtd_backend/jtd_shop/.venv/lib/python3.10/site-packages/django/core/handlers/exception.py", line 141, in response_for_exception
    response = handle_uncaught_exception(
  File "/data/jtd_backend/jtd_shop/.venv/lib/python3.10/site-packages/django/core/handlers/exception.py", line 182, in handle_uncaught_exception
    return debug.technical_500_response(request, *exc_info)
  File "/data/jtd_backend/jtd_shop/.venv/lib/python3.10/site-packages/django/views/debug.py", line 69, in technical_500_response
    html = reporter.get_traceback_html()
  File "/data/jtd_backend/jtd_shop/.venv/lib/python3.10/site-packages/django/views/debug.py", line 428, in get_traceback_html
    c = Context(self.get_traceback_data(), use_l10n=False)
  File "/data/jtd_backend/jtd_shop/.venv/lib/python3.10/site-packages/django/views/debug.py", line 411, in get_traceback_data
    c["raising_view_name"] = get_caller(self.request)
  File "/data/jtd_backend/jtd_shop/.venv/lib/python3.10/site-packages/django/views/debug.py", line 102, in get_caller
    resolver_match = resolve(request.path)
  File "/data/jtd_backend/jtd_shop/.venv/lib/python3.10/site-packages/django/urls/base.py", line 25, in resolve
    return get_resolver(urlconf).resolve(path)
  File "/data/jtd_backend/jtd_shop/.venv/lib/python3.10/site-packages/django/urls/resolvers.py", line 666, in resolve
    for pattern in self.url_patterns:
  File "/data/jtd_backend/jtd_shop/.venv/lib/python3.10/site-packages/django/utils/functional.py", line 47, in __get__
    res = instance.__dict__[self.name] = self.func(instance)
  File "/data/jtd_backend/jtd_shop/.venv/lib/python3.10/site-packages/django/urls/resolvers.py", line 718, in url_patterns
    patterns = getattr(self.urlconf_module, "urlpatterns", self.urlconf_module)
  File "/data/jtd_backend/jtd_shop/.venv/lib/python3.10/site-packages/django/utils/functional.py", line 47, in __get__
    res = instance.__dict__[self.name] = self.func(instance)
  File "/data/jtd_backend/jtd_shop/.venv/lib/python3.10/site-packages/django/urls/resolvers.py", line 711, in urlconf_module
    return import_module(self.urlconf_name)
  File "/usr/lib/python3.10/importlib/__init__.py", line 126, in import_module
    return _bootstrap._gcd_import(name[level:], package, level)
  File "<frozen importlib._bootstrap>", line 1050, in _gcd_import
  File "<frozen importlib._bootstrap>", line 1027, in _find_and_load
  File "<frozen importlib._bootstrap>", line 1006, in _find_and_load_unlocked
  File "<frozen importlib._bootstrap>", line 688, in _load_unlocked
  File "<frozen importlib._bootstrap_external>", line 883, in exec_module
  File "<frozen importlib._bootstrap>", line 241, in _call_with_frames_removed
  File "/data/jtd_backend/jtd_shop/App_backend/urls.py", line 47, in <module>
    path('wechat/', include('wechat_auth.urls')),
  File "/data/jtd_backend/jtd_shop/.venv/lib/python3.10/site-packages/django/urls/conf.py", line 39, in include
    urlconf_module = import_module(urlconf_module)
  File "/usr/lib/python3.10/importlib/__init__.py", line 126, in import_module
    return _bootstrap._gcd_import(name[level:], package, level)
  File "<frozen importlib._bootstrap>", line 1050, in _gcd_import
  File "<frozen importlib._bootstrap>", line 1027, in _find_and_load
  File "<frozen importlib._bootstrap>", line 1006, in _find_and_load_unlocked
  File "<frozen importlib._bootstrap>", line 688, in _load_unlocked
  File "<frozen importlib._bootstrap_external>", line 883, in exec_module
  File "<frozen importlib._bootstrap>", line 241, in _call_with_frames_removed
  File "/data/jtd_backend/jtd_shop/wechat_auth/urls.py", line 5, in <module>
    from . import views
  File "/data/jtd_backend/jtd_shop/wechat_auth/views.py", line 7, in <module>
    from .services import WechatAuthService
  File "/data/jtd_backend/jtd_shop/wechat_auth/services.py", line 7, in <module>
    from .models import WechatUser, WechatSession
  File "/data/jtd_backend/jtd_shop/wechat_auth/models.py", line 5, in <module>
    class WechatUser(models.Model):
  File "/data/jtd_backend/jtd_shop/.venv/lib/python3.10/site-packages/django/db/models/base.py", line 136, in __new__
    raise RuntimeError(
RuntimeError: Model class wechat_auth.models.WechatUser doesn't declare an explicit app_label and isn't in an application in INSTALLED_APPS.

During handling of the above exception, another exception occurred:

Traceback (most recent call last):
  File "/data/jtd_backend/jtd_shop/.venv/lib/python3.10/site-packages/django/core/handlers/exception.py", line 55, in inner
    response = get_response(request)
  File "/data/jtd_backend/jtd_shop/.venv/lib/python3.10/site-packages/django/utils/deprecation.py", line 120, in __call__
    response = response or self.get_response(request)
  File "/data/jtd_backend/jtd_shop/.venv/lib/python3.10/site-packages/django/core/handlers/exception.py", line 57, in inner
    response = response_for_exception(request, exc)
  File "/data/jtd_backend/jtd_shop/.venv/lib/python3.10/site-packages/django/core/handlers/exception.py", line 141, in response_for_exception
    response = handle_uncaught_exception(
  File "/data/jtd_backend/jtd_shop/.venv/lib/python3.10/site-packages/django/core/handlers/exception.py", line 182, in handle_uncaught_exception
    return debug.technical_500_response(request, *exc_info)
  File "/data/jtd_backend/jtd_shop/.venv/lib/python3.10/site-packages/django/views/debug.py", line 69, in technical_500_response
    html = reporter.get_traceback_html()
  File "/data/jtd_backend/jtd_shop/.venv/lib/python3.10/site-packages/django/views/debug.py", line 428, in get_traceback_html
    c = Context(self.get_traceback_data(), use_l10n=False)
  File "/data/jtd_backend/jtd_shop/.venv/lib/python3.10/site-packages/django/views/debug.py", line 411, in get_traceback_data
    c["raising_view_name"] = get_caller(self.request)
  File "/data/jtd_backend/jtd_shop/.venv/lib/python3.10/site-packages/django/views/debug.py", line 102, in get_caller
    resolver_match = resolve(request.path)
  File "/data/jtd_backend/jtd_shop/.venv/lib/python3.10/site-packages/django/urls/base.py", line 25, in resolve
    return get_resolver(urlconf).resolve(path)
  File "/data/jtd_backend/jtd_shop/.venv/lib/python3.10/site-packages/django/urls/resolvers.py", line 666, in resolve
    for pattern in self.url_patterns:
  File "/data/jtd_backend/jtd_shop/.venv/lib/python3.10/site-packages/django/utils/functional.py", line 47, in __get__
    res = instance.__dict__[self.name] = self.func(instance)
  File "/data/jtd_backend/jtd_shop/.venv/lib/python3.10/site-packages/django/urls/resolvers.py", line 718, in url_patterns
    patterns = getattr(self.urlconf_module, "urlpatterns", self.urlconf_module)
  File "/data/jtd_backend/jtd_shop/.venv/lib/python3.10/site-packages/django/utils/functional.py", line 47, in __get__
    res = instance.__dict__[self.name] = self.func(instance)
  File "/data/jtd_backend/jtd_shop/.venv/lib/python3.10/site-packages/django/urls/resolvers.py", line 711, in urlconf_module
    return import_module(self.urlconf_name)
  File "/usr/lib/python3.10/importlib/__init__.py", line 126, in import_module
    return _bootstrap._gcd_import(name[level:], package, level)
  File "<frozen importlib._bootstrap>", line 1050, in _gcd_import
  File "<frozen importlib._bootstrap>", line 1027, in _find_and_load
  File "<frozen importlib._bootstrap>", line 1006, in _find_and_load_unlocked
  File "<frozen importlib._bootstrap>", line 688, in _load_unlocked
  File "<frozen importlib._bootstrap_external>", line 883, in exec_module
  File "<frozen importlib._bootstrap>", line 241, in _call_with_frames_removed
  File "/data/jtd_backend/jtd_shop/App_backend/urls.py", line 47, in <module>
    path('wechat/', include('wechat_auth.urls')),
  File "/data/jtd_backend/jtd_shop/.venv/lib/python3.10/site-packages/django/urls/conf.py", line 39, in include
    urlconf_module = import_module(urlconf_module)
  File "/usr/lib/python3.10/importlib/__init__.py", line 126, in import_module
    return _bootstrap._gcd_import(name[level:], package, level)
  File "<frozen importlib._bootstrap>", line 1050, in _gcd_import
  File "<frozen importlib._bootstrap>", line 1027, in _find_and_load
  File "<frozen importlib._bootstrap>", line 1006, in _find_and_load_unlocked
  File "<frozen importlib._bootstrap>", line 688, in _load_unlocked
  File "<frozen importlib._bootstrap_external>", line 883, in exec_module
  File "<frozen importlib._bootstrap>", line 241, in _call_with_frames_removed
  File "/data/jtd_backend/jtd_shop/wechat_auth/urls.py", line 5, in <module>
    from . import views
  File "/data/jtd_backend/jtd_shop/wechat_auth/views.py", line 7, in <module>
    from .services import WechatAuthService
  File "/data/jtd_backend/jtd_shop/wechat_auth/services.py", line 7, in <module>
    from .models import WechatUser, WechatSession
  File "/data/jtd_backend/jtd_shop/wechat_auth/models.py", line 5, in <module>
    class WechatUser(models.Model):
  File "/data/jtd_backend/jtd_shop/.venv/lib/python3.10/site-packages/django/db/models/base.py", line 136, in __new__
    raise RuntimeError(
RuntimeError: Model class wechat_auth.models.WechatUser doesn't declare an explicit app_label and isn't in an application in INSTALLED_APPS.

During handling of the above exception, another exception occurred:

Traceback (most recent call last):
  File "/data/jtd_backend/jtd_shop/.venv/lib/python3.10/site-packages/django/core/handlers/exception.py", line 55, in inner
    response = get_response(request)
  File "/data/jtd_backend/jtd_shop/.venv/lib/python3.10/site-packages/django/utils/deprecation.py", line 120, in __call__
    response = response or self.get_response(request)
  File "/data/jtd_backend/jtd_shop/.venv/lib/python3.10/site-packages/django/core/handlers/exception.py", line 57, in inner
    response = response_for_exception(request, exc)
  File "/data/jtd_backend/jtd_shop/.venv/lib/python3.10/site-packages/django/core/handlers/exception.py", line 141, in response_for_exception
    response = handle_uncaught_exception(
  File "/data/jtd_backend/jtd_shop/.venv/lib/python3.10/site-packages/django/core/handlers/exception.py", line 182, in handle_uncaught_exception
    return debug.technical_500_response(request, *exc_info)
  File "/data/jtd_backend/jtd_shop/.venv/lib/python3.10/site-packages/django/views/debug.py", line 69, in technical_500_response
    html = reporter.get_traceback_html()
  File "/data/jtd_backend/jtd_shop/.venv/lib/python3.10/site-packages/django/views/debug.py", line 428, in get_traceback_html
    c = Context(self.get_traceback_data(), use_l10n=False)
  File "/data/jtd_backend/jtd_shop/.venv/lib/python3.10/site-packages/django/views/debug.py", line 411, in get_traceback_data
    c["raising_view_name"] = get_caller(self.request)
  File "/data/jtd_backend/jtd_shop/.venv/lib/python3.10/site-packages/django/views/debug.py", line 102, in get_caller
    resolver_match = resolve(request.path)
  File "/data/jtd_backend/jtd_shop/.venv/lib/python3.10/site-packages/django/urls/base.py", line 25, in resolve
    return get_resolver(urlconf).resolve(path)
  File "/data/jtd_backend/jtd_shop/.venv/lib/python3.10/site-packages/django/urls/resolvers.py", line 666, in resolve
    for pattern in self.url_patterns:
  File "/data/jtd_backend/jtd_shop/.venv/lib/python3.10/site-packages/django/utils/functional.py", line 47, in __get__
    res = instance.__dict__[self.name] = self.func(instance)
  File "/data/jtd_backend/jtd_shop/.venv/lib/python3.10/site-packages/django/urls/resolvers.py", line 718, in url_patterns
    patterns = getattr(self.urlconf_module, "urlpatterns", self.urlconf_module)
  File "/data/jtd_backend/jtd_shop/.venv/lib/python3.10/site-packages/django/utils/functional.py", line 47, in __get__
    res = instance.__dict__[self.name] = self.func(instance)
  File "/data/jtd_backend/jtd_shop/.venv/lib/python3.10/site-packages/django/urls/resolvers.py", line 711, in urlconf_module
    return import_module(self.urlconf_name)
  File "/usr/lib/python3.10/importlib/__init__.py", line 126, in import_module
    return _bootstrap._gcd_import(name[level:], package, level)
  File "<frozen importlib._bootstrap>", line 1050, in _gcd_import
  File "<frozen importlib._bootstrap>", line 1027, in _find_and_load
  File "<frozen importlib._bootstrap>", line 1006, in _find_and_load_unlocked
  File "<frozen importlib._bootstrap>", line 688, in _load_unlocked
  File "<frozen importlib._bootstrap_external>", line 883, in exec_module
  File "<frozen importlib._bootstrap>", line 241, in _call_with_frames_removed
  File "/data/jtd_backend/jtd_shop/App_backend/urls.py", line 47, in <module>
    path('wechat/', include('wechat_auth.urls')),
  File "/data/jtd_backend/jtd_shop/.venv/lib/python3.10/site-packages/django/urls/conf.py", line 39, in include
    urlconf_module = import_module(urlconf_module)
  File "/usr/lib/python3.10/importlib/__init__.py", line 126, in import_module
    return _bootstrap._gcd_import(name[level:], package, level)
  File "<frozen importlib._bootstrap>", line 1050, in _gcd_import
  File "<frozen importlib._bootstrap>", line 1027, in _find_and_load
  File "<frozen importlib._bootstrap>", line 1006, in _find_and_load_unlocked
  File "<frozen importlib._bootstrap>", line 688, in _load_unlocked
  File "<frozen importlib._bootstrap_external>", line 883, in exec_module
  File "<frozen importlib._bootstrap>", line 241, in _call_with_frames_removed
  File "/data/jtd_backend/jtd_shop/wechat_auth/urls.py", line 5, in <module>
    from . import views
  File "/data/jtd_backend/jtd_shop/wechat_auth/views.py", line 7, in <module>
    from .services import WechatAuthService
  File "/data/jtd_backend/jtd_shop/wechat_auth/services.py", line 7, in <module>
    from .models import WechatUser, WechatSession
  File "/data/jtd_backend/jtd_shop/wechat_auth/models.py", line 5, in <module>
    class WechatUser(models.Model):
  File "/data/jtd_backend/jtd_shop/.venv/lib/python3.10/site-packages/django/db/models/base.py", line 136, in __new__
    raise RuntimeError(
RuntimeError: Model class wechat_auth.models.WechatUser doesn't declare an explicit app_label and isn't in an application in INSTALLED_APPS.

During handling of the above exception, another exception occurred:

Traceback (most recent call last):
  File "/data/jtd_backend/jtd_shop/.venv/lib/python3.10/site-packages/django/core/handlers/exception.py", line 55, in inner
    response = get_response(request)
  File "/data/jtd_backend/jtd_shop/.venv/lib/python3.10/site-packages/corsheaders/middleware.py", line 56, in __call__
    result = self.get_response(request)
  File "/data/jtd_backend/jtd_shop/.venv/lib/python3.10/site-packages/django/core/handlers/exception.py", line 57, in inner
    response = response_for_exception(request, exc)
  File "/data/jtd_backend/jtd_shop/.venv/lib/python3.10/site-packages/django/core/handlers/exception.py", line 141, in response_for_exception
    response = handle_uncaught_exception(
  File "/data/jtd_backend/jtd_shop/.venv/lib/python3.10/site-packages/django/core/handlers/exception.py", line 182, in handle_uncaught_exception
    return debug.technical_500_response(request, *exc_info)
  File "/data/jtd_backend/jtd_shop/.venv/lib/python3.10/site-packages/django/views/debug.py", line 69, in technical_500_response
    html = reporter.get_traceback_html()
  File "/data/jtd_backend/jtd_shop/.venv/lib/python3.10/site-packages/django/views/debug.py", line 428, in get_traceback_html
    c = Context(self.get_traceback_data(), use_l10n=False)
  File "/data/jtd_backend/jtd_shop/.venv/lib/python3.10/site-packages/django/views/debug.py", line 411, in get_traceback_data
    c["raising_view_name"] = get_caller(self.request)
  File "/data/jtd_backend/jtd_shop/.venv/lib/python3.10/site-packages/django/views/debug.py", line 102, in get_caller
    resolver_match = resolve(request.path)
  File "/data/jtd_backend/jtd_shop/.venv/lib/python3.10/site-packages/django/urls/base.py", line 25, in resolve
    return get_resolver(urlconf).resolve(path)
  File "/data/jtd_backend/jtd_shop/.venv/lib/python3.10/site-packages/django/urls/resolvers.py", line 666, in resolve
    for pattern in self.url_patterns:
  File "/data/jtd_backend/jtd_shop/.venv/lib/python3.10/site-packages/django/utils/functional.py", line 47, in __get__
    res = instance.__dict__[self.name] = self.func(instance)
  File "/data/jtd_backend/jtd_shop/.venv/lib/python3.10/site-packages/django/urls/resolvers.py", line 718, in url_patterns
    patterns = getattr(self.urlconf_module, "urlpatterns", self.urlconf_module)
  File "/data/jtd_backend/jtd_shop/.venv/lib/python3.10/site-packages/django/utils/functional.py", line 47, in __get__
    res = instance.__dict__[self.name] = self.func(instance)
  File "/data/jtd_backend/jtd_shop/.venv/lib/python3.10/site-packages/django/urls/resolvers.py", line 711, in urlconf_module
    return import_module(self.urlconf_name)
  File "/usr/lib/python3.10/importlib/__init__.py", line 126, in import_module
    return _bootstrap._gcd_import(name[level:], package, level)
  File "<frozen importlib._bootstrap>", line 1050, in _gcd_import
  File "<frozen importlib._bootstrap>", line 1027, in _find_and_load
  File "<frozen importlib._bootstrap>", line 1006, in _find_and_load_unlocked
  File "<frozen importlib._bootstrap>", line 688, in _load_unlocked
  File "<frozen importlib._bootstrap_external>", line 883, in exec_module
  File "<frozen importlib._bootstrap>", line 241, in _call_with_frames_removed
  File "/data/jtd_backend/jtd_shop/App_backend/urls.py", line 47, in <module>
    path('wechat/', include('wechat_auth.urls')),
  File "/data/jtd_backend/jtd_shop/.venv/lib/python3.10/site-packages/django/urls/conf.py", line 39, in include
    urlconf_module = import_module(urlconf_module)
  File "/usr/lib/python3.10/importlib/__init__.py", line 126, in import_module
    return _bootstrap._gcd_import(name[level:], package, level)
  File "<frozen importlib._bootstrap>", line 1050, in _gcd_import
  File "<frozen importlib._bootstrap>", line 1027, in _find_and_load
  File "<frozen importlib._bootstrap>", line 1006, in _find_and_load_unlocked
  File "<frozen importlib._bootstrap>", line 688, in _load_unlocked
  File "<frozen importlib._bootstrap_external>", line 883, in exec_module
  File "<frozen importlib._bootstrap>", line 241, in _call_with_frames_removed
  File "/data/jtd_backend/jtd_shop/wechat_auth/urls.py", line 5, in <module>
    from . import views
  File "/data/jtd_backend/jtd_shop/wechat_auth/views.py", line 7, in <module>
    from .services import WechatAuthService
  File "/data/jtd_backend/jtd_shop/wechat_auth/services.py", line 7, in <module>
    from .models import WechatUser, WechatSession
  File "/data/jtd_backend/jtd_shop/wechat_auth/models.py", line 5, in <module>
    class WechatUser(models.Model):
  File "/data/jtd_backend/jtd_shop/.venv/lib/python3.10/site-packages/django/db/models/base.py", line 136, in __new__
    raise RuntimeError(
RuntimeError: Model class wechat_auth.models.WechatUser doesn't declare an explicit app_label and isn't in an application in INSTALLED_APPS.

During handling of the above exception, another exception occurred:

Traceback (most recent call last):
  File "/data/jtd_backend/jtd_shop/.venv/lib/python3.10/site-packages/gunicorn/workers/sync.py", line 134, in handle
    self.handle_request(listener, req, client, addr)
  File "/data/jtd_backend/jtd_shop/.venv/lib/python3.10/site-packages/gunicorn/workers/sync.py", line 177, in handle_request
    respiter = self.wsgi(environ, resp.start_response)
  File "/data/jtd_backend/jtd_shop/.venv/lib/python3.10/site-packages/django/core/handlers/wsgi.py", line 124, in __call__
    response = self.get_response(request)
  File "/data/jtd_backend/jtd_shop/.venv/lib/python3.10/site-packages/django/core/handlers/base.py", line 140, in get_response
    response = self._middleware_chain(request)
  File "/data/jtd_backend/jtd_shop/.venv/lib/python3.10/site-packages/django/core/handlers/exception.py", line 57, in inner
    response = response_for_exception(request, exc)
  File "/data/jtd_backend/jtd_shop/.venv/lib/python3.10/site-packages/django/core/handlers/exception.py", line 141, in response_for_exception
    response = handle_uncaught_exception(
  File "/data/jtd_backend/jtd_shop/.venv/lib/python3.10/site-packages/django/core/handlers/exception.py", line 182, in handle_uncaught_exception
    return debug.technical_500_response(request, *exc_info)
  File "/data/jtd_backend/jtd_shop/.venv/lib/python3.10/site-packages/django/views/debug.py", line 69, in technical_500_response
    html = reporter.get_traceback_html()
  File "/data/jtd_backend/jtd_shop/.venv/lib/python3.10/site-packages/django/views/debug.py", line 428, in get_traceback_html
    c = Context(self.get_traceback_data(), use_l10n=False)
  File "/data/jtd_backend/jtd_shop/.venv/lib/python3.10/site-packages/django/views/debug.py", line 411, in get_traceback_data
    c["raising_view_name"] = get_caller(self.request)
  File "/data/jtd_backend/jtd_shop/.venv/lib/python3.10/site-packages/django/views/debug.py", line 102, in get_caller
    resolver_match = resolve(request.path)
  File "/data/jtd_backend/jtd_shop/.venv/lib/python3.10/site-packages/django/urls/base.py", line 25, in resolve
    return get_resolver(urlconf).resolve(path)
  File "/data/jtd_backend/jtd_shop/.venv/lib/python3.10/site-packages/django/urls/resolvers.py", line 666, in resolve
    for pattern in self.url_patterns:
  File "/data/jtd_backend/jtd_shop/.venv/lib/python3.10/site-packages/django/utils/functional.py", line 47, in __get__
    res = instance.__dict__[self.name] = self.func(instance)
  File "/data/jtd_backend/jtd_shop/.venv/lib/python3.10/site-packages/django/urls/resolvers.py", line 718, in url_patterns
    patterns = getattr(self.urlconf_module, "urlpatterns", self.urlconf_module)
  File "/data/jtd_backend/jtd_shop/.venv/lib/python3.10/site-packages/django/utils/functional.py", line 47, in __get__
    res = instance.__dict__[self.name] = self.func(instance)
  File "/data/jtd_backend/jtd_shop/.venv/lib/python3.10/site-packages/django/urls/resolvers.py", line 711, in urlconf_module
    return import_module(self.urlconf_name)
  File "/usr/lib/python3.10/importlib/__init__.py", line 126, in import_module
    return _bootstrap._gcd_import(name[level:], package, level)
  File "<frozen importlib._bootstrap>", line 1050, in _gcd_import
  File "<frozen importlib._bootstrap>", line 1027, in _find_and_load
  File "<frozen importlib._bootstrap>", line 1006, in _find_and_load_unlocked
  File "<frozen importlib._bootstrap>", line 688, in _load_unlocked
  File "<frozen importlib._bootstrap_external>", line 883, in exec_module
  File "<frozen importlib._bootstrap>", line 241, in _call_with_frames_removed
  File "/data/jtd_backend/jtd_shop/App_backend/urls.py", line 47, in <module>
    path('wechat/', include('wechat_auth.urls')),
  File "/data/jtd_backend/jtd_shop/.venv/lib/python3.10/site-packages/django/urls/conf.py", line 39, in include
    urlconf_module = import_module(urlconf_module)
  File "/usr/lib/python3.10/importlib/__init__.py", line 126, in import_module
    return _bootstrap._gcd_import(name[level:], package, level)
  File "<frozen importlib._bootstrap>", line 1050, in _gcd_import
  File "<frozen importlib._bootstrap>", line 1027, in _find_and_load
  File "<frozen importlib._bootstrap>", line 1006, in _find_and_load_unlocked
  File "<frozen importlib._bootstrap>", line 688, in _load_unlocked
  File "<frozen importlib._bootstrap_external>", line 883, in exec_module
  File "<frozen importlib._bootstrap>", line 241, in _call_with_frames_removed
  File "/data/jtd_backend/jtd_shop/wechat_auth/urls.py", line 5, in <module>
    from . import views
  File "/data/jtd_backend/jtd_shop/wechat_auth/views.py", line 7, in <module>
    from .services import WechatAuthService
  File "/data/jtd_backend/jtd_shop/wechat_auth/services.py", line 7, in <module>
    from .models import WechatUser, WechatSession
  File "/data/jtd_backend/jtd_shop/wechat_auth/models.py", line 5, in <module>
    class WechatUser(models.Model):
  File "/data/jtd_backend/jtd_shop/.venv/lib/python3.10/site-packages/django/db/models/base.py", line 136, in __new__
    raise RuntimeError(
RuntimeError: Model class wechat_auth.models.WechatUser doesn't declare an explicit app_label and isn't in an application in INSTALLED_APPS.
[2025-08-21 06:14:42 +0000] [1375] [ERROR] Error handling request /favicon.ico
Traceback (most recent call last):
  File "/data/jtd_backend/jtd_shop/.venv/lib/python3.10/site-packages/django/core/handlers/exception.py", line 55, in inner
    response = get_response(request)
  File "/data/jtd_backend/jtd_shop/.venv/lib/python3.10/site-packages/django/core/handlers/base.py", line 181, in _get_response
    callback, callback_args, callback_kwargs = self.resolve_request(request)
  File "/data/jtd_backend/jtd_shop/.venv/lib/python3.10/site-packages/django/core/handlers/base.py", line 313, in resolve_request
    resolver_match = resolver.resolve(request.path_info)
  File "/data/jtd_backend/jtd_shop/.venv/lib/python3.10/site-packages/django/urls/resolvers.py", line 666, in resolve
    for pattern in self.url_patterns:
  File "/data/jtd_backend/jtd_shop/.venv/lib/python3.10/site-packages/django/utils/functional.py", line 47, in __get__
    res = instance.__dict__[self.name] = self.func(instance)
  File "/data/jtd_backend/jtd_shop/.venv/lib/python3.10/site-packages/django/urls/resolvers.py", line 718, in url_patterns
    patterns = getattr(self.urlconf_module, "urlpatterns", self.urlconf_module)
  File "/data/jtd_backend/jtd_shop/.venv/lib/python3.10/site-packages/django/utils/functional.py", line 47, in __get__
    res = instance.__dict__[self.name] = self.func(instance)
  File "/data/jtd_backend/jtd_shop/.venv/lib/python3.10/site-packages/django/urls/resolvers.py", line 711, in urlconf_module
    return import_module(self.urlconf_name)
  File "/usr/lib/python3.10/importlib/__init__.py", line 126, in import_module
    return _bootstrap._gcd_import(name[level:], package, level)
  File "<frozen importlib._bootstrap>", line 1050, in _gcd_import
  File "<frozen importlib._bootstrap>", line 1027, in _find_and_load
  File "<frozen importlib._bootstrap>", line 1006, in _find_and_load_unlocked
  File "<frozen importlib._bootstrap>", line 688, in _load_unlocked
  File "<frozen importlib._bootstrap_external>", line 883, in exec_module
  File "<frozen importlib._bootstrap>", line 241, in _call_with_frames_removed
  File "/data/jtd_backend/jtd_shop/App_backend/urls.py", line 47, in <module>
    path('wechat/', include('wechat_auth.urls')),
  File "/data/jtd_backend/jtd_shop/.venv/lib/python3.10/site-packages/django/urls/conf.py", line 39, in include
    urlconf_module = import_module(urlconf_module)
  File "/usr/lib/python3.10/importlib/__init__.py", line 126, in import_module
    return _bootstrap._gcd_import(name[level:], package, level)
  File "<frozen importlib._bootstrap>", line 1050, in _gcd_import
  File "<frozen importlib._bootstrap>", line 1027, in _find_and_load
  File "<frozen importlib._bootstrap>", line 1006, in _find_and_load_unlocked
  File "<frozen importlib._bootstrap>", line 688, in _load_unlocked
  File "<frozen importlib._bootstrap_external>", line 883, in exec_module
  File "<frozen importlib._bootstrap>", line 241, in _call_with_frames_removed
  File "/data/jtd_backend/jtd_shop/wechat_auth/urls.py", line 5, in <module>
    from . import views
  File "/data/jtd_backend/jtd_shop/wechat_auth/views.py", line 7, in <module>
    from .services import WechatAuthService
  File "/data/jtd_backend/jtd_shop/wechat_auth/services.py", line 7, in <module>
    from .models import WechatUser, WechatSession
  File "/data/jtd_backend/jtd_shop/wechat_auth/models.py", line 5, in <module>
    class WechatUser(models.Model):
  File "/data/jtd_backend/jtd_shop/.venv/lib/python3.10/site-packages/django/db/models/base.py", line 136, in __new__
    raise RuntimeError(
RuntimeError: Model class wechat_auth.models.WechatUser doesn't declare an explicit app_label and isn't in an application in INSTALLED_APPS.

During handling of the above exception, another exception occurred:

Traceback (most recent call last):
  File "/data/jtd_backend/jtd_shop/.venv/lib/python3.10/site-packages/django/core/handlers/exception.py", line 55, in inner
    response = get_response(request)
  File "/data/jtd_backend/jtd_shop/.venv/lib/python3.10/site-packages/django/utils/deprecation.py", line 120, in __call__
    response = response or self.get_response(request)
  File "/data/jtd_backend/jtd_shop/.venv/lib/python3.10/site-packages/django/core/handlers/exception.py", line 57, in inner
    response = response_for_exception(request, exc)
  File "/data/jtd_backend/jtd_shop/.venv/lib/python3.10/site-packages/django/core/handlers/exception.py", line 141, in response_for_exception
    response = handle_uncaught_exception(
  File "/data/jtd_backend/jtd_shop/.venv/lib/python3.10/site-packages/django/core/handlers/exception.py", line 182, in handle_uncaught_exception
    return debug.technical_500_response(request, *exc_info)
  File "/data/jtd_backend/jtd_shop/.venv/lib/python3.10/site-packages/django/views/debug.py", line 69, in technical_500_response
    html = reporter.get_traceback_html()
  File "/data/jtd_backend/jtd_shop/.venv/lib/python3.10/site-packages/django/views/debug.py", line 428, in get_traceback_html
    c = Context(self.get_traceback_data(), use_l10n=False)
  File "/data/jtd_backend/jtd_shop/.venv/lib/python3.10/site-packages/django/views/debug.py", line 411, in get_traceback_data
    c["raising_view_name"] = get_caller(self.request)
  File "/data/jtd_backend/jtd_shop/.venv/lib/python3.10/site-packages/django/views/debug.py", line 102, in get_caller
    resolver_match = resolve(request.path)
  File "/data/jtd_backend/jtd_shop/.venv/lib/python3.10/site-packages/django/urls/base.py", line 25, in resolve
    return get_resolver(urlconf).resolve(path)
  File "/data/jtd_backend/jtd_shop/.venv/lib/python3.10/site-packages/django/urls/resolvers.py", line 666, in resolve
    for pattern in self.url_patterns:
  File "/data/jtd_backend/jtd_shop/.venv/lib/python3.10/site-packages/django/utils/functional.py", line 47, in __get__
    res = instance.__dict__[self.name] = self.func(instance)
  File "/data/jtd_backend/jtd_shop/.venv/lib/python3.10/site-packages/django/urls/resolvers.py", line 718, in url_patterns
    patterns = getattr(self.urlconf_module, "urlpatterns", self.urlconf_module)
  File "/data/jtd_backend/jtd_shop/.venv/lib/python3.10/site-packages/django/utils/functional.py", line 47, in __get__
    res = instance.__dict__[self.name] = self.func(instance)
  File "/data/jtd_backend/jtd_shop/.venv/lib/python3.10/site-packages/django/urls/resolvers.py", line 711, in urlconf_module
    return import_module(self.urlconf_name)
  File "/usr/lib/python3.10/importlib/__init__.py", line 126, in import_module
    return _bootstrap._gcd_import(name[level:], package, level)
  File "<frozen importlib._bootstrap>", line 1050, in _gcd_import
  File "<frozen importlib._bootstrap>", line 1027, in _find_and_load
  File "<frozen importlib._bootstrap>", line 1006, in _find_and_load_unlocked
  File "<frozen importlib._bootstrap>", line 688, in _load_unlocked
  File "<frozen importlib._bootstrap_external>", line 883, in exec_module
  File "<frozen importlib._bootstrap>", line 241, in _call_with_frames_removed
  File "/data/jtd_backend/jtd_shop/App_backend/urls.py", line 47, in <module>
    path('wechat/', include('wechat_auth.urls')),
  File "/data/jtd_backend/jtd_shop/.venv/lib/python3.10/site-packages/django/urls/conf.py", line 39, in include
    urlconf_module = import_module(urlconf_module)
  File "/usr/lib/python3.10/importlib/__init__.py", line 126, in import_module
    return _bootstrap._gcd_import(name[level:], package, level)
  File "<frozen importlib._bootstrap>", line 1050, in _gcd_import
  File "<frozen importlib._bootstrap>", line 1027, in _find_and_load
  File "<frozen importlib._bootstrap>", line 1006, in _find_and_load_unlocked
  File "<frozen importlib._bootstrap>", line 688, in _load_unlocked
  File "<frozen importlib._bootstrap_external>", line 883, in exec_module
  File "<frozen importlib._bootstrap>", line 241, in _call_with_frames_removed
  File "/data/jtd_backend/jtd_shop/wechat_auth/urls.py", line 5, in <module>
    from . import views
  File "/data/jtd_backend/jtd_shop/wechat_auth/views.py", line 7, in <module>
    from .services import WechatAuthService
  File "/data/jtd_backend/jtd_shop/wechat_auth/services.py", line 7, in <module>
    from .models import WechatUser, WechatSession
  File "/data/jtd_backend/jtd_shop/wechat_auth/models.py", line 5, in <module>
    class WechatUser(models.Model):
  File "/data/jtd_backend/jtd_shop/.venv/lib/python3.10/site-packages/django/db/models/base.py", line 136, in __new__
    raise RuntimeError(
RuntimeError: Model class wechat_auth.models.WechatUser doesn't declare an explicit app_label and isn't in an application in INSTALLED_APPS.

During handling of the above exception, another exception occurred:

Traceback (most recent call last):
  File "/data/jtd_backend/jtd_shop/.venv/lib/python3.10/site-packages/django/core/handlers/exception.py", line 55, in inner
    response = get_response(request)
  File "/data/jtd_backend/jtd_shop/.venv/lib/python3.10/site-packages/django/utils/deprecation.py", line 120, in __call__
    response = response or self.get_response(request)
  File "/data/jtd_backend/jtd_shop/.venv/lib/python3.10/site-packages/django/core/handlers/exception.py", line 57, in inner
    response = response_for_exception(request, exc)
  File "/data/jtd_backend/jtd_shop/.venv/lib/python3.10/site-packages/django/core/handlers/exception.py", line 141, in response_for_exception
    response = handle_uncaught_exception(
  File "/data/jtd_backend/jtd_shop/.venv/lib/python3.10/site-packages/django/core/handlers/exception.py", line 182, in handle_uncaught_exception
    return debug.technical_500_response(request, *exc_info)
  File "/data/jtd_backend/jtd_shop/.venv/lib/python3.10/site-packages/django/views/debug.py", line 69, in technical_500_response
    html = reporter.get_traceback_html()
  File "/data/jtd_backend/jtd_shop/.venv/lib/python3.10/site-packages/django/views/debug.py", line 428, in get_traceback_html
    c = Context(self.get_traceback_data(), use_l10n=False)
  File "/data/jtd_backend/jtd_shop/.venv/lib/python3.10/site-packages/django/views/debug.py", line 411, in get_traceback_data
    c["raising_view_name"] = get_caller(self.request)
  File "/data/jtd_backend/jtd_shop/.venv/lib/python3.10/site-packages/django/views/debug.py", line 102, in get_caller
    resolver_match = resolve(request.path)
  File "/data/jtd_backend/jtd_shop/.venv/lib/python3.10/site-packages/django/urls/base.py", line 25, in resolve
    return get_resolver(urlconf).resolve(path)
  File "/data/jtd_backend/jtd_shop/.venv/lib/python3.10/site-packages/django/urls/resolvers.py", line 666, in resolve
    for pattern in self.url_patterns:
  File "/data/jtd_backend/jtd_shop/.venv/lib/python3.10/site-packages/django/utils/functional.py", line 47, in __get__
    res = instance.__dict__[self.name] = self.func(instance)
  File "/data/jtd_backend/jtd_shop/.venv/lib/python3.10/site-packages/django/urls/resolvers.py", line 718, in url_patterns
    patterns = getattr(self.urlconf_module, "urlpatterns", self.urlconf_module)
  File "/data/jtd_backend/jtd_shop/.venv/lib/python3.10/site-packages/django/utils/functional.py", line 47, in __get__
    res = instance.__dict__[self.name] = self.func(instance)
  File "/data/jtd_backend/jtd_shop/.venv/lib/python3.10/site-packages/django/urls/resolvers.py", line 711, in urlconf_module
    return import_module(self.urlconf_name)
  File "/usr/lib/python3.10/importlib/__init__.py", line 126, in import_module
    return _bootstrap._gcd_import(name[level:], package, level)
  File "<frozen importlib._bootstrap>", line 1050, in _gcd_import
  File "<frozen importlib._bootstrap>", line 1027, in _find_and_load
  File "<frozen importlib._bootstrap>", line 1006, in _find_and_load_unlocked
  File "<frozen importlib._bootstrap>", line 688, in _load_unlocked
  File "<frozen importlib._bootstrap_external>", line 883, in exec_module
  File "<frozen importlib._bootstrap>", line 241, in _call_with_frames_removed
  File "/data/jtd_backend/jtd_shop/App_backend/urls.py", line 47, in <module>
    path('wechat/', include('wechat_auth.urls')),
  File "/data/jtd_backend/jtd_shop/.venv/lib/python3.10/site-packages/django/urls/conf.py", line 39, in include
    urlconf_module = import_module(urlconf_module)
  File "/usr/lib/python3.10/importlib/__init__.py", line 126, in import_module
    return _bootstrap._gcd_import(name[level:], package, level)
  File "<frozen importlib._bootstrap>", line 1050, in _gcd_import
  File "<frozen importlib._bootstrap>", line 1027, in _find_and_load
  File "<frozen importlib._bootstrap>", line 1006, in _find_and_load_unlocked
  File "<frozen importlib._bootstrap>", line 688, in _load_unlocked
  File "<frozen importlib._bootstrap_external>", line 883, in exec_module
  File "<frozen importlib._bootstrap>", line 241, in _call_with_frames_removed
  File "/data/jtd_backend/jtd_shop/wechat_auth/urls.py", line 5, in <module>
    from . import views
  File "/data/jtd_backend/jtd_shop/wechat_auth/views.py", line 7, in <module>
    from .services import WechatAuthService
  File "/data/jtd_backend/jtd_shop/wechat_auth/services.py", line 7, in <module>
    from .models import WechatUser, WechatSession
  File "/data/jtd_backend/jtd_shop/wechat_auth/models.py", line 5, in <module>
    class WechatUser(models.Model):
  File "/data/jtd_backend/jtd_shop/.venv/lib/python3.10/site-packages/django/db/models/base.py", line 136, in __new__
    raise RuntimeError(
RuntimeError: Model class wechat_auth.models.WechatUser doesn't declare an explicit app_label and isn't in an application in INSTALLED_APPS.

During handling of the above exception, another exception occurred:

Traceback (most recent call last):
  File "/data/jtd_backend/jtd_shop/.venv/lib/python3.10/site-packages/django/core/handlers/exception.py", line 55, in inner
    response = get_response(request)
  File "/data/jtd_backend/jtd_shop/.venv/lib/python3.10/site-packages/django/utils/deprecation.py", line 120, in __call__
    response = response or self.get_response(request)
  File "/data/jtd_backend/jtd_shop/.venv/lib/python3.10/site-packages/django/core/handlers/exception.py", line 57, in inner
    response = response_for_exception(request, exc)
  File "/data/jtd_backend/jtd_shop/.venv/lib/python3.10/site-packages/django/core/handlers/exception.py", line 141, in response_for_exception
    response = handle_uncaught_exception(
  File "/data/jtd_backend/jtd_shop/.venv/lib/python3.10/site-packages/django/core/handlers/exception.py", line 182, in handle_uncaught_exception
    return debug.technical_500_response(request, *exc_info)
  File "/data/jtd_backend/jtd_shop/.venv/lib/python3.10/site-packages/django/views/debug.py", line 69, in technical_500_response
    html = reporter.get_traceback_html()
  File "/data/jtd_backend/jtd_shop/.venv/lib/python3.10/site-packages/django/views/debug.py", line 428, in get_traceback_html
    c = Context(self.get_traceback_data(), use_l10n=False)
  File "/data/jtd_backend/jtd_shop/.venv/lib/python3.10/site-packages/django/views/debug.py", line 411, in get_traceback_data
    c["raising_view_name"] = get_caller(self.request)
  File "/data/jtd_backend/jtd_shop/.venv/lib/python3.10/site-packages/django/views/debug.py", line 102, in get_caller
    resolver_match = resolve(request.path)
  File "/data/jtd_backend/jtd_shop/.venv/lib/python3.10/site-packages/django/urls/base.py", line 25, in resolve
    return get_resolver(urlconf).resolve(path)
  File "/data/jtd_backend/jtd_shop/.venv/lib/python3.10/site-packages/django/urls/resolvers.py", line 666, in resolve
    for pattern in self.url_patterns:
  File "/data/jtd_backend/jtd_shop/.venv/lib/python3.10/site-packages/django/utils/functional.py", line 47, in __get__
    res = instance.__dict__[self.name] = self.func(instance)
  File "/data/jtd_backend/jtd_shop/.venv/lib/python3.10/site-packages/django/urls/resolvers.py", line 718, in url_patterns
    patterns = getattr(self.urlconf_module, "urlpatterns", self.urlconf_module)
  File "/data/jtd_backend/jtd_shop/.venv/lib/python3.10/site-packages/django/utils/functional.py", line 47, in __get__
    res = instance.__dict__[self.name] = self.func(instance)
  File "/data/jtd_backend/jtd_shop/.venv/lib/python3.10/site-packages/django/urls/resolvers.py", line 711, in urlconf_module
    return import_module(self.urlconf_name)
  File "/usr/lib/python3.10/importlib/__init__.py", line 126, in import_module
    return _bootstrap._gcd_import(name[level:], package, level)
  File "<frozen importlib._bootstrap>", line 1050, in _gcd_import
  File "<frozen importlib._bootstrap>", line 1027, in _find_and_load
  File "<frozen importlib._bootstrap>", line 1006, in _find_and_load_unlocked
  File "<frozen importlib._bootstrap>", line 688, in _load_unlocked
  File "<frozen importlib._bootstrap_external>", line 883, in exec_module
  File "<frozen importlib._bootstrap>", line 241, in _call_with_frames_removed
  File "/data/jtd_backend/jtd_shop/App_backend/urls.py", line 47, in <module>
    path('wechat/', include('wechat_auth.urls')),
  File "/data/jtd_backend/jtd_shop/.venv/lib/python3.10/site-packages/django/urls/conf.py", line 39, in include
    urlconf_module = import_module(urlconf_module)
  File "/usr/lib/python3.10/importlib/__init__.py", line 126, in import_module
    return _bootstrap._gcd_import(name[level:], package, level)
  File "<frozen importlib._bootstrap>", line 1050, in _gcd_import
  File "<frozen importlib._bootstrap>", line 1027, in _find_and_load
  File "<frozen importlib._bootstrap>", line 1006, in _find_and_load_unlocked
  File "<frozen importlib._bootstrap>", line 688, in _load_unlocked
  File "<frozen importlib._bootstrap_external>", line 883, in exec_module
  File "<frozen importlib._bootstrap>", line 241, in _call_with_frames_removed
  File "/data/jtd_backend/jtd_shop/wechat_auth/urls.py", line 5, in <module>
    from . import views
  File "/data/jtd_backend/jtd_shop/wechat_auth/views.py", line 7, in <module>
    from .services import WechatAuthService
  File "/data/jtd_backend/jtd_shop/wechat_auth/services.py", line 7, in <module>
    from .models import WechatUser, WechatSession
  File "/data/jtd_backend/jtd_shop/wechat_auth/models.py", line 5, in <module>
    class WechatUser(models.Model):
  File "/data/jtd_backend/jtd_shop/.venv/lib/python3.10/site-packages/django/db/models/base.py", line 136, in __new__
    raise RuntimeError(
RuntimeError: Model class wechat_auth.models.WechatUser doesn't declare an explicit app_label and isn't in an application in INSTALLED_APPS.

During handling of the above exception, another exception occurred:

Traceback (most recent call last):
  File "/data/jtd_backend/jtd_shop/.venv/lib/python3.10/site-packages/django/core/handlers/exception.py", line 55, in inner
    response = get_response(request)
  File "/data/jtd_backend/jtd_shop/.venv/lib/python3.10/site-packages/django/utils/deprecation.py", line 120, in __call__
    response = response or self.get_response(request)
  File "/data/jtd_backend/jtd_shop/.venv/lib/python3.10/site-packages/django/core/handlers/exception.py", line 57, in inner
    response = response_for_exception(request, exc)
  File "/data/jtd_backend/jtd_shop/.venv/lib/python3.10/site-packages/django/core/handlers/exception.py", line 141, in response_for_exception
    response = handle_uncaught_exception(
  File "/data/jtd_backend/jtd_shop/.venv/lib/python3.10/site-packages/django/core/handlers/exception.py", line 182, in handle_uncaught_exception
    return debug.technical_500_response(request, *exc_info)
  File "/data/jtd_backend/jtd_shop/.venv/lib/python3.10/site-packages/django/views/debug.py", line 69, in technical_500_response
    html = reporter.get_traceback_html()
  File "/data/jtd_backend/jtd_shop/.venv/lib/python3.10/site-packages/django/views/debug.py", line 428, in get_traceback_html
    c = Context(self.get_traceback_data(), use_l10n=False)
  File "/data/jtd_backend/jtd_shop/.venv/lib/python3.10/site-packages/django/views/debug.py", line 411, in get_traceback_data
    c["raising_view_name"] = get_caller(self.request)
  File "/data/jtd_backend/jtd_shop/.venv/lib/python3.10/site-packages/django/views/debug.py", line 102, in get_caller
    resolver_match = resolve(request.path)
  File "/data/jtd_backend/jtd_shop/.venv/lib/python3.10/site-packages/django/urls/base.py", line 25, in resolve
    return get_resolver(urlconf).resolve(path)
  File "/data/jtd_backend/jtd_shop/.venv/lib/python3.10/site-packages/django/urls/resolvers.py", line 666, in resolve
    for pattern in self.url_patterns:
  File "/data/jtd_backend/jtd_shop/.venv/lib/python3.10/site-packages/django/utils/functional.py", line 47, in __get__
    res = instance.__dict__[self.name] = self.func(instance)
  File "/data/jtd_backend/jtd_shop/.venv/lib/python3.10/site-packages/django/urls/resolvers.py", line 718, in url_patterns
    patterns = getattr(self.urlconf_module, "urlpatterns", self.urlconf_module)
  File "/data/jtd_backend/jtd_shop/.venv/lib/python3.10/site-packages/django/utils/functional.py", line 47, in __get__
    res = instance.__dict__[self.name] = self.func(instance)
  File "/data/jtd_backend/jtd_shop/.venv/lib/python3.10/site-packages/django/urls/resolvers.py", line 711, in urlconf_module
    return import_module(self.urlconf_name)
  File "/usr/lib/python3.10/importlib/__init__.py", line 126, in import_module
    return _bootstrap._gcd_import(name[level:], package, level)
  File "<frozen importlib._bootstrap>", line 1050, in _gcd_import
  File "<frozen importlib._bootstrap>", line 1027, in _find_and_load
  File "<frozen importlib._bootstrap>", line 1006, in _find_and_load_unlocked
  File "<frozen importlib._bootstrap>", line 688, in _load_unlocked
  File "<frozen importlib._bootstrap_external>", line 883, in exec_module
  File "<frozen importlib._bootstrap>", line 241, in _call_with_frames_removed
  File "/data/jtd_backend/jtd_shop/App_backend/urls.py", line 47, in <module>
    path('wechat/', include('wechat_auth.urls')),
  File "/data/jtd_backend/jtd_shop/.venv/lib/python3.10/site-packages/django/urls/conf.py", line 39, in include
    urlconf_module = import_module(urlconf_module)
  File "/usr/lib/python3.10/importlib/__init__.py", line 126, in import_module
    return _bootstrap._gcd_import(name[level:], package, level)
  File "<frozen importlib._bootstrap>", line 1050, in _gcd_import
  File "<frozen importlib._bootstrap>", line 1027, in _find_and_load
  File "<frozen importlib._bootstrap>", line 1006, in _find_and_load_unlocked
  File "<frozen importlib._bootstrap>", line 688, in _load_unlocked
  File "<frozen importlib._bootstrap_external>", line 883, in exec_module
  File "<frozen importlib._bootstrap>", line 241, in _call_with_frames_removed
  File "/data/jtd_backend/jtd_shop/wechat_auth/urls.py", line 5, in <module>
    from . import views
  File "/data/jtd_backend/jtd_shop/wechat_auth/views.py", line 7, in <module>
    from .services import WechatAuthService
  File "/data/jtd_backend/jtd_shop/wechat_auth/services.py", line 7, in <module>
    from .models import WechatUser, WechatSession
  File "/data/jtd_backend/jtd_shop/wechat_auth/models.py", line 5, in <module>
    class WechatUser(models.Model):
  File "/data/jtd_backend/jtd_shop/.venv/lib/python3.10/site-packages/django/db/models/base.py", line 136, in __new__
    raise RuntimeError(
RuntimeError: Model class wechat_auth.models.WechatUser doesn't declare an explicit app_label and isn't in an application in INSTALLED_APPS.

During handling of the above exception, another exception occurred:

Traceback (most recent call last):
  File "/data/jtd_backend/jtd_shop/.venv/lib/python3.10/site-packages/django/core/handlers/exception.py", line 55, in inner
    response = get_response(request)
  File "/data/jtd_backend/jtd_shop/.venv/lib/python3.10/site-packages/django/utils/deprecation.py", line 120, in __call__
    response = response or self.get_response(request)
  File "/data/jtd_backend/jtd_shop/.venv/lib/python3.10/site-packages/django/core/handlers/exception.py", line 57, in inner
    response = response_for_exception(request, exc)
  File "/data/jtd_backend/jtd_shop/.venv/lib/python3.10/site-packages/django/core/handlers/exception.py", line 141, in response_for_exception
    response = handle_uncaught_exception(
  File "/data/jtd_backend/jtd_shop/.venv/lib/python3.10/site-packages/django/core/handlers/exception.py", line 182, in handle_uncaught_exception
    return debug.technical_500_response(request, *exc_info)
  File "/data/jtd_backend/jtd_shop/.venv/lib/python3.10/site-packages/django/views/debug.py", line 69, in technical_500_response
    html = reporter.get_traceback_html()
  File "/data/jtd_backend/jtd_shop/.venv/lib/python3.10/site-packages/django/views/debug.py", line 428, in get_traceback_html
    c = Context(self.get_traceback_data(), use_l10n=False)
  File "/data/jtd_backend/jtd_shop/.venv/lib/python3.10/site-packages/django/views/debug.py", line 411, in get_traceback_data
    c["raising_view_name"] = get_caller(self.request)
  File "/data/jtd_backend/jtd_shop/.venv/lib/python3.10/site-packages/django/views/debug.py", line 102, in get_caller
    resolver_match = resolve(request.path)
  File "/data/jtd_backend/jtd_shop/.venv/lib/python3.10/site-packages/django/urls/base.py", line 25, in resolve
    return get_resolver(urlconf).resolve(path)
  File "/data/jtd_backend/jtd_shop/.venv/lib/python3.10/site-packages/django/urls/resolvers.py", line 666, in resolve
    for pattern in self.url_patterns:
  File "/data/jtd_backend/jtd_shop/.venv/lib/python3.10/site-packages/django/utils/functional.py", line 47, in __get__
    res = instance.__dict__[self.name] = self.func(instance)
  File "/data/jtd_backend/jtd_shop/.venv/lib/python3.10/site-packages/django/urls/resolvers.py", line 718, in url_patterns
    patterns = getattr(self.urlconf_module, "urlpatterns", self.urlconf_module)
  File "/data/jtd_backend/jtd_shop/.venv/lib/python3.10/site-packages/django/utils/functional.py", line 47, in __get__
    res = instance.__dict__[self.name] = self.func(instance)
  File "/data/jtd_backend/jtd_shop/.venv/lib/python3.10/site-packages/django/urls/resolvers.py", line 711, in urlconf_module
    return import_module(self.urlconf_name)
  File "/usr/lib/python3.10/importlib/__init__.py", line 126, in import_module
    return _bootstrap._gcd_import(name[level:], package, level)
  File "<frozen importlib._bootstrap>", line 1050, in _gcd_import
  File "<frozen importlib._bootstrap>", line 1027, in _find_and_load
  File "<frozen importlib._bootstrap>", line 1006, in _find_and_load_unlocked
  File "<frozen importlib._bootstrap>", line 688, in _load_unlocked
  File "<frozen importlib._bootstrap_external>", line 883, in exec_module
  File "<frozen importlib._bootstrap>", line 241, in _call_with_frames_removed
  File "/data/jtd_backend/jtd_shop/App_backend/urls.py", line 47, in <module>
    path('wechat/', include('wechat_auth.urls')),
  File "/data/jtd_backend/jtd_shop/.venv/lib/python3.10/site-packages/django/urls/conf.py", line 39, in include
    urlconf_module = import_module(urlconf_module)
  File "/usr/lib/python3.10/importlib/__init__.py", line 126, in import_module
    return _bootstrap._gcd_import(name[level:], package, level)
  File "<frozen importlib._bootstrap>", line 1050, in _gcd_import
  File "<frozen importlib._bootstrap>", line 1027, in _find_and_load
  File "<frozen importlib._bootstrap>", line 1006, in _find_and_load_unlocked
  File "<frozen importlib._bootstrap>", line 688, in _load_unlocked
  File "<frozen importlib._bootstrap_external>", line 883, in exec_module
  File "<frozen importlib._bootstrap>", line 241, in _call_with_frames_removed
  File "/data/jtd_backend/jtd_shop/wechat_auth/urls.py", line 5, in <module>
    from . import views
  File "/data/jtd_backend/jtd_shop/wechat_auth/views.py", line 7, in <module>
    from .services import WechatAuthService
  File "/data/jtd_backend/jtd_shop/wechat_auth/services.py", line 7, in <module>
    from .models import WechatUser, WechatSession
  File "/data/jtd_backend/jtd_shop/wechat_auth/models.py", line 5, in <module>
    class WechatUser(models.Model):
  File "/data/jtd_backend/jtd_shop/.venv/lib/python3.10/site-packages/django/db/models/base.py", line 136, in __new__
    raise RuntimeError(
RuntimeError: Model class wechat_auth.models.WechatUser doesn't declare an explicit app_label and isn't in an application in INSTALLED_APPS.

During handling of the above exception, another exception occurred:

Traceback (most recent call last):
  File "/data/jtd_backend/jtd_shop/.venv/lib/python3.10/site-packages/django/core/handlers/exception.py", line 55, in inner
    response = get_response(request)
  File "/data/jtd_backend/jtd_shop/.venv/lib/python3.10/site-packages/django/utils/deprecation.py", line 120, in __call__
    response = response or self.get_response(request)
  File "/data/jtd_backend/jtd_shop/.venv/lib/python3.10/site-packages/django/core/handlers/exception.py", line 57, in inner
    response = response_for_exception(request, exc)
  File "/data/jtd_backend/jtd_shop/.venv/lib/python3.10/site-packages/django/core/handlers/exception.py", line 141, in response_for_exception
    response = handle_uncaught_exception(
  File "/data/jtd_backend/jtd_shop/.venv/lib/python3.10/site-packages/django/core/handlers/exception.py", line 182, in handle_uncaught_exception
    return debug.technical_500_response(request, *exc_info)
  File "/data/jtd_backend/jtd_shop/.venv/lib/python3.10/site-packages/django/views/debug.py", line 69, in technical_500_response
    html = reporter.get_traceback_html()
  File "/data/jtd_backend/jtd_shop/.venv/lib/python3.10/site-packages/django/views/debug.py", line 428, in get_traceback_html
    c = Context(self.get_traceback_data(), use_l10n=False)
  File "/data/jtd_backend/jtd_shop/.venv/lib/python3.10/site-packages/django/views/debug.py", line 411, in get_traceback_data
    c["raising_view_name"] = get_caller(self.request)
  File "/data/jtd_backend/jtd_shop/.venv/lib/python3.10/site-packages/django/views/debug.py", line 102, in get_caller
    resolver_match = resolve(request.path)
  File "/data/jtd_backend/jtd_shop/.venv/lib/python3.10/site-packages/django/urls/base.py", line 25, in resolve
    return get_resolver(urlconf).resolve(path)
  File "/data/jtd_backend/jtd_shop/.venv/lib/python3.10/site-packages/django/urls/resolvers.py", line 666, in resolve
    for pattern in self.url_patterns:
  File "/data/jtd_backend/jtd_shop/.venv/lib/python3.10/site-packages/django/utils/functional.py", line 47, in __get__
    res = instance.__dict__[self.name] = self.func(instance)
  File "/data/jtd_backend/jtd_shop/.venv/lib/python3.10/site-packages/django/urls/resolvers.py", line 718, in url_patterns
    patterns = getattr(self.urlconf_module, "urlpatterns", self.urlconf_module)
  File "/data/jtd_backend/jtd_shop/.venv/lib/python3.10/site-packages/django/utils/functional.py", line 47, in __get__
    res = instance.__dict__[self.name] = self.func(instance)
  File "/data/jtd_backend/jtd_shop/.venv/lib/python3.10/site-packages/django/urls/resolvers.py", line 711, in urlconf_module
    return import_module(self.urlconf_name)
  File "/usr/lib/python3.10/importlib/__init__.py", line 126, in import_module
    return _bootstrap._gcd_import(name[level:], package, level)
  File "<frozen importlib._bootstrap>", line 1050, in _gcd_import
  File "<frozen importlib._bootstrap>", line 1027, in _find_and_load
  File "<frozen importlib._bootstrap>", line 1006, in _find_and_load_unlocked
  File "<frozen importlib._bootstrap>", line 688, in _load_unlocked
  File "<frozen importlib._bootstrap_external>", line 883, in exec_module
  File "<frozen importlib._bootstrap>", line 241, in _call_with_frames_removed
  File "/data/jtd_backend/jtd_shop/App_backend/urls.py", line 47, in <module>
    path('wechat/', include('wechat_auth.urls')),
  File "/data/jtd_backend/jtd_shop/.venv/lib/python3.10/site-packages/django/urls/conf.py", line 39, in include
    urlconf_module = import_module(urlconf_module)
  File "/usr/lib/python3.10/importlib/__init__.py", line 126, in import_module
    return _bootstrap._gcd_import(name[level:], package, level)
  File "<frozen importlib._bootstrap>", line 1050, in _gcd_import
  File "<frozen importlib._bootstrap>", line 1027, in _find_and_load
  File "<frozen importlib._bootstrap>", line 1006, in _find_and_load_unlocked
  File "<frozen importlib._bootstrap>", line 688, in _load_unlocked
  File "<frozen importlib._bootstrap_external>", line 883, in exec_module
  File "<frozen importlib._bootstrap>", line 241, in _call_with_frames_removed
  File "/data/jtd_backend/jtd_shop/wechat_auth/urls.py", line 5, in <module>
    from . import views
  File "/data/jtd_backend/jtd_shop/wechat_auth/views.py", line 7, in <module>
    from .services import WechatAuthService
  File "/data/jtd_backend/jtd_shop/wechat_auth/services.py", line 7, in <module>
    from .models import WechatUser, WechatSession
  File "/data/jtd_backend/jtd_shop/wechat_auth/models.py", line 5, in <module>
    class WechatUser(models.Model):
  File "/data/jtd_backend/jtd_shop/.venv/lib/python3.10/site-packages/django/db/models/base.py", line 136, in __new__
    raise RuntimeError(
RuntimeError: Model class wechat_auth.models.WechatUser doesn't declare an explicit app_label and isn't in an application in INSTALLED_APPS.

During handling of the above exception, another exception occurred:

Traceback (most recent call last):
  File "/data/jtd_backend/jtd_shop/.venv/lib/python3.10/site-packages/django/core/handlers/exception.py", line 55, in inner
    response = get_response(request)
  File "/data/jtd_backend/jtd_shop/.venv/lib/python3.10/site-packages/django/utils/deprecation.py", line 120, in __call__
    response = response or self.get_response(request)
  File "/data/jtd_backend/jtd_shop/.venv/lib/python3.10/site-packages/django/core/handlers/exception.py", line 57, in inner
    response = response_for_exception(request, exc)
  File "/data/jtd_backend/jtd_shop/.venv/lib/python3.10/site-packages/django/core/handlers/exception.py", line 141, in response_for_exception
    response = handle_uncaught_exception(
  File "/data/jtd_backend/jtd_shop/.venv/lib/python3.10/site-packages/django/core/handlers/exception.py", line 182, in handle_uncaught_exception
    return debug.technical_500_response(request, *exc_info)
  File "/data/jtd_backend/jtd_shop/.venv/lib/python3.10/site-packages/django/views/debug.py", line 69, in technical_500_response
    html = reporter.get_traceback_html()
  File "/data/jtd_backend/jtd_shop/.venv/lib/python3.10/site-packages/django/views/debug.py", line 428, in get_traceback_html
    c = Context(self.get_traceback_data(), use_l10n=False)
  File "/data/jtd_backend/jtd_shop/.venv/lib/python3.10/site-packages/django/views/debug.py", line 411, in get_traceback_data
    c["raising_view_name"] = get_caller(self.request)
  File "/data/jtd_backend/jtd_shop/.venv/lib/python3.10/site-packages/django/views/debug.py", line 102, in get_caller
    resolver_match = resolve(request.path)
  File "/data/jtd_backend/jtd_shop/.venv/lib/python3.10/site-packages/django/urls/base.py", line 25, in resolve
    return get_resolver(urlconf).resolve(path)
  File "/data/jtd_backend/jtd_shop/.venv/lib/python3.10/site-packages/django/urls/resolvers.py", line 666, in resolve
    for pattern in self.url_patterns:
  File "/data/jtd_backend/jtd_shop/.venv/lib/python3.10/site-packages/django/utils/functional.py", line 47, in __get__
    res = instance.__dict__[self.name] = self.func(instance)
  File "/data/jtd_backend/jtd_shop/.venv/lib/python3.10/site-packages/django/urls/resolvers.py", line 718, in url_patterns
    patterns = getattr(self.urlconf_module, "urlpatterns", self.urlconf_module)
  File "/data/jtd_backend/jtd_shop/.venv/lib/python3.10/site-packages/django/utils/functional.py", line 47, in __get__
    res = instance.__dict__[self.name] = self.func(instance)
  File "/data/jtd_backend/jtd_shop/.venv/lib/python3.10/site-packages/django/urls/resolvers.py", line 711, in urlconf_module
    return import_module(self.urlconf_name)
  File "/usr/lib/python3.10/importlib/__init__.py", line 126, in import_module
    return _bootstrap._gcd_import(name[level:], package, level)
  File "<frozen importlib._bootstrap>", line 1050, in _gcd_import
  File "<frozen importlib._bootstrap>", line 1027, in _find_and_load
  File "<frozen importlib._bootstrap>", line 1006, in _find_and_load_unlocked
  File "<frozen importlib._bootstrap>", line 688, in _load_unlocked
  File "<frozen importlib._bootstrap_external>", line 883, in exec_module
  File "<frozen importlib._bootstrap>", line 241, in _call_with_frames_removed
  File "/data/jtd_backend/jtd_shop/App_backend/urls.py", line 47, in <module>
    path('wechat/', include('wechat_auth.urls')),
  File "/data/jtd_backend/jtd_shop/.venv/lib/python3.10/site-packages/django/urls/conf.py", line 39, in include
    urlconf_module = import_module(urlconf_module)
  File "/usr/lib/python3.10/importlib/__init__.py", line 126, in import_module
    return _bootstrap._gcd_import(name[level:], package, level)
  File "<frozen importlib._bootstrap>", line 1050, in _gcd_import
  File "<frozen importlib._bootstrap>", line 1027, in _find_and_load
  File "<frozen importlib._bootstrap>", line 1006, in _find_and_load_unlocked
  File "<frozen importlib._bootstrap>", line 688, in _load_unlocked
  File "<frozen importlib._bootstrap_external>", line 883, in exec_module
  File "<frozen importlib._bootstrap>", line 241, in _call_with_frames_removed
  File "/data/jtd_backend/jtd_shop/wechat_auth/urls.py", line 5, in <module>
    from . import views
  File "/data/jtd_backend/jtd_shop/wechat_auth/views.py", line 7, in <module>
    from .services import WechatAuthService
  File "/data/jtd_backend/jtd_shop/wechat_auth/services.py", line 7, in <module>
    from .models import WechatUser, WechatSession
  File "/data/jtd_backend/jtd_shop/wechat_auth/models.py", line 5, in <module>
    class WechatUser(models.Model):
  File "/data/jtd_backend/jtd_shop/.venv/lib/python3.10/site-packages/django/db/models/base.py", line 136, in __new__
    raise RuntimeError(
RuntimeError: Model class wechat_auth.models.WechatUser doesn't declare an explicit app_label and isn't in an application in INSTALLED_APPS.

During handling of the above exception, another exception occurred:

Traceback (most recent call last):
  File "/data/jtd_backend/jtd_shop/.venv/lib/python3.10/site-packages/django/core/handlers/exception.py", line 55, in inner
    response = get_response(request)
  File "/data/jtd_backend/jtd_shop/.venv/lib/python3.10/site-packages/corsheaders/middleware.py", line 56, in __call__
    result = self.get_response(request)
  File "/data/jtd_backend/jtd_shop/.venv/lib/python3.10/site-packages/django/core/handlers/exception.py", line 57, in inner
    response = response_for_exception(request, exc)
  File "/data/jtd_backend/jtd_shop/.venv/lib/python3.10/site-packages/django/core/handlers/exception.py", line 141, in response_for_exception
    response = handle_uncaught_exception(
  File "/data/jtd_backend/jtd_shop/.venv/lib/python3.10/site-packages/django/core/handlers/exception.py", line 182, in handle_uncaught_exception
    return debug.technical_500_response(request, *exc_info)
  File "/data/jtd_backend/jtd_shop/.venv/lib/python3.10/site-packages/django/views/debug.py", line 69, in technical_500_response
    html = reporter.get_traceback_html()
  File "/data/jtd_backend/jtd_shop/.venv/lib/python3.10/site-packages/django/views/debug.py", line 428, in get_traceback_html
    c = Context(self.get_traceback_data(), use_l10n=False)
  File "/data/jtd_backend/jtd_shop/.venv/lib/python3.10/site-packages/django/views/debug.py", line 411, in get_traceback_data
    c["raising_view_name"] = get_caller(self.request)
  File "/data/jtd_backend/jtd_shop/.venv/lib/python3.10/site-packages/django/views/debug.py", line 102, in get_caller
    resolver_match = resolve(request.path)
  File "/data/jtd_backend/jtd_shop/.venv/lib/python3.10/site-packages/django/urls/base.py", line 25, in resolve
    return get_resolver(urlconf).resolve(path)
  File "/data/jtd_backend/jtd_shop/.venv/lib/python3.10/site-packages/django/urls/resolvers.py", line 666, in resolve
    for pattern in self.url_patterns:
  File "/data/jtd_backend/jtd_shop/.venv/lib/python3.10/site-packages/django/utils/functional.py", line 47, in __get__
    res = instance.__dict__[self.name] = self.func(instance)
  File "/data/jtd_backend/jtd_shop/.venv/lib/python3.10/site-packages/django/urls/resolvers.py", line 718, in url_patterns
    patterns = getattr(self.urlconf_module, "urlpatterns", self.urlconf_module)
  File "/data/jtd_backend/jtd_shop/.venv/lib/python3.10/site-packages/django/utils/functional.py", line 47, in __get__
    res = instance.__dict__[self.name] = self.func(instance)
  File "/data/jtd_backend/jtd_shop/.venv/lib/python3.10/site-packages/django/urls/resolvers.py", line 711, in urlconf_module
    return import_module(self.urlconf_name)
  File "/usr/lib/python3.10/importlib/__init__.py", line 126, in import_module
    return _bootstrap._gcd_import(name[level:], package, level)
  File "<frozen importlib._bootstrap>", line 1050, in _gcd_import
  File "<frozen importlib._bootstrap>", line 1027, in _find_and_load
  File "<frozen importlib._bootstrap>", line 1006, in _find_and_load_unlocked
  File "<frozen importlib._bootstrap>", line 688, in _load_unlocked
  File "<frozen importlib._bootstrap_external>", line 883, in exec_module
  File "<frozen importlib._bootstrap>", line 241, in _call_with_frames_removed
  File "/data/jtd_backend/jtd_shop/App_backend/urls.py", line 47, in <module>
    path('wechat/', include('wechat_auth.urls')),
  File "/data/jtd_backend/jtd_shop/.venv/lib/python3.10/site-packages/django/urls/conf.py", line 39, in include
    urlconf_module = import_module(urlconf_module)
  File "/usr/lib/python3.10/importlib/__init__.py", line 126, in import_module
    return _bootstrap._gcd_import(name[level:], package, level)
  File "<frozen importlib._bootstrap>", line 1050, in _gcd_import
  File "<frozen importlib._bootstrap>", line 1027, in _find_and_load
  File "<frozen importlib._bootstrap>", line 1006, in _find_and_load_unlocked
  File "<frozen importlib._bootstrap>", line 688, in _load_unlocked
  File "<frozen importlib._bootstrap_external>", line 883, in exec_module
  File "<frozen importlib._bootstrap>", line 241, in _call_with_frames_removed
  File "/data/jtd_backend/jtd_shop/wechat_auth/urls.py", line 5, in <module>
    from . import views
  File "/data/jtd_backend/jtd_shop/wechat_auth/views.py", line 7, in <module>
    from .services import WechatAuthService
  File "/data/jtd_backend/jtd_shop/wechat_auth/services.py", line 7, in <module>
    from .models import WechatUser, WechatSession
  File "/data/jtd_backend/jtd_shop/wechat_auth/models.py", line 5, in <module>
    class WechatUser(models.Model):
  File "/data/jtd_backend/jtd_shop/.venv/lib/python3.10/site-packages/django/db/models/base.py", line 136, in __new__
    raise RuntimeError(
RuntimeError: Model class wechat_auth.models.WechatUser doesn't declare an explicit app_label and isn't in an application in INSTALLED_APPS.

During handling of the above exception, another exception occurred:

Traceback (most recent call last):
  File "/data/jtd_backend/jtd_shop/.venv/lib/python3.10/site-packages/gunicorn/workers/sync.py", line 134, in handle
    self.handle_request(listener, req, client, addr)
  File "/data/jtd_backend/jtd_shop/.venv/lib/python3.10/site-packages/gunicorn/workers/sync.py", line 177, in handle_request
    respiter = self.wsgi(environ, resp.start_response)
  File "/data/jtd_backend/jtd_shop/.venv/lib/python3.10/site-packages/django/core/handlers/wsgi.py", line 124, in __call__
    response = self.get_response(request)
  File "/data/jtd_backend/jtd_shop/.venv/lib/python3.10/site-packages/django/core/handlers/base.py", line 140, in get_response
    response = self._middleware_chain(request)
  File "/data/jtd_backend/jtd_shop/.venv/lib/python3.10/site-packages/django/core/handlers/exception.py", line 57, in inner
    response = response_for_exception(request, exc)
  File "/data/jtd_backend/jtd_shop/.venv/lib/python3.10/site-packages/django/core/handlers/exception.py", line 141, in response_for_exception
    response = handle_uncaught_exception(
  File "/data/jtd_backend/jtd_shop/.venv/lib/python3.10/site-packages/django/core/handlers/exception.py", line 182, in handle_uncaught_exception
    return debug.technical_500_response(request, *exc_info)
  File "/data/jtd_backend/jtd_shop/.venv/lib/python3.10/site-packages/django/views/debug.py", line 69, in technical_500_response
    html = reporter.get_traceback_html()
  File "/data/jtd_backend/jtd_shop/.venv/lib/python3.10/site-packages/django/views/debug.py", line 428, in get_traceback_html
    c = Context(self.get_traceback_data(), use_l10n=False)
  File "/data/jtd_backend/jtd_shop/.venv/lib/python3.10/site-packages/django/views/debug.py", line 411, in get_traceback_data
    c["raising_view_name"] = get_caller(self.request)
  File "/data/jtd_backend/jtd_shop/.venv/lib/python3.10/site-packages/django/views/debug.py", line 102, in get_caller
    resolver_match = resolve(request.path)
  File "/data/jtd_backend/jtd_shop/.venv/lib/python3.10/site-packages/django/urls/base.py", line 25, in resolve
    return get_resolver(urlconf).resolve(path)
  File "/data/jtd_backend/jtd_shop/.venv/lib/python3.10/site-packages/django/urls/resolvers.py", line 666, in resolve
    for pattern in self.url_patterns:
  File "/data/jtd_backend/jtd_shop/.venv/lib/python3.10/site-packages/django/utils/functional.py", line 47, in __get__
    res = instance.__dict__[self.name] = self.func(instance)
  File "/data/jtd_backend/jtd_shop/.venv/lib/python3.10/site-packages/django/urls/resolvers.py", line 718, in url_patterns
    patterns = getattr(self.urlconf_module, "urlpatterns", self.urlconf_module)
  File "/data/jtd_backend/jtd_shop/.venv/lib/python3.10/site-packages/django/utils/functional.py", line 47, in __get__
    res = instance.__dict__[self.name] = self.func(instance)
  File "/data/jtd_backend/jtd_shop/.venv/lib/python3.10/site-packages/django/urls/resolvers.py", line 711, in urlconf_module
    return import_module(self.urlconf_name)
  File "/usr/lib/python3.10/importlib/__init__.py", line 126, in import_module
    return _bootstrap._gcd_import(name[level:], package, level)
  File "<frozen importlib._bootstrap>", line 1050, in _gcd_import
  File "<frozen importlib._bootstrap>", line 1027, in _find_and_load
  File "<frozen importlib._bootstrap>", line 1006, in _find_and_load_unlocked
  File "<frozen importlib._bootstrap>", line 688, in _load_unlocked
  File "<frozen importlib._bootstrap_external>", line 883, in exec_module
  File "<frozen importlib._bootstrap>", line 241, in _call_with_frames_removed
  File "/data/jtd_backend/jtd_shop/App_backend/urls.py", line 47, in <module>
    path('wechat/', include('wechat_auth.urls')),
  File "/data/jtd_backend/jtd_shop/.venv/lib/python3.10/site-packages/django/urls/conf.py", line 39, in include
    urlconf_module = import_module(urlconf_module)
  File "/usr/lib/python3.10/importlib/__init__.py", line 126, in import_module
    return _bootstrap._gcd_import(name[level:], package, level)
  File "<frozen importlib._bootstrap>", line 1050, in _gcd_import
  File "<frozen importlib._bootstrap>", line 1027, in _find_and_load
  File "<frozen importlib._bootstrap>", line 1006, in _find_and_load_unlocked
  File "<frozen importlib._bootstrap>", line 688, in _load_unlocked
  File "<frozen importlib._bootstrap_external>", line 883, in exec_module
  File "<frozen importlib._bootstrap>", line 241, in _call_with_frames_removed
  File "/data/jtd_backend/jtd_shop/wechat_auth/urls.py", line 5, in <module>
    from . import views
  File "/data/jtd_backend/jtd_shop/wechat_auth/views.py", line 7, in <module>
    from .services import WechatAuthService
  File "/data/jtd_backend/jtd_shop/wechat_auth/services.py", line 7, in <module>
    from .models import WechatUser, WechatSession
  File "/data/jtd_backend/jtd_shop/wechat_auth/models.py", line 5, in <module>
    class WechatUser(models.Model):
  File "/data/jtd_backend/jtd_shop/.venv/lib/python3.10/site-packages/django/db/models/base.py", line 136, in __new__
    raise RuntimeError(
RuntimeError: Model class wechat_auth.models.WechatUser doesn't declare an explicit app_label and isn't in an application in INSTALLED_APPS.
[2025-08-21 06:20:01 +0000] [1376] [INFO] Worker exiting (pid: 1376)
[2025-08-21 06:20:01 +0000] [1382] [INFO] Worker exiting (pid: 1382)
[2025-08-21 06:20:01 +0000] [1384] [INFO] Worker exiting (pid: 1384)
[2025-08-21 06:20:01 +0000] [1375] [INFO] Worker exiting (pid: 1375)
[2025-08-21 06:20:01 +0000] [1372] [INFO] Worker exiting (pid: 1372)
[2025-08-21 06:20:01 +0000] [969] [INFO] Handling signal: term
[2025-08-21 06:20:01 +0000] [969] [INFO] Shutting down: Master
