Not Found: /
Not Found: /
Not Found: /
Not Found: /
Not Found: /
Not Found: /
Not Found: /favicon.ico
Not Found: /favicon.ico
Not Found: /favicon.ico
Not Found: /favicon.ico
Internal Server Error: /admin/login/
Traceback (most recent call last):
  File "/data/jtd_backend/jtd_shop/.venv/lib/python3.10/site-packages/django/db/backends/utils.py", line 105, in _execute
    return self.cursor.execute(sql, params)
psycopg2.errors.InsufficientPrivilege: permission denied for table user


The above exception was the direct cause of the following exception:

Traceback (most recent call last):
  File "/data/jtd_backend/jtd_shop/.venv/lib/python3.10/site-packages/django/core/handlers/exception.py", line 55, in inner
    response = get_response(request)
  File "/data/jtd_backend/jtd_shop/.venv/lib/python3.10/site-packages/django/core/handlers/base.py", line 197, in _get_response
    response = wrapped_callback(request, *callback_args, **callback_kwargs)
  File "/data/jtd_backend/jtd_shop/.venv/lib/python3.10/site-packages/django/utils/decorators.py", line 48, in _wrapper
    return bound_method(*args, **kwargs)
  File "/data/jtd_backend/jtd_shop/.venv/lib/python3.10/site-packages/django/views/decorators/cache.py", line 80, in _view_wrapper
    response = view_func(request, *args, **kwargs)
  File "/data/jtd_backend/jtd_shop/.venv/lib/python3.10/site-packages/django/contrib/admin/sites.py", line 449, in login
    return LoginView.as_view(**defaults)(request)
  File "/data/jtd_backend/jtd_shop/.venv/lib/python3.10/site-packages/django/views/generic/base.py", line 105, in view
    return self.dispatch(request, *args, **kwargs)
  File "/data/jtd_backend/jtd_shop/.venv/lib/python3.10/site-packages/django/utils/decorators.py", line 48, in _wrapper
    return bound_method(*args, **kwargs)
  File "/data/jtd_backend/jtd_shop/.venv/lib/python3.10/site-packages/django/utils/decorators.py", line 48, in _wrapper
    return bound_method(*args, **kwargs)
  File "/data/jtd_backend/jtd_shop/.venv/lib/python3.10/site-packages/django/views/decorators/debug.py", line 143, in sensitive_post_parameters_wrapper
    return view(request, *args, **kwargs)
  File "/data/jtd_backend/jtd_shop/.venv/lib/python3.10/site-packages/django/utils/decorators.py", line 48, in _wrapper
    return bound_method(*args, **kwargs)
  File "/data/jtd_backend/jtd_shop/.venv/lib/python3.10/site-packages/django/utils/decorators.py", line 192, in _view_wrapper
    result = _process_exception(request, e)
  File "/data/jtd_backend/jtd_shop/.venv/lib/python3.10/site-packages/django/utils/decorators.py", line 190, in _view_wrapper
    response = view_func(request, *args, **kwargs)
  File "/data/jtd_backend/jtd_shop/.venv/lib/python3.10/site-packages/django/utils/decorators.py", line 48, in _wrapper
    return bound_method(*args, **kwargs)
  File "/data/jtd_backend/jtd_shop/.venv/lib/python3.10/site-packages/django/views/decorators/cache.py", line 80, in _view_wrapper
    response = view_func(request, *args, **kwargs)
  File "/data/jtd_backend/jtd_shop/.venv/lib/python3.10/site-packages/django/contrib/auth/views.py", line 89, in dispatch
    return super().dispatch(request, *args, **kwargs)
  File "/data/jtd_backend/jtd_shop/.venv/lib/python3.10/site-packages/django/views/generic/base.py", line 144, in dispatch
    return handler(request, *args, **kwargs)
  File "/data/jtd_backend/jtd_shop/.venv/lib/python3.10/site-packages/django/views/generic/edit.py", line 150, in post
    if form.is_valid():
  File "/data/jtd_backend/jtd_shop/.venv/lib/python3.10/site-packages/django/forms/forms.py", line 206, in is_valid
    return self.is_bound and not self.errors
  File "/data/jtd_backend/jtd_shop/.venv/lib/python3.10/site-packages/django/forms/forms.py", line 201, in errors
    self.full_clean()
  File "/data/jtd_backend/jtd_shop/.venv/lib/python3.10/site-packages/django/forms/forms.py", line 338, in full_clean
    self._clean_form()
  File "/data/jtd_backend/jtd_shop/.venv/lib/python3.10/site-packages/django/forms/forms.py", line 354, in _clean_form
    cleaned_data = self.clean()
  File "/data/jtd_backend/jtd_shop/.venv/lib/python3.10/site-packages/django/views/decorators/debug.py", line 75, in sensitive_variables_wrapper
    return func(*func_args, **func_kwargs)
  File "/data/jtd_backend/jtd_shop/.venv/lib/python3.10/site-packages/django/contrib/auth/forms.py", line 366, in clean
    self.user_cache = authenticate(
  File "/data/jtd_backend/jtd_shop/.venv/lib/python3.10/site-packages/django/views/decorators/debug.py", line 75, in sensitive_variables_wrapper
    return func(*func_args, **func_kwargs)
  File "/data/jtd_backend/jtd_shop/.venv/lib/python3.10/site-packages/django/contrib/auth/__init__.py", line 114, in authenticate
    user = backend.authenticate(request, **credentials)
  File "/data/jtd_backend/jtd_shop/.venv/lib/python3.10/site-packages/django/contrib/auth/backends.py", line 65, in authenticate
    user = UserModel._default_manager.get_by_natural_key(username)
  File "/data/jtd_backend/jtd_shop/.venv/lib/python3.10/site-packages/django/contrib/auth/base_user.py", line 37, in get_by_natural_key
    return self.get(**{self.model.USERNAME_FIELD: username})
  File "/data/jtd_backend/jtd_shop/.venv/lib/python3.10/site-packages/django/db/models/manager.py", line 87, in manager_method
    return getattr(self.get_queryset(), name)(*args, **kwargs)
  File "/data/jtd_backend/jtd_shop/.venv/lib/python3.10/site-packages/django/db/models/query.py", line 629, in get
    num = len(clone)
  File "/data/jtd_backend/jtd_shop/.venv/lib/python3.10/site-packages/django/db/models/query.py", line 366, in __len__
    self._fetch_all()
  File "/data/jtd_backend/jtd_shop/.venv/lib/python3.10/site-packages/django/db/models/query.py", line 1949, in _fetch_all
    self._result_cache = list(self._iterable_class(self))
  File "/data/jtd_backend/jtd_shop/.venv/lib/python3.10/site-packages/django/db/models/query.py", line 91, in __iter__
    results = compiler.execute_sql(
  File "/data/jtd_backend/jtd_shop/.venv/lib/python3.10/site-packages/django/db/models/sql/compiler.py", line 1623, in execute_sql
    cursor.execute(sql, params)
  File "/data/jtd_backend/jtd_shop/.venv/lib/python3.10/site-packages/django/db/backends/utils.py", line 122, in execute
    return super().execute(sql, params)
  File "/data/jtd_backend/jtd_shop/.venv/lib/python3.10/site-packages/django/db/backends/utils.py", line 79, in execute
    return self._execute_with_wrappers(
  File "/data/jtd_backend/jtd_shop/.venv/lib/python3.10/site-packages/django/db/backends/utils.py", line 92, in _execute_with_wrappers
    return executor(sql, params, many, context)
  File "/data/jtd_backend/jtd_shop/.venv/lib/python3.10/site-packages/django/db/backends/utils.py", line 100, in _execute
    with self.db.wrap_database_errors:
  File "/data/jtd_backend/jtd_shop/.venv/lib/python3.10/site-packages/django/db/utils.py", line 91, in __exit__
    raise dj_exc_value.with_traceback(traceback) from exc_value
  File "/data/jtd_backend/jtd_shop/.venv/lib/python3.10/site-packages/django/db/backends/utils.py", line 105, in _execute
    return self.cursor.execute(sql, params)
django.db.utils.ProgrammingError: permission denied for table user

Internal Server Error: /admin/login/
Traceback (most recent call last):
  File "/data/jtd_backend/jtd_shop/.venv/lib/python3.10/site-packages/django/db/backends/utils.py", line 105, in _execute
    return self.cursor.execute(sql, params)
psycopg2.errors.InsufficientPrivilege: permission denied for table user


The above exception was the direct cause of the following exception:

Traceback (most recent call last):
  File "/data/jtd_backend/jtd_shop/.venv/lib/python3.10/site-packages/django/core/handlers/exception.py", line 55, in inner
    response = get_response(request)
  File "/data/jtd_backend/jtd_shop/.venv/lib/python3.10/site-packages/django/core/handlers/base.py", line 197, in _get_response
    response = wrapped_callback(request, *callback_args, **callback_kwargs)
  File "/data/jtd_backend/jtd_shop/.venv/lib/python3.10/site-packages/django/utils/decorators.py", line 48, in _wrapper
    return bound_method(*args, **kwargs)
  File "/data/jtd_backend/jtd_shop/.venv/lib/python3.10/site-packages/django/views/decorators/cache.py", line 80, in _view_wrapper
    response = view_func(request, *args, **kwargs)
  File "/data/jtd_backend/jtd_shop/.venv/lib/python3.10/site-packages/django/contrib/admin/sites.py", line 449, in login
    return LoginView.as_view(**defaults)(request)
  File "/data/jtd_backend/jtd_shop/.venv/lib/python3.10/site-packages/django/views/generic/base.py", line 105, in view
    return self.dispatch(request, *args, **kwargs)
  File "/data/jtd_backend/jtd_shop/.venv/lib/python3.10/site-packages/django/utils/decorators.py", line 48, in _wrapper
    return bound_method(*args, **kwargs)
  File "/data/jtd_backend/jtd_shop/.venv/lib/python3.10/site-packages/django/utils/decorators.py", line 48, in _wrapper
    return bound_method(*args, **kwargs)
  File "/data/jtd_backend/jtd_shop/.venv/lib/python3.10/site-packages/django/views/decorators/debug.py", line 143, in sensitive_post_parameters_wrapper
    return view(request, *args, **kwargs)
  File "/data/jtd_backend/jtd_shop/.venv/lib/python3.10/site-packages/django/utils/decorators.py", line 48, in _wrapper
    return bound_method(*args, **kwargs)
  File "/data/jtd_backend/jtd_shop/.venv/lib/python3.10/site-packages/django/utils/decorators.py", line 192, in _view_wrapper
    result = _process_exception(request, e)
  File "/data/jtd_backend/jtd_shop/.venv/lib/python3.10/site-packages/django/utils/decorators.py", line 190, in _view_wrapper
    response = view_func(request, *args, **kwargs)
  File "/data/jtd_backend/jtd_shop/.venv/lib/python3.10/site-packages/django/utils/decorators.py", line 48, in _wrapper
    return bound_method(*args, **kwargs)
  File "/data/jtd_backend/jtd_shop/.venv/lib/python3.10/site-packages/django/views/decorators/cache.py", line 80, in _view_wrapper
    response = view_func(request, *args, **kwargs)
  File "/data/jtd_backend/jtd_shop/.venv/lib/python3.10/site-packages/django/contrib/auth/views.py", line 89, in dispatch
    return super().dispatch(request, *args, **kwargs)
  File "/data/jtd_backend/jtd_shop/.venv/lib/python3.10/site-packages/django/views/generic/base.py", line 144, in dispatch
    return handler(request, *args, **kwargs)
  File "/data/jtd_backend/jtd_shop/.venv/lib/python3.10/site-packages/django/views/generic/edit.py", line 150, in post
    if form.is_valid():
  File "/data/jtd_backend/jtd_shop/.venv/lib/python3.10/site-packages/django/forms/forms.py", line 206, in is_valid
    return self.is_bound and not self.errors
  File "/data/jtd_backend/jtd_shop/.venv/lib/python3.10/site-packages/django/forms/forms.py", line 201, in errors
    self.full_clean()
  File "/data/jtd_backend/jtd_shop/.venv/lib/python3.10/site-packages/django/forms/forms.py", line 338, in full_clean
    self._clean_form()
  File "/data/jtd_backend/jtd_shop/.venv/lib/python3.10/site-packages/django/forms/forms.py", line 354, in _clean_form
    cleaned_data = self.clean()
  File "/data/jtd_backend/jtd_shop/.venv/lib/python3.10/site-packages/django/views/decorators/debug.py", line 75, in sensitive_variables_wrapper
    return func(*func_args, **func_kwargs)
  File "/data/jtd_backend/jtd_shop/.venv/lib/python3.10/site-packages/django/contrib/auth/forms.py", line 366, in clean
    self.user_cache = authenticate(
  File "/data/jtd_backend/jtd_shop/.venv/lib/python3.10/site-packages/django/views/decorators/debug.py", line 75, in sensitive_variables_wrapper
    return func(*func_args, **func_kwargs)
  File "/data/jtd_backend/jtd_shop/.venv/lib/python3.10/site-packages/django/contrib/auth/__init__.py", line 114, in authenticate
    user = backend.authenticate(request, **credentials)
  File "/data/jtd_backend/jtd_shop/.venv/lib/python3.10/site-packages/django/contrib/auth/backends.py", line 65, in authenticate
    user = UserModel._default_manager.get_by_natural_key(username)
  File "/data/jtd_backend/jtd_shop/.venv/lib/python3.10/site-packages/django/contrib/auth/base_user.py", line 37, in get_by_natural_key
    return self.get(**{self.model.USERNAME_FIELD: username})
  File "/data/jtd_backend/jtd_shop/.venv/lib/python3.10/site-packages/django/db/models/manager.py", line 87, in manager_method
    return getattr(self.get_queryset(), name)(*args, **kwargs)
  File "/data/jtd_backend/jtd_shop/.venv/lib/python3.10/site-packages/django/db/models/query.py", line 629, in get
    num = len(clone)
  File "/data/jtd_backend/jtd_shop/.venv/lib/python3.10/site-packages/django/db/models/query.py", line 366, in __len__
    self._fetch_all()
  File "/data/jtd_backend/jtd_shop/.venv/lib/python3.10/site-packages/django/db/models/query.py", line 1949, in _fetch_all
    self._result_cache = list(self._iterable_class(self))
  File "/data/jtd_backend/jtd_shop/.venv/lib/python3.10/site-packages/django/db/models/query.py", line 91, in __iter__
    results = compiler.execute_sql(
  File "/data/jtd_backend/jtd_shop/.venv/lib/python3.10/site-packages/django/db/models/sql/compiler.py", line 1623, in execute_sql
    cursor.execute(sql, params)
  File "/data/jtd_backend/jtd_shop/.venv/lib/python3.10/site-packages/django/db/backends/utils.py", line 122, in execute
    return super().execute(sql, params)
  File "/data/jtd_backend/jtd_shop/.venv/lib/python3.10/site-packages/django/db/backends/utils.py", line 79, in execute
    return self._execute_with_wrappers(
  File "/data/jtd_backend/jtd_shop/.venv/lib/python3.10/site-packages/django/db/backends/utils.py", line 92, in _execute_with_wrappers
    return executor(sql, params, many, context)
  File "/data/jtd_backend/jtd_shop/.venv/lib/python3.10/site-packages/django/db/backends/utils.py", line 100, in _execute
    with self.db.wrap_database_errors:
  File "/data/jtd_backend/jtd_shop/.venv/lib/python3.10/site-packages/django/db/utils.py", line 91, in __exit__
    raise dj_exc_value.with_traceback(traceback) from exc_value
  File "/data/jtd_backend/jtd_shop/.venv/lib/python3.10/site-packages/django/db/backends/utils.py", line 105, in _execute
    return self.cursor.execute(sql, params)
django.db.utils.ProgrammingError: permission denied for table user

Not Found: /
Not Found: /
Not Found: /
Not Found: /
Forbidden (CSRF cookie not set.): /
Forbidden (CSRF cookie not set.): /
Bad Request: /products/list/
Bad Request: /products/list/
Bad Request: /products/list/
Bad Request: /products/list/
获取商品详情时发生错误
Traceback (most recent call last):
  File "/data/jtd_backend/jtd_shop/.venv/lib/python3.10/site-packages/django/shortcuts.py", line 90, in get_object_or_404
    return queryset.get(*args, **kwargs)
  File "/data/jtd_backend/jtd_shop/.venv/lib/python3.10/site-packages/django/db/models/query.py", line 633, in get
    raise self.model.DoesNotExist(
product_management.models.Product.DoesNotExist: Product matching query does not exist.

During handling of the above exception, another exception occurred:

Traceback (most recent call last):
  File "/data/jtd_backend/jtd_shop/product_management/views.py", line 113, in product_detail
    product = get_object_or_404(Product, id=product_id, is_active=True)
  File "/data/jtd_backend/jtd_shop/.venv/lib/python3.10/site-packages/django/shortcuts.py", line 92, in get_object_or_404
    raise Http404(
django.http.response.Http404: No Product matches the given query.
Internal Server Error: /products/detail/1/
Internal Server Error: /products/detail/1/
Not Found: /products/by-category/
Not Found: /products/by-category/
Not Found: /products/by-category/
Not Found: /products/by-category/
Not Found: /products/by-category/
Not Found: /products/by-category/
Not Found: /products/by-category/
Not Found: /products/by-category/
Not Found: /products/by-category/
Not Found: /products/by-category/
Not Found: /products/by-category/
Not Found: /products/by-category/
Not Found: /products/by-category/\u7535\u5b50\u4ea7\u54c1/
Not Found: /products/by-category/\u7535\u5b50\u4ea7\u54c1/
Not Found: /products/by-category/\u7535\u5b50\u4ea7\u54c1/
Not Found: /products/by-category/\u7535\u5b50\u4ea7\u54c1/
Not Found: /products/by-category/\u670d\u88c5\u978b\u5e3d/
Not Found: /products/by-category/\u670d\u88c5\u978b\u5e3d/
Not Found: /products/by-category/\u670d\u88c5\u978b\u5e3d/
Not Found: /products/by-category/\u670d\u88c5\u978b\u5e3d/
Not Found: /products/by-category/\u4e0d\u5b58\u5728\u7684\u5206\u7c7b/
Not Found: /products/by-category/\u4e0d\u5b58\u5728\u7684\u5206\u7c7b/
Not Found: /products/by-category/
Not Found: /products/by-category/
Not Found: /products/by-category/
Not Found: /products/by-category/
Not Found: /products/by-category/\u7535\u5b50\u4ea7\u54c1/
Not Found: /products/by-category/\u7535\u5b50\u4ea7\u54c1/
Bad Request: /products/by-category/
Bad Request: /products/by-category/
Bad Request: /products/create/
Bad Request: /products/create/
Bad Request: /products/create/
Bad Request: /products/create/
Not Found: /favicon.ico
Not Found: /favicon.ico
Not Found: /favicon.ico
Not Found: /favicon.ico
Not Found: /
Not Found: /
Not Found: /
Not Found: /
Not Found: /GponForm/diag_Form
Not Found: /GponForm/diag_Form
Not Found: /favicon.ico
Not Found: /favicon.ico
Not Found: /favicon.ico
Not Found: /favicon.ico
Importing AvifImagePlugin
Importing BlpImagePlugin
Importing BmpImagePlugin
Importing BufrStubImagePlugin
Importing CurImagePlugin
Importing DcxImagePlugin
Importing DdsImagePlugin
Importing EpsImagePlugin
Importing FitsImagePlugin
Importing FliImagePlugin
Importing FpxImagePlugin
Image: failed to import FpxImagePlugin: No module named 'olefile'
Importing FtexImagePlugin
Importing GbrImagePlugin
Importing GifImagePlugin
Importing GribStubImagePlugin
Importing Hdf5StubImagePlugin
Importing IcnsImagePlugin
Importing IcoImagePlugin
Importing ImImagePlugin
Importing ImtImagePlugin
Importing IptcImagePlugin
Importing JpegImagePlugin
Importing Jpeg2KImagePlugin
Importing McIdasImagePlugin
Importing MicImagePlugin
Image: failed to import MicImagePlugin: No module named 'olefile'
Importing MpegImagePlugin
Importing MpoImagePlugin
Importing MspImagePlugin
Importing PalmImagePlugin
Importing PcdImagePlugin
Importing PcxImagePlugin
Importing PdfImagePlugin
Importing PixarImagePlugin
Importing PngImagePlugin
Importing PpmImagePlugin
Importing PsdImagePlugin
Importing QoiImagePlugin
Importing SgiImagePlugin
Importing SpiderImagePlugin
Importing SunImagePlugin
Importing TgaImagePlugin
Importing TiffImagePlugin
Importing WebPImagePlugin
Importing WmfImagePlugin
Importing XbmImagePlugin
Importing XpmImagePlugin
Importing XVThumbImagePlugin
Importing AvifImagePlugin
Importing BlpImagePlugin
Importing BmpImagePlugin
Importing BufrStubImagePlugin
Importing CurImagePlugin
Importing DcxImagePlugin
Importing DdsImagePlugin
Importing EpsImagePlugin
Importing FitsImagePlugin
Importing FliImagePlugin
Importing FpxImagePlugin
Image: failed to import FpxImagePlugin: No module named 'olefile'
Importing FtexImagePlugin
Importing GbrImagePlugin
Importing GifImagePlugin
Importing GribStubImagePlugin
Importing Hdf5StubImagePlugin
Importing IcnsImagePlugin
Importing IcoImagePlugin
Importing ImImagePlugin
Importing ImtImagePlugin
Importing IptcImagePlugin
Importing JpegImagePlugin
Importing Jpeg2KImagePlugin
Importing McIdasImagePlugin
Importing MicImagePlugin
Image: failed to import MicImagePlugin: No module named 'olefile'
Importing MpegImagePlugin
Importing MpoImagePlugin
Importing MspImagePlugin
Importing PalmImagePlugin
Importing PcdImagePlugin
Importing PcxImagePlugin
Importing PdfImagePlugin
Importing PixarImagePlugin
Importing PngImagePlugin
Importing PpmImagePlugin
Importing PsdImagePlugin
Importing QoiImagePlugin
Importing SgiImagePlugin
Importing SpiderImagePlugin
Importing SunImagePlugin
Importing TgaImagePlugin
Importing TiffImagePlugin
Importing WebPImagePlugin
Importing WmfImagePlugin
Importing XbmImagePlugin
Importing XpmImagePlugin
Importing XVThumbImagePlugin
Forbidden: /products/list/
Forbidden: /products/list/
Not Found: /
Not Found: /
Internal Server Error: /users/login
Traceback (most recent call last):
  File "/data/jtd_backend/jtd_shop/.venv/lib/python3.10/site-packages/django/core/handlers/exception.py", line 55, in inner
    response = get_response(request)
  File "/data/jtd_backend/jtd_shop/.venv/lib/python3.10/site-packages/django/utils/deprecation.py", line 122, in __call__
    response = self.process_response(request, response)
  File "/data/jtd_backend/jtd_shop/.venv/lib/python3.10/site-packages/django/middleware/common.py", line 108, in process_response
    return self.response_redirect_class(self.get_full_path_with_slash(request))
  File "/data/jtd_backend/jtd_shop/.venv/lib/python3.10/site-packages/django/middleware/common.py", line 87, in get_full_path_with_slash
    raise RuntimeError(
RuntimeError: You called this URL via POST, but the URL doesn't end in a slash and you have APPEND_SLASH set. Django can't redirect to the slash URL while maintaining POST data. Change your form to point to 139.224.104.126/users/login/ (note the trailing slash), or set APPEND_SLASH=False in your Django settings.
Internal Server Error: /users/login
Traceback (most recent call last):
  File "/data/jtd_backend/jtd_shop/.venv/lib/python3.10/site-packages/django/core/handlers/exception.py", line 55, in inner
    response = get_response(request)
  File "/data/jtd_backend/jtd_shop/.venv/lib/python3.10/site-packages/django/utils/deprecation.py", line 122, in __call__
    response = self.process_response(request, response)
  File "/data/jtd_backend/jtd_shop/.venv/lib/python3.10/site-packages/django/middleware/common.py", line 108, in process_response
    return self.response_redirect_class(self.get_full_path_with_slash(request))
  File "/data/jtd_backend/jtd_shop/.venv/lib/python3.10/site-packages/django/middleware/common.py", line 87, in get_full_path_with_slash
    raise RuntimeError(
RuntimeError: You called this URL via POST, but the URL doesn't end in a slash and you have APPEND_SLASH set. Django can't redirect to the slash URL while maintaining POST data. Change your form to point to 139.224.104.126/users/login/ (note the trailing slash), or set APPEND_SLASH=False in your Django settings.
Internal Server Error: /users/login
Traceback (most recent call last):
  File "/data/jtd_backend/jtd_shop/.venv/lib/python3.10/site-packages/django/core/handlers/exception.py", line 55, in inner
    response = get_response(request)
  File "/data/jtd_backend/jtd_shop/.venv/lib/python3.10/site-packages/django/utils/deprecation.py", line 122, in __call__
    response = self.process_response(request, response)
  File "/data/jtd_backend/jtd_shop/.venv/lib/python3.10/site-packages/django/middleware/common.py", line 108, in process_response
    return self.response_redirect_class(self.get_full_path_with_slash(request))
  File "/data/jtd_backend/jtd_shop/.venv/lib/python3.10/site-packages/django/middleware/common.py", line 87, in get_full_path_with_slash
    raise RuntimeError(
RuntimeError: You called this URL via POST, but the URL doesn't end in a slash and you have APPEND_SLASH set. Django can't redirect to the slash URL while maintaining POST data. Change your form to point to 139.224.104.126/users/login/ (note the trailing slash), or set APPEND_SLASH=False in your Django settings.
Internal Server Error: /users/login
Traceback (most recent call last):
  File "/data/jtd_backend/jtd_shop/.venv/lib/python3.10/site-packages/django/core/handlers/exception.py", line 55, in inner
    response = get_response(request)
  File "/data/jtd_backend/jtd_shop/.venv/lib/python3.10/site-packages/django/utils/deprecation.py", line 122, in __call__
    response = self.process_response(request, response)
  File "/data/jtd_backend/jtd_shop/.venv/lib/python3.10/site-packages/django/middleware/common.py", line 108, in process_response
    return self.response_redirect_class(self.get_full_path_with_slash(request))
  File "/data/jtd_backend/jtd_shop/.venv/lib/python3.10/site-packages/django/middleware/common.py", line 87, in get_full_path_with_slash
    raise RuntimeError(
RuntimeError: You called this URL via POST, but the URL doesn't end in a slash and you have APPEND_SLASH set. Django can't redirect to the slash URL while maintaining POST data. Change your form to point to 139.224.104.126/users/login/ (note the trailing slash), or set APPEND_SLASH=False in your Django settings.
Internal Server Error: /users/login
Traceback (most recent call last):
  File "/data/jtd_backend/jtd_shop/.venv/lib/python3.10/site-packages/django/core/handlers/exception.py", line 55, in inner
    response = get_response(request)
  File "/data/jtd_backend/jtd_shop/.venv/lib/python3.10/site-packages/django/utils/deprecation.py", line 122, in __call__
    response = self.process_response(request, response)
  File "/data/jtd_backend/jtd_shop/.venv/lib/python3.10/site-packages/django/middleware/common.py", line 108, in process_response
    return self.response_redirect_class(self.get_full_path_with_slash(request))
  File "/data/jtd_backend/jtd_shop/.venv/lib/python3.10/site-packages/django/middleware/common.py", line 87, in get_full_path_with_slash
    raise RuntimeError(
RuntimeError: You called this URL via POST, but the URL doesn't end in a slash and you have APPEND_SLASH set. Django can't redirect to the slash URL while maintaining POST data. Change your form to point to 139.224.104.126/users/login/ (note the trailing slash), or set APPEND_SLASH=False in your Django settings.
Internal Server Error: /users/login
Traceback (most recent call last):
  File "/data/jtd_backend/jtd_shop/.venv/lib/python3.10/site-packages/django/core/handlers/exception.py", line 55, in inner
    response = get_response(request)
  File "/data/jtd_backend/jtd_shop/.venv/lib/python3.10/site-packages/django/utils/deprecation.py", line 122, in __call__
    response = self.process_response(request, response)
  File "/data/jtd_backend/jtd_shop/.venv/lib/python3.10/site-packages/django/middleware/common.py", line 108, in process_response
    return self.response_redirect_class(self.get_full_path_with_slash(request))
  File "/data/jtd_backend/jtd_shop/.venv/lib/python3.10/site-packages/django/middleware/common.py", line 87, in get_full_path_with_slash
    raise RuntimeError(
RuntimeError: You called this URL via POST, but the URL doesn't end in a slash and you have APPEND_SLASH set. Django can't redirect to the slash URL while maintaining POST data. Change your form to point to 139.224.104.126/users/login/ (note the trailing slash), or set APPEND_SLASH=False in your Django settings.
Internal Server Error: /users/login
Traceback (most recent call last):
  File "/data/jtd_backend/jtd_shop/.venv/lib/python3.10/site-packages/django/core/handlers/exception.py", line 55, in inner
    response = get_response(request)
  File "/data/jtd_backend/jtd_shop/.venv/lib/python3.10/site-packages/django/utils/deprecation.py", line 122, in __call__
    response = self.process_response(request, response)
  File "/data/jtd_backend/jtd_shop/.venv/lib/python3.10/site-packages/django/middleware/common.py", line 108, in process_response
    return self.response_redirect_class(self.get_full_path_with_slash(request))
  File "/data/jtd_backend/jtd_shop/.venv/lib/python3.10/site-packages/django/middleware/common.py", line 87, in get_full_path_with_slash
    raise RuntimeError(
RuntimeError: You called this URL via POST, but the URL doesn't end in a slash and you have APPEND_SLASH set. Django can't redirect to the slash URL while maintaining POST data. Change your form to point to 139.224.104.126/users/login/ (note the trailing slash), or set APPEND_SLASH=False in your Django settings.
Internal Server Error: /users/login
Traceback (most recent call last):
  File "/data/jtd_backend/jtd_shop/.venv/lib/python3.10/site-packages/django/core/handlers/exception.py", line 55, in inner
    response = get_response(request)
  File "/data/jtd_backend/jtd_shop/.venv/lib/python3.10/site-packages/django/utils/deprecation.py", line 122, in __call__
    response = self.process_response(request, response)
  File "/data/jtd_backend/jtd_shop/.venv/lib/python3.10/site-packages/django/middleware/common.py", line 108, in process_response
    return self.response_redirect_class(self.get_full_path_with_slash(request))
  File "/data/jtd_backend/jtd_shop/.venv/lib/python3.10/site-packages/django/middleware/common.py", line 87, in get_full_path_with_slash
    raise RuntimeError(
RuntimeError: You called this URL via POST, but the URL doesn't end in a slash and you have APPEND_SLASH set. Django can't redirect to the slash URL while maintaining POST data. Change your form to point to 139.224.104.126/users/login/ (note the trailing slash), or set APPEND_SLASH=False in your Django settings.
Internal Server Error: /users/login
Traceback (most recent call last):
  File "/data/jtd_backend/jtd_shop/.venv/lib/python3.10/site-packages/django/core/handlers/exception.py", line 55, in inner
    response = get_response(request)
  File "/data/jtd_backend/jtd_shop/.venv/lib/python3.10/site-packages/django/utils/deprecation.py", line 122, in __call__
    response = self.process_response(request, response)
  File "/data/jtd_backend/jtd_shop/.venv/lib/python3.10/site-packages/django/middleware/common.py", line 108, in process_response
    return self.response_redirect_class(self.get_full_path_with_slash(request))
  File "/data/jtd_backend/jtd_shop/.venv/lib/python3.10/site-packages/django/middleware/common.py", line 87, in get_full_path_with_slash
    raise RuntimeError(
RuntimeError: You called this URL via POST, but the URL doesn't end in a slash and you have APPEND_SLASH set. Django can't redirect to the slash URL while maintaining POST data. Change your form to point to 139.224.104.126/users/login/ (note the trailing slash), or set APPEND_SLASH=False in your Django settings.
Internal Server Error: /users/login
Traceback (most recent call last):
  File "/data/jtd_backend/jtd_shop/.venv/lib/python3.10/site-packages/django/core/handlers/exception.py", line 55, in inner
    response = get_response(request)
  File "/data/jtd_backend/jtd_shop/.venv/lib/python3.10/site-packages/django/utils/deprecation.py", line 122, in __call__
    response = self.process_response(request, response)
  File "/data/jtd_backend/jtd_shop/.venv/lib/python3.10/site-packages/django/middleware/common.py", line 108, in process_response
    return self.response_redirect_class(self.get_full_path_with_slash(request))
  File "/data/jtd_backend/jtd_shop/.venv/lib/python3.10/site-packages/django/middleware/common.py", line 87, in get_full_path_with_slash
    raise RuntimeError(
RuntimeError: You called this URL via POST, but the URL doesn't end in a slash and you have APPEND_SLASH set. Django can't redirect to the slash URL while maintaining POST data. Change your form to point to 139.224.104.126/users/login/ (note the trailing slash), or set APPEND_SLASH=False in your Django settings.
Internal Server Error: /users/login
Traceback (most recent call last):
  File "/data/jtd_backend/jtd_shop/.venv/lib/python3.10/site-packages/django/core/handlers/exception.py", line 55, in inner
    response = get_response(request)
  File "/data/jtd_backend/jtd_shop/.venv/lib/python3.10/site-packages/django/utils/deprecation.py", line 122, in __call__
    response = self.process_response(request, response)
  File "/data/jtd_backend/jtd_shop/.venv/lib/python3.10/site-packages/django/middleware/common.py", line 108, in process_response
    return self.response_redirect_class(self.get_full_path_with_slash(request))
  File "/data/jtd_backend/jtd_shop/.venv/lib/python3.10/site-packages/django/middleware/common.py", line 87, in get_full_path_with_slash
    raise RuntimeError(
RuntimeError: You called this URL via POST, but the URL doesn't end in a slash and you have APPEND_SLASH set. Django can't redirect to the slash URL while maintaining POST data. Change your form to point to 139.224.104.126/users/login/ (note the trailing slash), or set APPEND_SLASH=False in your Django settings.
Internal Server Error: /users/login
Traceback (most recent call last):
  File "/data/jtd_backend/jtd_shop/.venv/lib/python3.10/site-packages/django/core/handlers/exception.py", line 55, in inner
    response = get_response(request)
  File "/data/jtd_backend/jtd_shop/.venv/lib/python3.10/site-packages/django/utils/deprecation.py", line 122, in __call__
    response = self.process_response(request, response)
  File "/data/jtd_backend/jtd_shop/.venv/lib/python3.10/site-packages/django/middleware/common.py", line 108, in process_response
    return self.response_redirect_class(self.get_full_path_with_slash(request))
  File "/data/jtd_backend/jtd_shop/.venv/lib/python3.10/site-packages/django/middleware/common.py", line 87, in get_full_path_with_slash
    raise RuntimeError(
RuntimeError: You called this URL via POST, but the URL doesn't end in a slash and you have APPEND_SLASH set. Django can't redirect to the slash URL while maintaining POST data. Change your form to point to 139.224.104.126/users/login/ (note the trailing slash), or set APPEND_SLASH=False in your Django settings.
Internal Server Error: /users/login
Traceback (most recent call last):
  File "/data/jtd_backend/jtd_shop/.venv/lib/python3.10/site-packages/django/core/handlers/exception.py", line 55, in inner
    response = get_response(request)
  File "/data/jtd_backend/jtd_shop/.venv/lib/python3.10/site-packages/django/utils/deprecation.py", line 122, in __call__
    response = self.process_response(request, response)
  File "/data/jtd_backend/jtd_shop/.venv/lib/python3.10/site-packages/django/middleware/common.py", line 108, in process_response
    return self.response_redirect_class(self.get_full_path_with_slash(request))
  File "/data/jtd_backend/jtd_shop/.venv/lib/python3.10/site-packages/django/middleware/common.py", line 87, in get_full_path_with_slash
    raise RuntimeError(
RuntimeError: You called this URL via POST, but the URL doesn't end in a slash and you have APPEND_SLASH set. Django can't redirect to the slash URL while maintaining POST data. Change your form to point to 139.224.104.126/users/login/ (note the trailing slash), or set APPEND_SLASH=False in your Django settings.
Internal Server Error: /users/login
Traceback (most recent call last):
  File "/data/jtd_backend/jtd_shop/.venv/lib/python3.10/site-packages/django/core/handlers/exception.py", line 55, in inner
    response = get_response(request)
  File "/data/jtd_backend/jtd_shop/.venv/lib/python3.10/site-packages/django/utils/deprecation.py", line 122, in __call__
    response = self.process_response(request, response)
  File "/data/jtd_backend/jtd_shop/.venv/lib/python3.10/site-packages/django/middleware/common.py", line 108, in process_response
    return self.response_redirect_class(self.get_full_path_with_slash(request))
  File "/data/jtd_backend/jtd_shop/.venv/lib/python3.10/site-packages/django/middleware/common.py", line 87, in get_full_path_with_slash
    raise RuntimeError(
RuntimeError: You called this URL via POST, but the URL doesn't end in a slash and you have APPEND_SLASH set. Django can't redirect to the slash URL while maintaining POST data. Change your form to point to 139.224.104.126/users/login/ (note the trailing slash), or set APPEND_SLASH=False in your Django settings.
Internal Server Error: /users/login
Traceback (most recent call last):
  File "/data/jtd_backend/jtd_shop/.venv/lib/python3.10/site-packages/django/core/handlers/exception.py", line 55, in inner
    response = get_response(request)
  File "/data/jtd_backend/jtd_shop/.venv/lib/python3.10/site-packages/django/utils/deprecation.py", line 122, in __call__
    response = self.process_response(request, response)
  File "/data/jtd_backend/jtd_shop/.venv/lib/python3.10/site-packages/django/middleware/common.py", line 108, in process_response
    return self.response_redirect_class(self.get_full_path_with_slash(request))
  File "/data/jtd_backend/jtd_shop/.venv/lib/python3.10/site-packages/django/middleware/common.py", line 87, in get_full_path_with_slash
    raise RuntimeError(
RuntimeError: You called this URL via POST, but the URL doesn't end in a slash and you have APPEND_SLASH set. Django can't redirect to the slash URL while maintaining POST data. Change your form to point to 139.224.104.126/users/login/ (note the trailing slash), or set APPEND_SLASH=False in your Django settings.
Internal Server Error: /users/login
Traceback (most recent call last):
  File "/data/jtd_backend/jtd_shop/.venv/lib/python3.10/site-packages/django/core/handlers/exception.py", line 55, in inner
    response = get_response(request)
  File "/data/jtd_backend/jtd_shop/.venv/lib/python3.10/site-packages/django/utils/deprecation.py", line 122, in __call__
    response = self.process_response(request, response)
  File "/data/jtd_backend/jtd_shop/.venv/lib/python3.10/site-packages/django/middleware/common.py", line 108, in process_response
    return self.response_redirect_class(self.get_full_path_with_slash(request))
  File "/data/jtd_backend/jtd_shop/.venv/lib/python3.10/site-packages/django/middleware/common.py", line 87, in get_full_path_with_slash
    raise RuntimeError(
RuntimeError: You called this URL via POST, but the URL doesn't end in a slash and you have APPEND_SLASH set. Django can't redirect to the slash URL while maintaining POST data. Change your form to point to 139.224.104.126/users/login/ (note the trailing slash), or set APPEND_SLASH=False in your Django settings.
Internal Server Error: /users/login
Traceback (most recent call last):
  File "/data/jtd_backend/jtd_shop/.venv/lib/python3.10/site-packages/django/core/handlers/exception.py", line 55, in inner
    response = get_response(request)
  File "/data/jtd_backend/jtd_shop/.venv/lib/python3.10/site-packages/django/utils/deprecation.py", line 122, in __call__
    response = self.process_response(request, response)
  File "/data/jtd_backend/jtd_shop/.venv/lib/python3.10/site-packages/django/middleware/common.py", line 108, in process_response
    return self.response_redirect_class(self.get_full_path_with_slash(request))
  File "/data/jtd_backend/jtd_shop/.venv/lib/python3.10/site-packages/django/middleware/common.py", line 87, in get_full_path_with_slash
    raise RuntimeError(
RuntimeError: You called this URL via POST, but the URL doesn't end in a slash and you have APPEND_SLASH set. Django can't redirect to the slash URL while maintaining POST data. Change your form to point to 139.224.104.126/users/login/ (note the trailing slash), or set APPEND_SLASH=False in your Django settings.
Internal Server Error: /users/login
Traceback (most recent call last):
  File "/data/jtd_backend/jtd_shop/.venv/lib/python3.10/site-packages/django/core/handlers/exception.py", line 55, in inner
    response = get_response(request)
  File "/data/jtd_backend/jtd_shop/.venv/lib/python3.10/site-packages/django/utils/deprecation.py", line 122, in __call__
    response = self.process_response(request, response)
  File "/data/jtd_backend/jtd_shop/.venv/lib/python3.10/site-packages/django/middleware/common.py", line 108, in process_response
    return self.response_redirect_class(self.get_full_path_with_slash(request))
  File "/data/jtd_backend/jtd_shop/.venv/lib/python3.10/site-packages/django/middleware/common.py", line 87, in get_full_path_with_slash
    raise RuntimeError(
RuntimeError: You called this URL via POST, but the URL doesn't end in a slash and you have APPEND_SLASH set. Django can't redirect to the slash URL while maintaining POST data. Change your form to point to 139.224.104.126/users/login/ (note the trailing slash), or set APPEND_SLASH=False in your Django settings.
Internal Server Error: /users/login
Traceback (most recent call last):
  File "/data/jtd_backend/jtd_shop/.venv/lib/python3.10/site-packages/django/core/handlers/exception.py", line 55, in inner
    response = get_response(request)
  File "/data/jtd_backend/jtd_shop/.venv/lib/python3.10/site-packages/django/utils/deprecation.py", line 122, in __call__
    response = self.process_response(request, response)
  File "/data/jtd_backend/jtd_shop/.venv/lib/python3.10/site-packages/django/middleware/common.py", line 108, in process_response
    return self.response_redirect_class(self.get_full_path_with_slash(request))
  File "/data/jtd_backend/jtd_shop/.venv/lib/python3.10/site-packages/django/middleware/common.py", line 87, in get_full_path_with_slash
    raise RuntimeError(
RuntimeError: You called this URL via POST, but the URL doesn't end in a slash and you have APPEND_SLASH set. Django can't redirect to the slash URL while maintaining POST data. Change your form to point to 139.224.104.126/users/login/ (note the trailing slash), or set APPEND_SLASH=False in your Django settings.
Internal Server Error: /users/login
Traceback (most recent call last):
  File "/data/jtd_backend/jtd_shop/.venv/lib/python3.10/site-packages/django/core/handlers/exception.py", line 55, in inner
    response = get_response(request)
  File "/data/jtd_backend/jtd_shop/.venv/lib/python3.10/site-packages/django/utils/deprecation.py", line 122, in __call__
    response = self.process_response(request, response)
  File "/data/jtd_backend/jtd_shop/.venv/lib/python3.10/site-packages/django/middleware/common.py", line 108, in process_response
    return self.response_redirect_class(self.get_full_path_with_slash(request))
  File "/data/jtd_backend/jtd_shop/.venv/lib/python3.10/site-packages/django/middleware/common.py", line 87, in get_full_path_with_slash
    raise RuntimeError(
RuntimeError: You called this URL via POST, but the URL doesn't end in a slash and you have APPEND_SLASH set. Django can't redirect to the slash URL while maintaining POST data. Change your form to point to 139.224.104.126/users/login/ (note the trailing slash), or set APPEND_SLASH=False in your Django settings.
Not Found: /
Not Found: /
Not Found: /
Not Found: /
Not Found: /
Not Found: /
Not Found: /
Not Found: /
Not Found: /
Not Found: /
Not Found: /
Not Found: /
Not Found: /
Not Found: /
Not Found: /
Not Found: /
Not Found: /favicon.ico
Not Found: /favicon.ico
Not Found: /login
Not Found: /login
Not Found: /
Not Found: /
Not Found: /
Not Found: /
Not Found: /
Not Found: /
Not Found: /
Not Found: /
Not Found: /
Not Found: /
Not Found: /
Not Found: /
Not Found: /
Not Found: /
Not Found: /
Not Found: /
Not Found: /
Not Found: /
Not Found: /
Not Found: /
Not Found: /
Not Found: /
Not Found: /
Not Found: /
Not Found: /
Not Found: /
Not Found: /
Not Found: /
Not Found: /
Not Found: /
Not Found: /
Not Found: /
Not Found: /
Not Found: /
Not Found: /
Not Found: /
Not Found: /
Not Found: /
Not Found: /
Not Found: /
Not Found: /
Not Found: /
Not Found: /
Not Found: /
Not Found: /
Not Found: /
Not Found: /
Not Found: /
Not Found: /
Not Found: /
Not Found: /
Not Found: /
Not Found: /
Not Found: /
Not Found: /
Not Found: /
Not Found: /
Not Found: /
Not Found: /
Not Found: /
Not Found: /english/
Not Found: /english/
Not Found: /
Not Found: /
Not Found: /
Not Found: /
Not Found: /
Not Found: /
Not Found: /
Not Found: /
Not Found: /
Not Found: /
Not Found: /
Not Found: /
Not Found: /
Not Found: /
Not Found: /
Not Found: /
Not Found: /
Not Found: /
Not Found: /
Not Found: /
Not Found: /
Not Found: /
Not Found: /
Not Found: /
Not Found: /login
Not Found: /login
Not Found: /json/
Not Found: /json/
Not Found: /
Not Found: /
Not Found: /
Not Found: /
Not Found: /actuator/health
Not Found: /actuator/health
Not Found: /
Not Found: /
Not Found: /
Not Found: /
Not Found: /goform/set_LimitClient_cfg
Not Found: /goform/set_LimitClient_cfg
Not Found: /
Not Found: /
Not Found: /
Not Found: /
Not Found: /
Not Found: /
Not Found: /
Not Found: /
Not Found: /
Not Found: /
Not Found: /goform/set_LimitClient_cfg
Not Found: /goform/set_LimitClient_cfg
Not Found: /login
Not Found: /login
Not Found: /
Not Found: /
Not Found: /
Not Found: /
Not Found: /login
Not Found: /login
Not Found: /
Not Found: /
Not Found: /
Not Found: /
Not Found: /
Not Found: /
Not Found: /
Not Found: /
Not Found: /
Not Found: /
Not Found: /favicon.ico
Not Found: /favicon.ico
Not Found: /robots.txt
Not Found: /robots.txt
Not Found: /
Not Found: /
Not Found: /
Not Found: /
Not Found: /favicon.ico
Not Found: /favicon.ico
Not Found: /login
Not Found: /login
Not Found: /
Not Found: /
Not Found: /
Not Found: /
Not Found: /
Not Found: /
Not Found: /
Not Found: /
Not Found: /
Not Found: /
Not Found: /goform/set_LimitClient_cfg
Not Found: /goform/set_LimitClient_cfg
Not Found: /goform/set_LimitClient_cfg
Not Found: /goform/set_LimitClient_cfg
Not Found: /
Not Found: /
Not Found: /
Not Found: /
Not Found: /
Not Found: /
Not Found: /
Not Found: /
Not Found: /
Not Found: /
Invalid HTTP_HOST header: '_'. The domain name provided is not valid according to RFC 1034/1035.
Traceback (most recent call last):
  File "/data/jtd_backend/jtd_shop/.venv/lib/python3.10/site-packages/django/core/handlers/exception.py", line 55, in inner
    response = get_response(request)
  File "/data/jtd_backend/jtd_shop/.venv/lib/python3.10/site-packages/django/utils/deprecation.py", line 119, in __call__
    response = self.process_request(request)
  File "/data/jtd_backend/jtd_shop/.venv/lib/python3.10/site-packages/django/middleware/common.py", line 48, in process_request
    host = request.get_host()
  File "/data/jtd_backend/jtd_shop/.venv/lib/python3.10/site-packages/django/http/request.py", line 202, in get_host
    raise DisallowedHost(msg)
django.core.exceptions.DisallowedHost: Invalid HTTP_HOST header: '_'. The domain name provided is not valid according to RFC 1034/1035.
Invalid HTTP_HOST header: '_'. The domain name provided is not valid according to RFC 1034/1035.
Traceback (most recent call last):
  File "/data/jtd_backend/jtd_shop/.venv/lib/python3.10/site-packages/django/core/handlers/exception.py", line 55, in inner
    response = get_response(request)
  File "/data/jtd_backend/jtd_shop/.venv/lib/python3.10/site-packages/django/utils/deprecation.py", line 119, in __call__
    response = self.process_request(request)
  File "/data/jtd_backend/jtd_shop/.venv/lib/python3.10/site-packages/django/middleware/common.py", line 48, in process_request
    host = request.get_host()
  File "/data/jtd_backend/jtd_shop/.venv/lib/python3.10/site-packages/django/http/request.py", line 202, in get_host
    raise DisallowedHost(msg)
django.core.exceptions.DisallowedHost: Invalid HTTP_HOST header: '_'. The domain name provided is not valid according to RFC 1034/1035.
Not Found: /
Not Found: /
Not Found: /
Not Found: /
Not Found: /
Not Found: /
Not Found: /
Not Found: /
Not Found: /
Not Found: /
Not Found: /
Not Found: /
Not Found: /
Not Found: /
Not Found: /
Not Found: /
Not Found: /
Not Found: /
Not Found: /
Not Found: /
Not Found: /
Not Found: /
Not Found: /favicon.ico
Not Found: /favicon.ico
Not Found: /
Not Found: /
Not Found: /
Not Found: /
Not Found: /
Not Found: /
Not Found: /login
Not Found: /login
Invalid HTTP_HOST header: '_'. The domain name provided is not valid according to RFC 1034/1035.
Traceback (most recent call last):
  File "/data/jtd_backend/jtd_shop/.venv/lib/python3.10/site-packages/django/core/handlers/exception.py", line 55, in inner
    response = get_response(request)
  File "/data/jtd_backend/jtd_shop/.venv/lib/python3.10/site-packages/django/utils/deprecation.py", line 119, in __call__
    response = self.process_request(request)
  File "/data/jtd_backend/jtd_shop/.venv/lib/python3.10/site-packages/django/middleware/common.py", line 48, in process_request
    host = request.get_host()
  File "/data/jtd_backend/jtd_shop/.venv/lib/python3.10/site-packages/django/http/request.py", line 202, in get_host
    raise DisallowedHost(msg)
django.core.exceptions.DisallowedHost: Invalid HTTP_HOST header: '_'. The domain name provided is not valid according to RFC 1034/1035.
Invalid HTTP_HOST header: '_'. The domain name provided is not valid according to RFC 1034/1035.
Traceback (most recent call last):
  File "/data/jtd_backend/jtd_shop/.venv/lib/python3.10/site-packages/django/core/handlers/exception.py", line 55, in inner
    response = get_response(request)
  File "/data/jtd_backend/jtd_shop/.venv/lib/python3.10/site-packages/django/utils/deprecation.py", line 119, in __call__
    response = self.process_request(request)
  File "/data/jtd_backend/jtd_shop/.venv/lib/python3.10/site-packages/django/middleware/common.py", line 48, in process_request
    host = request.get_host()
  File "/data/jtd_backend/jtd_shop/.venv/lib/python3.10/site-packages/django/http/request.py", line 202, in get_host
    raise DisallowedHost(msg)
django.core.exceptions.DisallowedHost: Invalid HTTP_HOST header: '_'. The domain name provided is not valid according to RFC 1034/1035.
Not Found: /
Not Found: /
Not Found: /
Not Found: /
Not Found: /json/
Not Found: /json/
Not Found: /
Not Found: /
Not Found: /
Not Found: /
Not Found: /
Not Found: /
Not Found: /
Not Found: /
Not Found: /goform/set_LimitClient_cfg
Not Found: /goform/set_LimitClient_cfg
Not Found: /
Not Found: /
Not Found: /
Not Found: /
Not Found: /
Not Found: /
Not Found: /
Not Found: /
Not Found: /
Not Found: /
Not Found: /
Not Found: /
Not Found: /
Not Found: /
Not Found: /
Not Found: /
Not Found: /
Not Found: /
Not Found: /aaa9
Not Found: /aaa9
Not Found: /aab8
Not Found: /aab8
Not Found: /
Not Found: /
Not Found: /
Not Found: /
Not Found: /
Not Found: /
Not Found: /
Not Found: /
Not Found: /
Not Found: /
Not Found: /
Not Found: /
Not Found: /
Not Found: /
Not Found: /
Not Found: /
Not Found: /
Not Found: /
Not Found: /
Not Found: /
Not Found: /status
Not Found: /status
Not Found: /
Not Found: /
Not Found: /
Not Found: /
Not Found: /
Not Found: /
Not Found: /
Not Found: /
Not Found: /
Not Found: /
Not Found: /
Not Found: /
Not Found: /
Not Found: /
Not Found: /
Not Found: /
Not Found: /
Not Found: /
Not Found: /
Not Found: /
Not Found: /
Not Found: /
Not Found: /
Not Found: /
Not Found: /
Not Found: /
Not Found: /
Not Found: /
Not Found: /
Not Found: /
Not Found: /
Not Found: /
Not Found: /
Not Found: /
Not Found: /
Not Found: /
Not Found: /
Not Found: /
Not Found: /
Not Found: /
Not Found: /favicon.ico
Not Found: /favicon.ico
Not Found: /robots.txt
Not Found: /robots.txt
Not Found: /
Not Found: /
Not Found: /
Not Found: /
Not Found: /
Not Found: /
Not Found: /
Not Found: /
Not Found: /favicon.ico
Not Found: /favicon.ico
Not Found: /
Not Found: /
Not Found: /favicon.ico
Not Found: /favicon.ico
Not Found: /favicon.ico
Not Found: /favicon.ico
Not Found: /favicon.ico
Not Found: /favicon.ico
Not Found: /favicon.ico
Not Found: /favicon.ico
Not Found: /favicon.ico
Not Found: /favicon.ico
Not Found: /
Not Found: /
Not Found: /
Not Found: /
Not Found: /
Not Found: /
Not Found: /
Not Found: /
Not Found: /
Not Found: /
Not Found: /
Not Found: /
Not Found: /favicon.ico
Not Found: /favicon.ico
Not Found: /
Not Found: /
Not Found: /geoserver/web/
Not Found: /geoserver/web/
Not Found: /
Not Found: /
Not Found: /
Not Found: /
Not Found: /
Not Found: /
Not Found: /
Not Found: /
Not Found: /
Not Found: /
Not Found: /
Not Found: /
Not Found: /favicon.ico
Not Found: /favicon.ico
Not Found: /
Not Found: /
Not Found: /
Not Found: /
Not Found: /
Not Found: /
Not Found: /
Not Found: /
Not Found: /
Not Found: /
Not Found: /favicon.ico
Not Found: /favicon.ico
Not Found: /favicon.ico
Not Found: /favicon.ico
Not Found: /favicon.ico
Not Found: /favicon.ico
Not Found: /
Not Found: /
Not Found: /
Not Found: /
Invalid HTTP_HOST header: '_'. The domain name provided is not valid according to RFC 1034/1035.
Traceback (most recent call last):
  File "/data/jtd_backend/jtd_shop/.venv/lib/python3.10/site-packages/django/core/handlers/exception.py", line 55, in inner
    response = get_response(request)
  File "/data/jtd_backend/jtd_shop/.venv/lib/python3.10/site-packages/django/utils/deprecation.py", line 119, in __call__
    response = self.process_request(request)
  File "/data/jtd_backend/jtd_shop/.venv/lib/python3.10/site-packages/django/middleware/common.py", line 48, in process_request
    host = request.get_host()
  File "/data/jtd_backend/jtd_shop/.venv/lib/python3.10/site-packages/django/http/request.py", line 202, in get_host
    raise DisallowedHost(msg)
django.core.exceptions.DisallowedHost: Invalid HTTP_HOST header: '_'. The domain name provided is not valid according to RFC 1034/1035.
Invalid HTTP_HOST header: '_'. The domain name provided is not valid according to RFC 1034/1035.
Traceback (most recent call last):
  File "/data/jtd_backend/jtd_shop/.venv/lib/python3.10/site-packages/django/core/handlers/exception.py", line 55, in inner
    response = get_response(request)
  File "/data/jtd_backend/jtd_shop/.venv/lib/python3.10/site-packages/django/utils/deprecation.py", line 119, in __call__
    response = self.process_request(request)
  File "/data/jtd_backend/jtd_shop/.venv/lib/python3.10/site-packages/django/middleware/common.py", line 48, in process_request
    host = request.get_host()
  File "/data/jtd_backend/jtd_shop/.venv/lib/python3.10/site-packages/django/http/request.py", line 202, in get_host
    raise DisallowedHost(msg)
django.core.exceptions.DisallowedHost: Invalid HTTP_HOST header: '_'. The domain name provided is not valid according to RFC 1034/1035.
Not Found: /
Not Found: /
Not Found: /manage/account/login
Not Found: /manage/account/login
Not Found: /index.html
Not Found: /index.html
Not Found: /+CSCOE+/logon.html
Not Found: /+CSCOE+/logon.html
Not Found: /cgi-bin/login.cgi
Not Found: /cgi-bin/login.cgi
Not Found: /login.htm
Not Found: /login.htm
Not Found: /login.html
Not Found: /login.html
Not Found: /login.jsp
Not Found: /login.jsp
Not Found: /login
Not Found: /login
Not Found: /doc/index.html
Not Found: /doc/index.html
Not Found: /remote/login
Not Found: /remote/login
Not Found: //admin/login.asp
Not Found: //admin/login.asp
Not Found: /web/
Not Found: /web/
Not Found: //webpages/login.html
Not Found: //webpages/login.html
Not Found: /favicon.ico
Not Found: /favicon.ico
Not Found: /
Not Found: /
Not Found: /
Not Found: /
Not Found: /
Not Found: /
Not Found: /
Not Found: /
Not Found: /
Not Found: /
Not Found: /
Not Found: /
Not Found: /
Not Found: /
Not Found: /
Not Found: /
Not Found: /
Not Found: /
Not Found: /
Not Found: /
Not Found: /
Not Found: /
Not Found: /
Not Found: /
Not Found: /
Not Found: /
Not Found: /
Not Found: /
Not Found: /
Not Found: /
Not Found: /
Not Found: /
Not Found: /
Not Found: /
Not Found: /
Not Found: /
Not Found: /
Not Found: /
Not Found: /
Not Found: /
Not Found: /
Not Found: /
Not Found: /
Not Found: /
Not Found: /
Not Found: /
Not Found: /
Not Found: /
Not Found: /
Not Found: /
Not Found: /
Not Found: /
Not Found: /english/
Not Found: /english/
Not Found: /
Not Found: /
Not Found: /
Not Found: /
Not Found: /
Not Found: /
Not Found: /
Not Found: /
Not Found: /
Not Found: /
Not Found: /
Not Found: /
Not Found: /
Not Found: /
Not Found: /
Not Found: /
Not Found: /
Not Found: /
Not Found: /
Not Found: /
Not Found: /
Not Found: /
Not Found: /login.asp
Not Found: /login.asp
Not Found: /
Not Found: /
Not Found: /
Not Found: /
Not Found: /login
Not Found: /login
Not Found: /
Not Found: /
Not Found: /
Not Found: /
Not Found: /
Not Found: /
Not Found: /
Not Found: /
Not Found: /
Not Found: /
Not Found: /
Not Found: /
Not Found: /
Not Found: /
Not Found: /
Not Found: /
Not Found: /
Not Found: /
Not Found: /goform/set_LimitClient_cfg
Not Found: /goform/set_LimitClient_cfg
Not Found: /
Not Found: /
Not Found: /
Not Found: /
Not Found: /
Not Found: /
Not Found: /config.json
Not Found: /config.json
Not Found: /telescope/requests
Not Found: /telescope/requests
Not Found: /info.php
Not Found: /info.php
Not Found: /server-status
Not Found: /server-status
Not Found: /
Not Found: /
Not Found: /goform/set_LimitClient_cfg
Not Found: /goform/set_LimitClient_cfg
Not Found: /
Not Found: /
Not Found: /
Not Found: /
Not Found: /
Not Found: /
Not Found: /
Not Found: /
Not Found: /
Not Found: /
Not Found: /
Not Found: /
Not Found: /
Not Found: /
Not Found: /
Not Found: /
Not Found: /
Not Found: /
Not Found: /
Not Found: /
Not Found: /
Not Found: /
Not Found: /
Not Found: /
Not Found: /login
Not Found: /login
Not Found: /goform/set_LimitClient_cfg
Not Found: /goform/set_LimitClient_cfg
Not Found: /
Not Found: /
Not Found: /
Not Found: /
Not Found: /
Not Found: /
Not Found: /
Not Found: /
Not Found: /favicon.ico
Not Found: /favicon.ico
Not Found: /robots.txt
Not Found: /robots.txt
Not Found: /
Not Found: /
Not Found: /
Not Found: /
Not Found: /
Not Found: /
Not Found: /
Not Found: /
Not Found: /
Not Found: /
Not Found: /login.asp
Not Found: /login.asp
Not Found: /
Not Found: /
Not Found: /
Not Found: /
Not Found: /
Not Found: /
Not Found: /
Not Found: /
Not Found: /
Not Found: /
Not Found: /
Not Found: /
Not Found: /
Not Found: /
Not Found: /goform/set_LimitClient_cfg
Not Found: /goform/set_LimitClient_cfg
Not Found: /
Not Found: /
Not Found: /
Not Found: /
Not Found: /
Not Found: /
Not Found: /favicon.ico
Not Found: /favicon.ico
Not Found: /robots.txt
Not Found: /robots.txt
Not Found: /
Not Found: /
Not Found: /
Not Found: /
Invalid HTTP_HOST header: '_'. The domain name provided is not valid according to RFC 1034/1035.
Traceback (most recent call last):
  File "/data/jtd_backend/jtd_shop/.venv/lib/python3.10/site-packages/django/core/handlers/exception.py", line 55, in inner
    response = get_response(request)
  File "/data/jtd_backend/jtd_shop/.venv/lib/python3.10/site-packages/django/utils/deprecation.py", line 119, in __call__
    response = self.process_request(request)
  File "/data/jtd_backend/jtd_shop/.venv/lib/python3.10/site-packages/django/middleware/common.py", line 48, in process_request
    host = request.get_host()
  File "/data/jtd_backend/jtd_shop/.venv/lib/python3.10/site-packages/django/http/request.py", line 202, in get_host
    raise DisallowedHost(msg)
django.core.exceptions.DisallowedHost: Invalid HTTP_HOST header: '_'. The domain name provided is not valid according to RFC 1034/1035.
Invalid HTTP_HOST header: '_'. The domain name provided is not valid according to RFC 1034/1035.
Traceback (most recent call last):
  File "/data/jtd_backend/jtd_shop/.venv/lib/python3.10/site-packages/django/core/handlers/exception.py", line 55, in inner
    response = get_response(request)
  File "/data/jtd_backend/jtd_shop/.venv/lib/python3.10/site-packages/django/utils/deprecation.py", line 119, in __call__
    response = self.process_request(request)
  File "/data/jtd_backend/jtd_shop/.venv/lib/python3.10/site-packages/django/middleware/common.py", line 48, in process_request
    host = request.get_host()
  File "/data/jtd_backend/jtd_shop/.venv/lib/python3.10/site-packages/django/http/request.py", line 202, in get_host
    raise DisallowedHost(msg)
django.core.exceptions.DisallowedHost: Invalid HTTP_HOST header: '_'. The domain name provided is not valid according to RFC 1034/1035.
Not Found: /
Not Found: /
Not Found: /
Not Found: /
Not Found: /
Not Found: /
Not Found: /goform/set_LimitClient_cfg
Not Found: /goform/set_LimitClient_cfg
Not Found: /
Not Found: /
Not Found: /
Not Found: /
Not Found: /
Not Found: /
Not Found: /
Not Found: /
Not Found: /
Not Found: /
Not Found: /
Not Found: /
Not Found: /
Not Found: /
Not Found: /
Not Found: /
Not Found: /
Not Found: /
Not Found: /
Not Found: /
Not Found: /
Not Found: /
Not Found: /
Not Found: /
Not Found: /
Not Found: /
Not Found: /
Not Found: /
Not Found: /
Not Found: /
Not Found: /favicon.ico
Not Found: /favicon.ico
Not Found: /
Not Found: /
Not Found: /
Not Found: /
Not Found: /
Not Found: /
Not Found: /
Not Found: /
Not Found: /
Not Found: /
Not Found: /goform/set_LimitClient_cfg
Not Found: /goform/set_LimitClient_cfg
Not Found: /
Not Found: /
Not Found: /
Not Found: /
Not Found: /
Not Found: /
Not Found: /
Not Found: /
Not Found: /goform/set_LimitClient_cfg
Not Found: /goform/set_LimitClient_cfg
Not Found: /goform/set_LimitClient_cfg
Not Found: /goform/set_LimitClient_cfg
Not Found: /
Not Found: /
Not Found: /
Not Found: /
Not Found: /
Not Found: /
Not Found: /
Not Found: /
Not Found: /
Not Found: /
Not Found: /
Not Found: /
Not Found: /
Not Found: /
Not Found: /
Not Found: /
Not Found: /
Not Found: /
Not Found: /
Not Found: /
Not Found: /
Not Found: /
Not Found: /
Not Found: /
Not Found: /
Not Found: /
Not Found: /
Not Found: /
Not Found: /
Not Found: /
Not Found: /
Not Found: /
Not Found: /hudson
Not Found: /hudson
Not Found: /
Not Found: /
Not Found: /
Not Found: /
Not Found: /
Not Found: /
Not Found: /
Not Found: /
Not Found: /
Not Found: /
Not Found: /
Not Found: /
Not Found: /english/
Not Found: /english/
Not Found: /
Not Found: /
Not Found: /
Not Found: /
Not Found: /
Not Found: /
Not Found: /
Not Found: /
Not Found: /
Not Found: /
Not Found: /
Not Found: /
Not Found: /
Not Found: /
Not Found: /
Not Found: /
Not Found: /
Not Found: /
Not Found: /
Not Found: /
Not Found: /
Not Found: /
Not Found: /
Not Found: /
Not Found: /
Not Found: /
Not Found: /
Not Found: /
Not Found: /
Not Found: /
Not Found: /
Not Found: /
Not Found: /
Not Found: /
Not Found: /
Not Found: /
Not Found: /
Not Found: /
Not Found: /
Not Found: /
Not Found: /
Not Found: /
Not Found: /
Not Found: /
Not Found: /
Not Found: /
Not Found: /
Not Found: /
Not Found: /
Not Found: /
Not Found: /
Not Found: /
Not Found: /favicon.ico
Not Found: /favicon.ico
Not Found: /robots.txt
Not Found: /robots.txt
Not Found: /
Not Found: /
Not Found: /
Not Found: /
Not Found: /
Not Found: /
Not Found: /favicon.ico
Not Found: /favicon.ico
Not Found: /robots.txt
Not Found: /robots.txt
Not Found: /
Not Found: /
Not Found: /
Not Found: /
Not Found: /
Not Found: /
Not Found: /
Not Found: /
Not Found: /
Not Found: /
Not Found: /
Not Found: /
Not Found: /
Not Found: /
Not Found: /
Not Found: /
Not Found: /
Not Found: /
Not Found: /
Not Found: /
Not Found: /
Not Found: /
Not Found: /
Not Found: /
Not Found: /
Not Found: /
Not Found: /
Not Found: /
Not Found: /
Not Found: /
Invalid HTTP_HOST header: '_'. The domain name provided is not valid according to RFC 1034/1035.
Traceback (most recent call last):
  File "/data/jtd_backend/jtd_shop/.venv/lib/python3.10/site-packages/django/core/handlers/exception.py", line 55, in inner
    response = get_response(request)
  File "/data/jtd_backend/jtd_shop/.venv/lib/python3.10/site-packages/django/utils/deprecation.py", line 119, in __call__
    response = self.process_request(request)
  File "/data/jtd_backend/jtd_shop/.venv/lib/python3.10/site-packages/django/middleware/common.py", line 48, in process_request
    host = request.get_host()
  File "/data/jtd_backend/jtd_shop/.venv/lib/python3.10/site-packages/django/http/request.py", line 202, in get_host
    raise DisallowedHost(msg)
django.core.exceptions.DisallowedHost: Invalid HTTP_HOST header: '_'. The domain name provided is not valid according to RFC 1034/1035.
Invalid HTTP_HOST header: '_'. The domain name provided is not valid according to RFC 1034/1035.
Traceback (most recent call last):
  File "/data/jtd_backend/jtd_shop/.venv/lib/python3.10/site-packages/django/core/handlers/exception.py", line 55, in inner
    response = get_response(request)
  File "/data/jtd_backend/jtd_shop/.venv/lib/python3.10/site-packages/django/utils/deprecation.py", line 119, in __call__
    response = self.process_request(request)
  File "/data/jtd_backend/jtd_shop/.venv/lib/python3.10/site-packages/django/middleware/common.py", line 48, in process_request
    host = request.get_host()
  File "/data/jtd_backend/jtd_shop/.venv/lib/python3.10/site-packages/django/http/request.py", line 202, in get_host
    raise DisallowedHost(msg)
django.core.exceptions.DisallowedHost: Invalid HTTP_HOST header: '_'. The domain name provided is not valid according to RFC 1034/1035.
Not Found: /
Not Found: /
Not Found: /
Not Found: /
Not Found: /
Not Found: /
Not Found: /
Not Found: /
Not Found: /
Not Found: /
Not Found: /json/
Not Found: /json/
Not Found: /
Not Found: /
Not Found: /
Not Found: /
Not Found: /
Not Found: /
Not Found: /
Not Found: /
Not Found: /
Not Found: /
Not Found: /
Not Found: /
Not Found: /
Not Found: /
Not Found: /v1/vector/collections/describe
Not Found: /v1/vector/collections/describe
Not Found: /v1
Not Found: /v1
Not Found: /
Not Found: /
Not Found: /
Not Found: /
Not Found: /favicon.ico
Not Found: /favicon.ico
Not Found: /
Not Found: /
Not Found: /
Not Found: /
Not Found: /
Not Found: /
Not Found: /
Not Found: /
Not Found: /
Not Found: /
Not Found: /
Not Found: /
Not Found: /
Not Found: /
Not Found: /
Not Found: /
Not Found: /
Not Found: /
Not Found: /
Not Found: /
Not Found: /
Not Found: /
Not Found: /
Not Found: /
Invalid HTTP_HOST header: '_'. The domain name provided is not valid according to RFC 1034/1035.
Traceback (most recent call last):
  File "/data/jtd_backend/jtd_shop/.venv/lib/python3.10/site-packages/django/core/handlers/exception.py", line 55, in inner
    response = get_response(request)
  File "/data/jtd_backend/jtd_shop/.venv/lib/python3.10/site-packages/django/utils/deprecation.py", line 119, in __call__
    response = self.process_request(request)
  File "/data/jtd_backend/jtd_shop/.venv/lib/python3.10/site-packages/django/middleware/common.py", line 48, in process_request
    host = request.get_host()
  File "/data/jtd_backend/jtd_shop/.venv/lib/python3.10/site-packages/django/http/request.py", line 202, in get_host
    raise DisallowedHost(msg)
django.core.exceptions.DisallowedHost: Invalid HTTP_HOST header: '_'. The domain name provided is not valid according to RFC 1034/1035.
Invalid HTTP_HOST header: '_'. The domain name provided is not valid according to RFC 1034/1035.
Traceback (most recent call last):
  File "/data/jtd_backend/jtd_shop/.venv/lib/python3.10/site-packages/django/core/handlers/exception.py", line 55, in inner
    response = get_response(request)
  File "/data/jtd_backend/jtd_shop/.venv/lib/python3.10/site-packages/django/utils/deprecation.py", line 119, in __call__
    response = self.process_request(request)
  File "/data/jtd_backend/jtd_shop/.venv/lib/python3.10/site-packages/django/middleware/common.py", line 48, in process_request
    host = request.get_host()
  File "/data/jtd_backend/jtd_shop/.venv/lib/python3.10/site-packages/django/http/request.py", line 202, in get_host
    raise DisallowedHost(msg)
django.core.exceptions.DisallowedHost: Invalid HTTP_HOST header: '_'. The domain name provided is not valid according to RFC 1034/1035.
Not Found: /
Not Found: /
Not Found: /favicon.ico
Not Found: /favicon.ico
Not Found: /
Not Found: /
Not Found: /actuator
Not Found: /actuator
Not Found: /api/error/
Not Found: /api/error/
Not Found: /druid/index.html
Not Found: /druid/index.html
Not Found: /geoserver/web/
Not Found: /geoserver/web/
Not Found: /arcgis/
Not Found: /arcgis/
Not Found: /ReportServer
Not Found: /ReportServer
Not Found: /WebReport/ReportServer
Not Found: /WebReport/ReportServer
Not Found: /ueditor/ueditor.all.js
Not Found: /ueditor/ueditor.all.js
Not Found: /js/ueditor/ueditor.all.js
Not Found: /js/ueditor/ueditor.all.js
Not Found: /wui/index.html
Not Found: /wui/index.html
Not Found: /webroot/decision/login
Not Found: /jenkins/login
Not Found: /webroot/decision/login
Not Found: /jenkins/login
Not Found: /error
Not Found: /error
Not Found: /nacos/
Not Found: /nacos/
Not Found: /xxl-job-admin/toLogin
Not Found: /xxl-job-admin/toLogin
Not Found: /xxl/toLogin
Not Found: /xxl/toLogin
Not Found: /xxl-job/toLogin
Not Found: /xxl-job/toLogin
Not Found: /zentao/
Not Found: /zentao/
Not Found: /k3cloud
Not Found: /k3cloud
Not Found: /api/nacos/
Not Found: /api/nacos/
Not Found: /
Not Found: /
Not Found: /
Not Found: /
Not Found: /
Not Found: /
Not Found: /favicon.ico
Not Found: /favicon.ico
Not Found: /
Not Found: /
Not Found: /geoserver/web/
Not Found: /geoserver/web/
Not Found: /
Not Found: /
Not Found: /
Not Found: /
Not Found: /
Not Found: /
Not Found: /
Not Found: /
Not Found: /
Not Found: /
Not Found: /
Not Found: /
Not Found: /
Not Found: /
Not Found: /
Not Found: /
Not Found: /
Not Found: /
Not Found: /
Not Found: /
Not Found: /
Not Found: /
Not Found: /smart/welcome/
Not Found: /smart/welcome/
Not Found: /
Not Found: /
Not Found: /
Not Found: /
Not Found: /goform/set_LimitClient_cfg
Not Found: /goform/set_LimitClient_cfg
Not Found: /
Not Found: /
Not Found: /
Not Found: /
Not Found: /
Not Found: /
Not Found: /
Not Found: /
Not Found: /v1/vector/collections/describe
Not Found: /v1/vector/collections/describe
Not Found: /v1
Not Found: /v1
Not Found: /
Not Found: /
Not Found: /
Not Found: /
Not Found: /
Not Found: /
Not Found: /
Not Found: /
Not Found: /
Not Found: /
Not Found: /
Not Found: /
Not Found: /
Not Found: /
Not Found: /
Not Found: /
Not Found: /favicon.ico
Not Found: /favicon.ico
Not Found: /robots.txt
Not Found: /robots.txt
Not Found: /
Not Found: /
Not Found: /
Not Found: /
Not Found: /
Not Found: /
Not Found: /goform/set_LimitClient_cfg
Not Found: /goform/set_LimitClient_cfg
Not Found: /
Not Found: /
Not Found: /
Not Found: /
Not Found: /
Not Found: /
Not Found: /
Not Found: /
Not Found: /english/
Not Found: /english/
Not Found: /
Not Found: /
Not Found: /
Not Found: /
Not Found: /goform/set_LimitClient_cfg
Not Found: /goform/set_LimitClient_cfg
Not Found: /
Not Found: /
Not Found: /
Not Found: /
Not Found: /favicon.ico
Not Found: /favicon.ico
Not Found: /
Not Found: /
Not Found: /
Not Found: /
Not Found: /
Not Found: /
Not Found: /
Not Found: /
Not Found: /
Not Found: /
Not Found: /
Not Found: /
Not Found: /
Not Found: /
Invalid HTTP_HOST header: '_'. The domain name provided is not valid according to RFC 1034/1035.
Traceback (most recent call last):
  File "/data/jtd_backend/jtd_shop/.venv/lib/python3.10/site-packages/django/core/handlers/exception.py", line 55, in inner
    response = get_response(request)
  File "/data/jtd_backend/jtd_shop/.venv/lib/python3.10/site-packages/django/utils/deprecation.py", line 119, in __call__
    response = self.process_request(request)
  File "/data/jtd_backend/jtd_shop/.venv/lib/python3.10/site-packages/django/middleware/common.py", line 48, in process_request
    host = request.get_host()
  File "/data/jtd_backend/jtd_shop/.venv/lib/python3.10/site-packages/django/http/request.py", line 202, in get_host
    raise DisallowedHost(msg)
django.core.exceptions.DisallowedHost: Invalid HTTP_HOST header: '_'. The domain name provided is not valid according to RFC 1034/1035.
Invalid HTTP_HOST header: '_'. The domain name provided is not valid according to RFC 1034/1035.
Traceback (most recent call last):
  File "/data/jtd_backend/jtd_shop/.venv/lib/python3.10/site-packages/django/core/handlers/exception.py", line 55, in inner
    response = get_response(request)
  File "/data/jtd_backend/jtd_shop/.venv/lib/python3.10/site-packages/django/utils/deprecation.py", line 119, in __call__
    response = self.process_request(request)
  File "/data/jtd_backend/jtd_shop/.venv/lib/python3.10/site-packages/django/middleware/common.py", line 48, in process_request
    host = request.get_host()
  File "/data/jtd_backend/jtd_shop/.venv/lib/python3.10/site-packages/django/http/request.py", line 202, in get_host
    raise DisallowedHost(msg)
django.core.exceptions.DisallowedHost: Invalid HTTP_HOST header: '_'. The domain name provided is not valid according to RFC 1034/1035.
Not Found: /
Not Found: /
Not Found: /
Not Found: /
Not Found: /
Not Found: /
Not Found: /
Not Found: /
Not Found: /
Not Found: /
Not Found: /
Not Found: /
Not Found: /
Not Found: /
Not Found: /
Not Found: /
Invalid HTTP_HOST header: '_'. The domain name provided is not valid according to RFC 1034/1035.
Traceback (most recent call last):
  File "/data/jtd_backend/jtd_shop/.venv/lib/python3.10/site-packages/django/core/handlers/exception.py", line 55, in inner
    response = get_response(request)
  File "/data/jtd_backend/jtd_shop/.venv/lib/python3.10/site-packages/django/utils/deprecation.py", line 119, in __call__
    response = self.process_request(request)
  File "/data/jtd_backend/jtd_shop/.venv/lib/python3.10/site-packages/django/middleware/common.py", line 48, in process_request
    host = request.get_host()
  File "/data/jtd_backend/jtd_shop/.venv/lib/python3.10/site-packages/django/http/request.py", line 202, in get_host
    raise DisallowedHost(msg)
django.core.exceptions.DisallowedHost: Invalid HTTP_HOST header: '_'. The domain name provided is not valid according to RFC 1034/1035.
Invalid HTTP_HOST header: '_'. The domain name provided is not valid according to RFC 1034/1035.
Traceback (most recent call last):
  File "/data/jtd_backend/jtd_shop/.venv/lib/python3.10/site-packages/django/core/handlers/exception.py", line 55, in inner
    response = get_response(request)
  File "/data/jtd_backend/jtd_shop/.venv/lib/python3.10/site-packages/django/utils/deprecation.py", line 119, in __call__
    response = self.process_request(request)
  File "/data/jtd_backend/jtd_shop/.venv/lib/python3.10/site-packages/django/middleware/common.py", line 48, in process_request
    host = request.get_host()
  File "/data/jtd_backend/jtd_shop/.venv/lib/python3.10/site-packages/django/http/request.py", line 202, in get_host
    raise DisallowedHost(msg)
django.core.exceptions.DisallowedHost: Invalid HTTP_HOST header: '_'. The domain name provided is not valid according to RFC 1034/1035.
Not Found: /
Not Found: /
Not Found: /
Not Found: /
Not Found: /
Not Found: /
Not Found: /
Not Found: /
Not Found: /
Not Found: /
Not Found: /goform/set_LimitClient_cfg
Not Found: /goform/set_LimitClient_cfg
Not Found: /
Not Found: /
Not Found: /goform/set_LimitClient_cfg
Not Found: /goform/set_LimitClient_cfg
Not Found: /
Not Found: /
Not Found: /
Not Found: /
Not Found: /
Not Found: /
Not Found: /
Not Found: /
Not Found: /
Not Found: /
Not Found: /
Not Found: /
Not Found: /login
Not Found: /login
Not Found: /goform/set_LimitClient_cfg
Not Found: /goform/set_LimitClient_cfg
Not Found: /
Not Found: /
Not Found: /
Not Found: /
Not Found: /
Not Found: /
Not Found: /
Not Found: /
Not Found: /
Not Found: /
Not Found: /
Not Found: /
Not Found: /goform/set_LimitClient_cfg
Not Found: /goform/set_LimitClient_cfg
Not Found: /
Not Found: /
Not Found: /
Not Found: /
Not Found: /
Not Found: /
Not Found: /
Not Found: /
Not Found: /
Not Found: /
Not Found: /
Not Found: /
Not Found: /
Not Found: /
Not Found: /favicon.ico
Not Found: /favicon.ico
Not Found: /
Not Found: /
Not Found: /
Not Found: /
Not Found: /
Not Found: /
Not Found: /
Not Found: /
Not Found: /
Not Found: /
Not Found: /favicon.ico
Not Found: /favicon.ico
Not Found: /
Not Found: /
Not Found: /goform/set_LimitClient_cfg
Not Found: /goform/set_LimitClient_cfg
Not Found: /
Not Found: /
Not Found: /
Not Found: /
Not Found: /ip.php
Not Found: /ip.php
Not Found: /
Not Found: /
Not Found: /
Not Found: /
Not Found: /Pr9a
Not Found: /Pr9a
Not Found: /hT2o
Not Found: /hT2o
Not Found: /aab8
Not Found: /aab8
Not Found: /jquery-3.3.1.slim.min.js
Not Found: /jquery-3.3.1.slim.min.js
Not Found: /aab9
Not Found: /aab9
Not Found: /jquery-3.3.2.slim.min.js
Not Found: /jquery-3.3.2.slim.min.js
Not Found: /
Not Found: /
Not Found: /
Not Found: /
Not Found: /
Not Found: /
Not Found: /
Not Found: /
Not Found: /
Not Found: /
Not Found: /
Not Found: /
Not Found: /
Not Found: /
Not Found: /
Not Found: /
Not Found: /
Not Found: /
Not Found: /
Not Found: /
Not Found: /
Not Found: /
Not Found: /
Not Found: /
Not Found: /
Not Found: /
Not Found: /
Not Found: /
Not Found: /
Not Found: /
Not Found: /
Not Found: /
Not Found: /
Not Found: /
Not Found: /
Not Found: /
Not Found: /
Not Found: /
Not Found: /
Not Found: /
Not Found: /
Not Found: /
Not Found: /
Not Found: /
Not Found: /
Not Found: /
Not Found: /
Not Found: /
Not Found: /favicon.ico
Not Found: /favicon.ico
Not Found: /robots.txt
Not Found: /robots.txt
Not Found: /
Not Found: /
Not Found: /
Not Found: /
Not Found: /
Not Found: /
Not Found: /
Not Found: /
Not Found: /
Not Found: /
Not Found: /
Not Found: /
Not Found: /favicon.ico
Not Found: /favicon.ico
Not Found: /sitemap.xml
Not Found: /sitemap.xml
Not Found: /
Not Found: /
Not Found: /
Not Found: /
Not Found: /
Not Found: /
Not Found: /
Not Found: /
Not Found: /
Not Found: /
Not Found: /
Not Found: /
Not Found: /
Not Found: /
Not Found: /
Not Found: /
Not Found: /
Not Found: /
Not Found: /
Not Found: /
Not Found: /
Not Found: /
Not Found: /
Not Found: /
Not Found: /
Not Found: /
Not Found: /favicon.ico
Not Found: /favicon.ico
Not Found: /
Not Found: /
Not Found: /
Not Found: /
Not Found: /geoserver/web/
Not Found: /geoserver/web/
Not Found: /
Not Found: /
Not Found: /
Not Found: /
Not Found: /english/
Not Found: /english/
Not Found: /
Not Found: /
Not Found: /
Not Found: /
Not Found: /
Not Found: /
Not Found: /
Not Found: /
Invalid HTTP_HOST header: '_'. The domain name provided is not valid according to RFC 1034/1035.
Traceback (most recent call last):
  File "/data/jtd_backend/jtd_shop/.venv/lib/python3.10/site-packages/django/core/handlers/exception.py", line 55, in inner
    response = get_response(request)
  File "/data/jtd_backend/jtd_shop/.venv/lib/python3.10/site-packages/django/utils/deprecation.py", line 119, in __call__
    response = self.process_request(request)
  File "/data/jtd_backend/jtd_shop/.venv/lib/python3.10/site-packages/django/middleware/common.py", line 48, in process_request
    host = request.get_host()
  File "/data/jtd_backend/jtd_shop/.venv/lib/python3.10/site-packages/django/http/request.py", line 202, in get_host
    raise DisallowedHost(msg)
django.core.exceptions.DisallowedHost: Invalid HTTP_HOST header: '_'. The domain name provided is not valid according to RFC 1034/1035.
Invalid HTTP_HOST header: '_'. The domain name provided is not valid according to RFC 1034/1035.
Traceback (most recent call last):
  File "/data/jtd_backend/jtd_shop/.venv/lib/python3.10/site-packages/django/core/handlers/exception.py", line 55, in inner
    response = get_response(request)
  File "/data/jtd_backend/jtd_shop/.venv/lib/python3.10/site-packages/django/utils/deprecation.py", line 119, in __call__
    response = self.process_request(request)
  File "/data/jtd_backend/jtd_shop/.venv/lib/python3.10/site-packages/django/middleware/common.py", line 48, in process_request
    host = request.get_host()
  File "/data/jtd_backend/jtd_shop/.venv/lib/python3.10/site-packages/django/http/request.py", line 202, in get_host
    raise DisallowedHost(msg)
django.core.exceptions.DisallowedHost: Invalid HTTP_HOST header: '_'. The domain name provided is not valid according to RFC 1034/1035.
Not Found: /
Not Found: /
Not Found: /manage/account/login
Not Found: /manage/account/login
Not Found: /index.html
Not Found: /index.html
Not Found: /
Not Found: /
Not Found: /+CSCOE+/logon.html
Not Found: /+CSCOE+/logon.html
Not Found: /cgi-bin/login.cgi
Not Found: /cgi-bin/login.cgi
Not Found: /login.htm
Not Found: /login.htm
Not Found: /login.html
Not Found: /login.html
Not Found: /login.jsp
Not Found: /login.jsp
Not Found: /login
Not Found: /login
Not Found: /doc/index.html
Not Found: /doc/index.html
Not Found: /remote/login
Not Found: /remote/login
Not Found: //admin/login.asp
Not Found: //admin/login.asp
Not Found: /web/
Not Found: /web/
Not Found: //webpages/login.html
Not Found: //webpages/login.html
Not Found: /
Not Found: /
Not Found: /
Not Found: /
Not Found: /
Not Found: /
Not Found: /
Not Found: /
Not Found: /
Not Found: /
Not Found: /
Not Found: /
Not Found: /
Not Found: /
Not Found: /json/
Not Found: /json/
Not Found: /
Not Found: /
Not Found: /
Not Found: /
Not Found: /
Not Found: /
Not Found: /
Not Found: /
Not Found: /
Not Found: /
Not Found: /
Not Found: /
Not Found: /
Not Found: /
Not Found: /
Not Found: /
Not Found: /
Not Found: /
Not Found: /
Not Found: /
Not Found: /
Not Found: /
Not Found: /
Not Found: /
Not Found: /
Not Found: /
Not Found: /
Not Found: /
Not Found: /
Not Found: /
Not Found: /
Not Found: /
Not Found: /
Not Found: /
Not Found: /
Not Found: /
Not Found: /
Not Found: /
Not Found: /
Not Found: /
Not Found: /
Not Found: /
Not Found: /
Not Found: /
Not Found: /
Not Found: /
Not Found: /
Not Found: /
Not Found: /
Not Found: /
Not Found: /
Not Found: /
Not Found: /
Not Found: /
Not Found: /
Not Found: /
Not Found: /
Not Found: /
Not Found: /
Not Found: /
Not Found: /
Not Found: /
Not Found: /
Not Found: /
Not Found: /favicon.ico
Not Found: /favicon.ico
Not Found: /HNAP1
Not Found: /HNAP1
Not Found: /onvif/device_service
Not Found: /onvif/device_service
Not Found: /PSIA/index
Not Found: /PSIA/index
Not Found: /
Not Found: /
Not Found: /
Not Found: /
Not Found: /
Not Found: /
Not Found: /
Not Found: /
Not Found: /
Not Found: /
Not Found: /
Not Found: /
Not Found: /goform/set_LimitClient_cfg
Not Found: /goform/set_LimitClient_cfg
Not Found: /
Not Found: /
Not Found: /
Not Found: /
Not Found: /
Not Found: /
Not Found: /
Not Found: /
Not Found: /
Not Found: /
Not Found: /
Not Found: /
Not Found: /
Not Found: /
Not Found: /login
Not Found: /login
Not Found: /
Not Found: /
Not Found: /
Not Found: /
Not Found: /favicon.ico
Not Found: /favicon.ico
Not Found: /robots.txt
Not Found: /robots.txt
Not Found: /
Not Found: /
Not Found: /
Not Found: /
Not Found: /
Not Found: /
Not Found: /
Not Found: /
Not Found: /
Not Found: /
Not Found: /
Not Found: /
Not Found: /
Not Found: /
Not Found: /
Not Found: /
Not Found: /
Not Found: /
Not Found: /
Not Found: /
Not Found: /
Not Found: /
Not Found: /
Not Found: /
Not Found: /
Not Found: /
Not Found: /
Not Found: /
Not Found: /
Not Found: /
Not Found: /
Not Found: /
Not Found: /
Not Found: /
Not Found: /
Not Found: /
Not Found: /
Not Found: /
Not Found: /
Not Found: /
Not Found: /
Not Found: /
Not Found: /
Not Found: /
Not Found: /
Not Found: /
Not Found: /
Not Found: /
Not Found: /
Not Found: /
Not Found: /
Not Found: /
Not Found: /favicon.ico
Not Found: /favicon.ico
Not Found: /robots.txt
Not Found: /robots.txt
Not Found: /
Not Found: /
Not Found: /
Not Found: /
Not Found: /
Not Found: /
Not Found: /
Not Found: /
Not Found: /
Not Found: /
Not Found: /
Not Found: /
Not Found: /
Not Found: /
Not Found: /login
Not Found: /login
Not Found: /
Not Found: /
Not Found: /
Not Found: /
Not Found: /goform/set_LimitClient_cfg
Not Found: /goform/set_LimitClient_cfg
Not Found: /
Not Found: /
Not Found: /
Not Found: /
Not Found: /
Not Found: /
Not Found: /goform/set_LimitClient_cfg
Not Found: /goform/set_LimitClient_cfg
Not Found: /
Not Found: /
Not Found: /
Not Found: /
Not Found: /
Not Found: /
Not Found: /
Not Found: /
Not Found: /
Not Found: /
Not Found: /
Not Found: /
Not Found: /
Not Found: /
Not Found: /
Not Found: /
Not Found: /
Not Found: /
Not Found: /
Not Found: /
Not Found: /english/
Not Found: /english/
Not Found: /
Not Found: /
Not Found: /
Not Found: /
Not Found: /
Not Found: /
Not Found: /
Not Found: /
Not Found: /
Not Found: /
Not Found: /
Not Found: /
Not Found: /
Not Found: /
Invalid HTTP_HOST header: '_'. The domain name provided is not valid according to RFC 1034/1035.
Traceback (most recent call last):
  File "/data/jtd_backend/jtd_shop/.venv/lib/python3.10/site-packages/django/core/handlers/exception.py", line 55, in inner
    response = get_response(request)
  File "/data/jtd_backend/jtd_shop/.venv/lib/python3.10/site-packages/django/utils/deprecation.py", line 119, in __call__
    response = self.process_request(request)
  File "/data/jtd_backend/jtd_shop/.venv/lib/python3.10/site-packages/django/middleware/common.py", line 48, in process_request
    host = request.get_host()
  File "/data/jtd_backend/jtd_shop/.venv/lib/python3.10/site-packages/django/http/request.py", line 202, in get_host
    raise DisallowedHost(msg)
django.core.exceptions.DisallowedHost: Invalid HTTP_HOST header: '_'. The domain name provided is not valid according to RFC 1034/1035.
Invalid HTTP_HOST header: '_'. The domain name provided is not valid according to RFC 1034/1035.
Traceback (most recent call last):
  File "/data/jtd_backend/jtd_shop/.venv/lib/python3.10/site-packages/django/core/handlers/exception.py", line 55, in inner
    response = get_response(request)
  File "/data/jtd_backend/jtd_shop/.venv/lib/python3.10/site-packages/django/utils/deprecation.py", line 119, in __call__
    response = self.process_request(request)
  File "/data/jtd_backend/jtd_shop/.venv/lib/python3.10/site-packages/django/middleware/common.py", line 48, in process_request
    host = request.get_host()
  File "/data/jtd_backend/jtd_shop/.venv/lib/python3.10/site-packages/django/http/request.py", line 202, in get_host
    raise DisallowedHost(msg)
django.core.exceptions.DisallowedHost: Invalid HTTP_HOST header: '_'. The domain name provided is not valid according to RFC 1034/1035.
Not Found: /
Not Found: /
Not Found: /
Not Found: /
Not Found: /
Not Found: /
Not Found: /
Not Found: /
Not Found: /
Not Found: /
Not Found: /
Not Found: /
Not Found: /
Not Found: /
Not Found: /
Not Found: /
Not Found: /
Not Found: /
Not Found: /
Not Found: /
Not Found: /
Not Found: /
Not Found: /
Not Found: /
Not Found: /
Not Found: /
Not Found: /
Not Found: /
Not Found: /
Not Found: /
Not Found: /
Not Found: /
Not Found: /
Not Found: /
Not Found: /
Not Found: /
Not Found: /
Not Found: /
Not Found: /
Not Found: /
Not Found: /
Not Found: /
Not Found: /
Not Found: /
Not Found: /
Not Found: /
Not Found: /
Not Found: /
Not Found: /
Not Found: /
Not Found: /
Not Found: /
Not Found: /
Not Found: /
Not Found: /
Not Found: /
Not Found: /
Not Found: /
Invalid HTTP_HOST header: '_'. The domain name provided is not valid according to RFC 1034/1035.
Traceback (most recent call last):
  File "/data/jtd_backend/jtd_shop/.venv/lib/python3.10/site-packages/django/core/handlers/exception.py", line 55, in inner
    response = get_response(request)
  File "/data/jtd_backend/jtd_shop/.venv/lib/python3.10/site-packages/django/utils/deprecation.py", line 119, in __call__
    response = self.process_request(request)
  File "/data/jtd_backend/jtd_shop/.venv/lib/python3.10/site-packages/django/middleware/common.py", line 48, in process_request
    host = request.get_host()
  File "/data/jtd_backend/jtd_shop/.venv/lib/python3.10/site-packages/django/http/request.py", line 202, in get_host
    raise DisallowedHost(msg)
django.core.exceptions.DisallowedHost: Invalid HTTP_HOST header: '_'. The domain name provided is not valid according to RFC 1034/1035.
Invalid HTTP_HOST header: '_'. The domain name provided is not valid according to RFC 1034/1035.
Traceback (most recent call last):
  File "/data/jtd_backend/jtd_shop/.venv/lib/python3.10/site-packages/django/core/handlers/exception.py", line 55, in inner
    response = get_response(request)
  File "/data/jtd_backend/jtd_shop/.venv/lib/python3.10/site-packages/django/utils/deprecation.py", line 119, in __call__
    response = self.process_request(request)
  File "/data/jtd_backend/jtd_shop/.venv/lib/python3.10/site-packages/django/middleware/common.py", line 48, in process_request
    host = request.get_host()
  File "/data/jtd_backend/jtd_shop/.venv/lib/python3.10/site-packages/django/http/request.py", line 202, in get_host
    raise DisallowedHost(msg)
django.core.exceptions.DisallowedHost: Invalid HTTP_HOST header: '_'. The domain name provided is not valid according to RFC 1034/1035.
Not Found: /
Not Found: /
Not Found: /
Not Found: /
Not Found: /
Not Found: /
Not Found: /
Not Found: /
Not Found: /
Not Found: /
Not Found: /
Not Found: /
Not Found: /
Not Found: /
Not Found: /
Not Found: /
Not Found: /favicon.ico
Not Found: /favicon.ico
Not Found: /robots.txt
Not Found: /robots.txt
Not Found: /GponForm/diag_Form
Not Found: /GponForm/diag_Form
Not Found: /
Not Found: /
Not Found: /
Not Found: /
Not Found: /
Not Found: /
Not Found: /
Not Found: /
Not Found: /
Not Found: /
Not Found: /
Not Found: /
Not Found: /
Not Found: /
Not Found: /
Not Found: /
Not Found: /
Not Found: /
Not Found: /images/js/eas/eas.js
Not Found: /images/js/eas/eas.js
Not Found: /
Not Found: /
Not Found: /
Not Found: /
Not Found: /
Not Found: /
Not Found: /
Not Found: /
Not Found: /
Not Found: /
Not Found: /
Not Found: /
Not Found: /
Not Found: /
Not Found: /
Not Found: /
Not Found: /
Not Found: /
Not Found: /
Not Found: /
Not Found: /
Not Found: /
Not Found: /
Not Found: /
Not Found: /
Not Found: /
Not Found: /
Not Found: /
Not Found: /
Not Found: /
Not Found: /download/powershell/
Not Found: /download/powershell/
Not Found: /get.php
Not Found: /get.php
Not Found: /json/
Not Found: /json/
Not Found: /
Not Found: /
Not Found: /
Not Found: /
Not Found: /
Not Found: /
Not Found: /
Not Found: /
Not Found: /favicon.ico
Not Found: /favicon.ico
Not Found: /
Not Found: /
Not Found: /geoserver/web/
Not Found: /geoserver/web/
Not Found: /
Not Found: /
Not Found: /
Not Found: /
Not Found: /
Not Found: /
Not Found: /actuator/health
Not Found: /actuator/health
Not Found: /
Not Found: /
Not Found: /
Not Found: /
Not Found: /
Not Found: /
Not Found: /
Not Found: /
Not Found: /
Not Found: /
Not Found: /
Not Found: /
Not Found: /
Not Found: /
Not Found: /
Not Found: /
Not Found: /
Not Found: /
Not Found: /
Not Found: /
Not Found: /
Not Found: /
Not Found: /
Not Found: /
Not Found: /
Not Found: /
Not Found: /
Not Found: /
Not Found: /
Not Found: /
Not Found: /goform/set_LimitClient_cfg
Not Found: /goform/set_LimitClient_cfg
Not Found: /
Not Found: /
Not Found: /
Not Found: /
Not Found: /
Not Found: /
Not Found: /
Not Found: /
Not Found: /
Not Found: /
Not Found: /
Not Found: /
Not Found: /
Not Found: /
Not Found: /
Not Found: /
Not Found: /
Not Found: /
Not Found: /
Not Found: /
Not Found: /english/
Not Found: /english/
Not Found: /
Not Found: /
Not Found: /
Not Found: /
Not Found: /login
Not Found: /login
Not Found: /
Not Found: /
Not Found: /
Not Found: /
Not Found: /
Not Found: /
Not Found: /
Not Found: /
Not Found: /
Not Found: /
Not Found: /
Not Found: /
Not Found: /
Not Found: /
Not Found: /
Not Found: /
Not Found: /
Not Found: /
Not Found: /
Not Found: /
Not Found: /
Not Found: /
Not Found: /
Not Found: /
Not Found: /
Not Found: /
Not Found: /
Not Found: /
Not Found: /
Not Found: /
Not Found: /images/js/eas/eas.js
Not Found: /images/js/eas/eas.js
Not Found: /
Not Found: /
Not Found: /
Not Found: /
Not Found: /
Not Found: /
Not Found: /
Not Found: /
Not Found: /
Not Found: /
Not Found: /
Not Found: /
Not Found: /
Not Found: /
Not Found: /
Not Found: /
Not Found: /favicon.ico
Not Found: /favicon.ico
Not Found: /robots.txt
Not Found: /robots.txt
Not Found: /aaa9
Not Found: /aaa9
Not Found: /aab8
Not Found: /aab8
Not Found: /
Not Found: /
Not Found: /
Not Found: /
Not Found: /
Not Found: /
Not Found: /
Not Found: /
Not Found: /
Not Found: /
Not Found: /
Not Found: /
Not Found: /
Not Found: /
Not Found: /
Not Found: /
Not Found: /
Not Found: /
Not Found: /
Not Found: /
Not Found: /
Not Found: /
Not Found: /
Not Found: /
Not Found: /
Not Found: /
Not Found: /
Not Found: /
Not Found: /
Not Found: /
Not Found: /
Not Found: /
Not Found: /
Not Found: /
Not Found: /
Not Found: /
Not Found: /
Not Found: /
Not Found: /
Not Found: /
Not Found: /
Not Found: /
Not Found: /
Not Found: /
Not Found: /login
Not Found: /login
Not Found: /
Not Found: /
Not Found: /login
Not Found: /login
Not Found: /
Not Found: /
Not Found: /
Not Found: /
Not Found: /
Not Found: /
Not Found: /
Not Found: /
Not Found: /json/
Not Found: /json/
Not Found: /
Not Found: /
Not Found: /
Not Found: /
Not Found: /favicon.ico
Not Found: /favicon.ico
Not Found: /
Not Found: /
Not Found: /
Not Found: /
Not Found: /
Not Found: /
Not Found: /
Not Found: /
Not Found: /
Not Found: /
Not Found: /
Not Found: /
Not Found: /
Not Found: /
Not Found: /
Not Found: /
Not Found: /login
Not Found: /login
Not Found: /
Not Found: /
Not Found: /
Not Found: /
Not Found: /
Not Found: /
Not Found: /
Not Found: /
Not Found: /
Not Found: /
Not Found: /
Not Found: /
Not Found: /
Not Found: /
Not Found: /
Not Found: /
Not Found: /
Not Found: /
Not Found: /
Not Found: /
Not Found: /
Not Found: /
Not Found: /aaa9
Not Found: /aaa9
Not Found: /
Not Found: /
Not Found: /aab8
Not Found: /aab8
Not Found: /
Not Found: /
Not Found: /
Not Found: /
Not Found: /
Not Found: /
Not Found: /
Not Found: /
Not Found: /
Not Found: /
Not Found: /login.asp
Not Found: /login.asp
Not Found: /
Not Found: /
Not Found: /
Not Found: /
Not Found: /
Not Found: /
Not Found: /
Not Found: /
Not Found: /
Not Found: /
Not Found: /
Not Found: /
Not Found: /
Not Found: /
Not Found: /
Not Found: /
Not Found: /
Not Found: /
Not Found: /
Not Found: /
Not Found: /favicon.ico
Not Found: /favicon.ico
Not Found: /
Not Found: /
Not Found: /
Not Found: /
Not Found: /
Not Found: /
Not Found: /
Not Found: /
Not Found: /
Not Found: /
Not Found: /
Not Found: /
Not Found: /
Not Found: /
Not Found: /
Not Found: /
Not Found: /
Not Found: /
Not Found: /favicon.ico
Not Found: /favicon.ico
Not Found: /
Not Found: /
Not Found: /geoserver/web/
Not Found: /geoserver/web/
Not Found: /
Not Found: /
Not Found: /
Not Found: /
Not Found: /
Not Found: /
Not Found: /
Not Found: /
Not Found: /
Not Found: /
Not Found: /login.asp
Not Found: /login.asp
Not Found: /
Not Found: /
Not Found: /
Not Found: /
Not Found: /
Not Found: /
Not Found: /
Not Found: /
Not Found: /
Not Found: /
Not Found: /
Not Found: /
Invalid HTTP_HOST header: '_'. The domain name provided is not valid according to RFC 1034/1035.
Traceback (most recent call last):
  File "/data/jtd_backend/jtd_shop/.venv/lib/python3.10/site-packages/django/core/handlers/exception.py", line 55, in inner
    response = get_response(request)
  File "/data/jtd_backend/jtd_shop/.venv/lib/python3.10/site-packages/django/utils/deprecation.py", line 119, in __call__
    response = self.process_request(request)
  File "/data/jtd_backend/jtd_shop/.venv/lib/python3.10/site-packages/django/middleware/common.py", line 48, in process_request
    host = request.get_host()
  File "/data/jtd_backend/jtd_shop/.venv/lib/python3.10/site-packages/django/http/request.py", line 202, in get_host
    raise DisallowedHost(msg)
django.core.exceptions.DisallowedHost: Invalid HTTP_HOST header: '_'. The domain name provided is not valid according to RFC 1034/1035.
Invalid HTTP_HOST header: '_'. The domain name provided is not valid according to RFC 1034/1035.
Traceback (most recent call last):
  File "/data/jtd_backend/jtd_shop/.venv/lib/python3.10/site-packages/django/core/handlers/exception.py", line 55, in inner
    response = get_response(request)
  File "/data/jtd_backend/jtd_shop/.venv/lib/python3.10/site-packages/django/utils/deprecation.py", line 119, in __call__
    response = self.process_request(request)
  File "/data/jtd_backend/jtd_shop/.venv/lib/python3.10/site-packages/django/middleware/common.py", line 48, in process_request
    host = request.get_host()
  File "/data/jtd_backend/jtd_shop/.venv/lib/python3.10/site-packages/django/http/request.py", line 202, in get_host
    raise DisallowedHost(msg)
django.core.exceptions.DisallowedHost: Invalid HTTP_HOST header: '_'. The domain name provided is not valid according to RFC 1034/1035.
Not Found: /
Not Found: /
Not Found: /
Not Found: /
Not Found: /
Not Found: /
Not Found: /favicon.ico
Not Found: /favicon.ico
Not Found: /robots.txt
Not Found: /robots.txt
Not Found: /
Not Found: /
Not Found: /
Not Found: /
Not Found: /
Not Found: /
Not Found: /
Not Found: /
Not Found: /
Not Found: /
Not Found: /
Not Found: /
Not Found: /
Not Found: /
Not Found: /
Not Found: /
Invalid HTTP_HOST header: '_'. The domain name provided is not valid according to RFC 1034/1035.
Traceback (most recent call last):
  File "/data/jtd_backend/jtd_shop/.venv/lib/python3.10/site-packages/django/core/handlers/exception.py", line 55, in inner
    response = get_response(request)
  File "/data/jtd_backend/jtd_shop/.venv/lib/python3.10/site-packages/django/utils/deprecation.py", line 119, in __call__
    response = self.process_request(request)
  File "/data/jtd_backend/jtd_shop/.venv/lib/python3.10/site-packages/django/middleware/common.py", line 48, in process_request
    host = request.get_host()
  File "/data/jtd_backend/jtd_shop/.venv/lib/python3.10/site-packages/django/http/request.py", line 202, in get_host
    raise DisallowedHost(msg)
django.core.exceptions.DisallowedHost: Invalid HTTP_HOST header: '_'. The domain name provided is not valid according to RFC 1034/1035.
Invalid HTTP_HOST header: '_'. The domain name provided is not valid according to RFC 1034/1035.
Traceback (most recent call last):
  File "/data/jtd_backend/jtd_shop/.venv/lib/python3.10/site-packages/django/core/handlers/exception.py", line 55, in inner
    response = get_response(request)
  File "/data/jtd_backend/jtd_shop/.venv/lib/python3.10/site-packages/django/utils/deprecation.py", line 119, in __call__
    response = self.process_request(request)
  File "/data/jtd_backend/jtd_shop/.venv/lib/python3.10/site-packages/django/middleware/common.py", line 48, in process_request
    host = request.get_host()
  File "/data/jtd_backend/jtd_shop/.venv/lib/python3.10/site-packages/django/http/request.py", line 202, in get_host
    raise DisallowedHost(msg)
django.core.exceptions.DisallowedHost: Invalid HTTP_HOST header: '_'. The domain name provided is not valid according to RFC 1034/1035.
Not Found: /
Not Found: /
Not Found: /
Not Found: /
Not Found: /
Not Found: /
Not Found: /
Not Found: /
Not Found: /
Not Found: /
Not Found: /
Not Found: /
Not Found: /
Not Found: /
Not Found: /
Not Found: /
Not Found: /
Not Found: /
Not Found: /
Not Found: /
Not Found: /
Not Found: /
Not Found: /english/
Not Found: /english/
Not Found: /
Not Found: /
Not Found: /
Not Found: /
Not Found: /
Not Found: /
Not Found: /
Not Found: /
Not Found: /
Not Found: /
Not Found: /download/powershell/
Not Found: /download/powershell/
Not Found: /get.php
Not Found: /get.php
Not Found: /
Not Found: /
Not Found: /
Not Found: /
Not Found: /
Not Found: /
Not Found: /
Not Found: /
Not Found: /
Not Found: /
Not Found: /
Not Found: /
Not Found: /
Not Found: /
Not Found: /
Not Found: /
Not Found: /
Not Found: /
Not Found: /
Not Found: /
Not Found: /
Not Found: /
Not Found: /
Not Found: /
Not Found: /
Not Found: /
Not Found: /
Not Found: /
Not Found: /
Not Found: /
Not Found: /
Not Found: /
Not Found: /
Not Found: /
Not Found: /
Not Found: /
Not Found: /
Not Found: /
Not Found: /
Not Found: /
Not Found: /
Not Found: /
Not Found: /
Not Found: /
Not Found: /
Not Found: /
Not Found: /
Not Found: /
Not Found: /
Not Found: /
Not Found: /
Not Found: /
Not Found: /
Not Found: /
Not Found: /
Not Found: /
Not Found: /
Not Found: /
Not Found: /
Not Found: /
Not Found: /
Not Found: /
Not Found: /
Not Found: /
Not Found: /
Not Found: /
Not Found: /
Not Found: /
Not Found: /
Not Found: /
Not Found: /
Not Found: /
Not Found: /
Not Found: /
Not Found: /
Not Found: /
Not Found: /
Not Found: /
Not Found: /
Not Found: /
Not Found: /
Not Found: /
Not Found: /
Not Found: /
Not Found: /
Not Found: /
Not Found: /
Not Found: /
Not Found: /
Not Found: /
Not Found: /
Not Found: /
Not Found: /
Not Found: /
Not Found: /
Not Found: /
Not Found: /login
Not Found: /login
Not Found: /
Not Found: /
Not Found: /
Not Found: /
Not Found: /
Not Found: /
Not Found: /
Not Found: /
Not Found: /
Not Found: /
Not Found: /favicon.ico
Not Found: /favicon.ico
Not Found: /robots.txt
Not Found: /robots.txt
Not Found: /
Not Found: /
Not Found: /
Not Found: /
Not Found: /GponForm/diag_Form
Not Found: /GponForm/diag_Form
Not Found: /login
Not Found: /login
Not Found: /
Not Found: /
Not Found: /
Not Found: /
Not Found: /
Not Found: /
Not Found: /
Not Found: /
Not Found: /favicon.ico
Not Found: /favicon.ico
Not Found: /login
Not Found: /login
Not Found: /
Not Found: /
Not Found: /
Not Found: /
Not Found: /
Not Found: /
Not Found: /login.asp
Not Found: /login.asp
Not Found: /
Not Found: /
Not Found: /
Not Found: /
Not Found: /
Not Found: /
Not Found: /login
Not Found: /login
Not Found: /
Not Found: /
Not Found: /
Not Found: /
Not Found: /
Not Found: /
Not Found: /
Not Found: /
Not Found: /
Not Found: /
Not Found: /
Not Found: /
Not Found: /
Not Found: /
Not Found: /
Not Found: /
Not Found: /goform/set_LimitClient_cfg
Not Found: /goform/set_LimitClient_cfg
Not Found: /404/search_children.js
Not Found: /404/search_children.js
Not Found: /
Not Found: /
Not Found: /
Not Found: /
Not Found: /favicon.ico
Not Found: /favicon.ico
Not Found: /
Not Found: /
Not Found: /
Not Found: /
Not Found: /
Not Found: /
Not Found: /
Not Found: /
Not Found: /
Not Found: /
Not Found: /
Not Found: /
Not Found: /
Not Found: /
Not Found: /
Not Found: /
Not Found: /english/
Not Found: /english/
Not Found: /
Not Found: /
Not Found: /
Not Found: /
Not Found: /
Not Found: /
Not Found: /
Not Found: /
Not Found: /
Not Found: /
Not Found: /
Not Found: /
Not Found: /
Not Found: /
Not Found: /
Not Found: /
Not Found: /
Not Found: /
Not Found: /
Not Found: /
Not Found: /
Not Found: /
Not Found: /
Not Found: /
Not Found: /
Not Found: /
Not Found: /
Not Found: /
Not Found: /
Not Found: /
Not Found: /
Not Found: /
Not Found: /
Not Found: /
Not Found: /
Not Found: /
Not Found: /
Not Found: /
Not Found: /
Not Found: /
Not Found: /
Not Found: /
Not Found: /cgi-bin/luci/;stok=/locale
Not Found: /cgi-bin/luci/;stok=/locale
Not Found: /
Not Found: /
Not Found: /
Not Found: /
Not Found: /
Not Found: /
Not Found: /
Not Found: /
Not Found: /login
Not Found: /login
Not Found: /
Not Found: /
Not Found: /
Not Found: /
Not Found: /
Not Found: /
Not Found: /goform/set_LimitClient_cfg
Not Found: /goform/set_LimitClient_cfg
Not Found: /
Not Found: /
Not Found: /
Not Found: /
Not Found: /
Not Found: /
Not Found: /favicon.ico
Not Found: /favicon.ico
Not Found: /
Not Found: /
Not Found: /geoserver/web/
Not Found: /geoserver/web/
Not Found: /
Not Found: /
Not Found: /
Not Found: /
Not Found: /
Not Found: /
Not Found: /
Not Found: /
Not Found: /
Not Found: /
Not Found: /download/powershell/
Not Found: /download/powershell/
Not Found: /get.php
Not Found: /get.php
Not Found: /
Not Found: /
Not Found: /
Not Found: /
Not Found: /
Not Found: /
Not Found: /
Not Found: /
Not Found: /
Not Found: /
Invalid HTTP_HOST header: '_'. The domain name provided is not valid according to RFC 1034/1035.
Traceback (most recent call last):
  File "/data/jtd_backend/jtd_shop/.venv/lib/python3.10/site-packages/django/core/handlers/exception.py", line 55, in inner
    response = get_response(request)
  File "/data/jtd_backend/jtd_shop/.venv/lib/python3.10/site-packages/django/utils/deprecation.py", line 119, in __call__
    response = self.process_request(request)
  File "/data/jtd_backend/jtd_shop/.venv/lib/python3.10/site-packages/django/middleware/common.py", line 48, in process_request
    host = request.get_host()
  File "/data/jtd_backend/jtd_shop/.venv/lib/python3.10/site-packages/django/http/request.py", line 202, in get_host
    raise DisallowedHost(msg)
django.core.exceptions.DisallowedHost: Invalid HTTP_HOST header: '_'. The domain name provided is not valid according to RFC 1034/1035.
Invalid HTTP_HOST header: '_'. The domain name provided is not valid according to RFC 1034/1035.
Traceback (most recent call last):
  File "/data/jtd_backend/jtd_shop/.venv/lib/python3.10/site-packages/django/core/handlers/exception.py", line 55, in inner
    response = get_response(request)
  File "/data/jtd_backend/jtd_shop/.venv/lib/python3.10/site-packages/django/utils/deprecation.py", line 119, in __call__
    response = self.process_request(request)
  File "/data/jtd_backend/jtd_shop/.venv/lib/python3.10/site-packages/django/middleware/common.py", line 48, in process_request
    host = request.get_host()
  File "/data/jtd_backend/jtd_shop/.venv/lib/python3.10/site-packages/django/http/request.py", line 202, in get_host
    raise DisallowedHost(msg)
django.core.exceptions.DisallowedHost: Invalid HTTP_HOST header: '_'. The domain name provided is not valid according to RFC 1034/1035.
Not Found: /
Not Found: /
Not Found: /
Not Found: /
Not Found: /
Not Found: /
Not Found: /
Not Found: /
Not Found: /
Not Found: /
Not Found: /
Not Found: /
Not Found: /
Not Found: /
Not Found: /
Not Found: /
Not Found: /
Not Found: /
Not Found: /
Not Found: /
Not Found: /
Not Found: /
Not Found: /
Not Found: /
Not Found: /
Not Found: /
Not Found: /
Not Found: /
Not Found: /
Not Found: /
Not Found: /
Not Found: /
Not Found: /
Not Found: /
Not Found: /
Not Found: /
Not Found: /
Not Found: /
Not Found: /
Not Found: /
Invalid HTTP_HOST header: '_'. The domain name provided is not valid according to RFC 1034/1035.
Traceback (most recent call last):
  File "/data/jtd_backend/jtd_shop/.venv/lib/python3.10/site-packages/django/core/handlers/exception.py", line 55, in inner
    response = get_response(request)
  File "/data/jtd_backend/jtd_shop/.venv/lib/python3.10/site-packages/django/utils/deprecation.py", line 119, in __call__
    response = self.process_request(request)
  File "/data/jtd_backend/jtd_shop/.venv/lib/python3.10/site-packages/django/middleware/common.py", line 48, in process_request
    host = request.get_host()
  File "/data/jtd_backend/jtd_shop/.venv/lib/python3.10/site-packages/django/http/request.py", line 202, in get_host
    raise DisallowedHost(msg)
django.core.exceptions.DisallowedHost: Invalid HTTP_HOST header: '_'. The domain name provided is not valid according to RFC 1034/1035.
Invalid HTTP_HOST header: '_'. The domain name provided is not valid according to RFC 1034/1035.
Traceback (most recent call last):
  File "/data/jtd_backend/jtd_shop/.venv/lib/python3.10/site-packages/django/core/handlers/exception.py", line 55, in inner
    response = get_response(request)
  File "/data/jtd_backend/jtd_shop/.venv/lib/python3.10/site-packages/django/utils/deprecation.py", line 119, in __call__
    response = self.process_request(request)
  File "/data/jtd_backend/jtd_shop/.venv/lib/python3.10/site-packages/django/middleware/common.py", line 48, in process_request
    host = request.get_host()
  File "/data/jtd_backend/jtd_shop/.venv/lib/python3.10/site-packages/django/http/request.py", line 202, in get_host
    raise DisallowedHost(msg)
django.core.exceptions.DisallowedHost: Invalid HTTP_HOST header: '_'. The domain name provided is not valid according to RFC 1034/1035.
Not Found: /
Not Found: /
Not Found: /
Not Found: /
Not Found: /
Not Found: /
Not Found: /
Not Found: /
Not Found: /favicon.ico
Not Found: /favicon.ico
Not Found: /robots.txt
Not Found: /robots.txt
Not Found: /
Not Found: /
Not Found: /manager/html
Not Found: /manager/html
Not Found: /
Not Found: /
Not Found: /images/js/eas/eas.js
Not Found: /images/js/eas/eas.js
Not Found: /
Not Found: /
Not Found: /
Not Found: /
Not Found: /
Not Found: /
Not Found: /
Not Found: /
Not Found: /
Not Found: /
Not Found: /
Not Found: /
Not Found: /
Not Found: /
Not Found: /
Not Found: /
Not Found: /
Not Found: /
Not Found: /
Not Found: /
Not Found: /
Not Found: /
Not Found: /download/powershell/
Not Found: /download/powershell/
Not Found: /get.php
Not Found: /get.php
Not Found: /
Not Found: /
Not Found: /
Not Found: /
Not Found: /favicon.ico
Not Found: /favicon.ico
Not Found: /wiki
Not Found: /wiki
Not Found: /
Not Found: /
Not Found: /
Not Found: /
Not Found: /favicon.ico
Not Found: /favicon.ico
Forbidden: /products/list/
Forbidden: /products/list/
Not Found: /
Not Found: /
Forbidden: /products/list/
Forbidden: /products/list/
tag: Make (271) - type: string (2) Tag Location: 22 - Data Location: 110 - value: b'Canon\x00'
tag: Model (272) - type: string (2) Tag Location: 34 - Data Location: 116 - value: b'Canon EOS R6\x00'
tag: XResolution (282) - type: rational (5) Tag Location: 46 - Data Location: 130 - value: b',\x01\x00\x00\x01\x00\x00\x00'
tag: YResolution (283) - type: rational (5) Tag Location: 58 - Data Location: 138 - value: b',\x01\x00\x00\x01\x00\x00\x00'
tag: ResolutionUnit (296) - type: short (3) - value: b'\x02\x00'
tag: Software (305) - type: string (2) Tag Location: 82 - Data Location: 146 - value: <table: 42 bytes>
tag: DateTime (306) - type: string (2) Tag Location: 94 - Data Location: 188 - value: b'2023:03:28 23:34:17\x00'
tag: ExifIFD (34665) - type: long (4) - value: b'\xd0\x00\x00\x00'
Importing AvifImagePlugin
Importing BlpImagePlugin
Importing BmpImagePlugin
Importing BufrStubImagePlugin
Importing CurImagePlugin
Importing DcxImagePlugin
Importing DdsImagePlugin
Importing EpsImagePlugin
Importing FitsImagePlugin
Importing FliImagePlugin
Importing FpxImagePlugin
Image: failed to import FpxImagePlugin: No module named 'olefile'
Importing FtexImagePlugin
Importing GbrImagePlugin
Importing GifImagePlugin
Importing GribStubImagePlugin
Importing Hdf5StubImagePlugin
Importing IcnsImagePlugin
Importing IcoImagePlugin
Importing ImImagePlugin
Importing ImtImagePlugin
Importing IptcImagePlugin
Importing JpegImagePlugin
Importing Jpeg2KImagePlugin
Importing McIdasImagePlugin
Importing MicImagePlugin
Image: failed to import MicImagePlugin: No module named 'olefile'
Importing MpegImagePlugin
Importing MpoImagePlugin
Importing MspImagePlugin
Importing PalmImagePlugin
Importing PcdImagePlugin
Importing PcxImagePlugin
Importing PdfImagePlugin
Importing PixarImagePlugin
Importing PngImagePlugin
Importing PpmImagePlugin
Importing PsdImagePlugin
Importing QoiImagePlugin
Importing SgiImagePlugin
Importing SpiderImagePlugin
Importing SunImagePlugin
Importing TgaImagePlugin
Importing TiffImagePlugin
Importing WebPImagePlugin
Importing WmfImagePlugin
Importing XbmImagePlugin
Importing XpmImagePlugin
Importing XVThumbImagePlugin
Not Found: /
Not Found: /
Not Found: /
Not Found: /
Not Found: /
Not Found: /
Not Found: /
Not Found: /
Not Found: /
Not Found: /
Not Found: /
Not Found: /
Not Found: /
Not Found: /
Not Found: /
Not Found: /
Not Found: /
Not Found: /
Not Found: /
Not Found: /
Not Found: /
Not Found: /
Not Found: /
Not Found: /
Not Found: /
Not Found: /
Not Found: /login
Not Found: /login
Not Found: /
Not Found: /
Not Found: /
Not Found: /
Not Found: /
Not Found: /
Not Found: /
Not Found: /
Not Found: /
Not Found: /
Not Found: /
Not Found: /
Not Found: /
Not Found: /
Not Found: /
Not Found: /
Not Found: /
Not Found: /
Not Found: /
Not Found: /
Not Found: /
Not Found: /
Not Found: /
Not Found: /
Not Found: /
Not Found: /
Not Found: /
Not Found: /
Not Found: /
Not Found: /
Not Found: /
Not Found: /
Not Found: /
Not Found: /
Not Found: /
Not Found: /
Not Found: /json/
Not Found: /json/
Not Found: /
Not Found: /
Not Found: /
Not Found: /
Not Found: /pscc/
Not Found: /pscc/
Not Found: /start/index.html
Not Found: /start/index.html
Not Found: /hudson
Not Found: /hudson
Not Found: /
Not Found: /
Not Found: /
Not Found: /
Not Found: /
Not Found: /
Not Found: /
Not Found: /
Not Found: /
Not Found: /
Not Found: /
Not Found: /
Not Found: /
Not Found: /
Not Found: /english/
Not Found: /english/
Not Found: /
Not Found: /
Not Found: /
Not Found: /
Not Found: /
Not Found: /
Not Found: /
Not Found: /
Not Found: /
Not Found: /
Not Found: /
Not Found: /
Not Found: /
Not Found: /
Not Found: /favicon.ico
Not Found: /favicon.ico
Not Found: /security.txt
Not Found: /security.txt
Not Found: /favicon.ico
Not Found: /favicon.ico
Not Found: /
Not Found: /
Forbidden (CSRF cookie not set.): /
Forbidden (CSRF cookie not set.): /
Bad Request: /products/list/
Bad Request: /products/list/
Bad Request: /products/list/
Bad Request: /products/list/
Not Found: /products/by-category/
Not Found: /products/by-category/
Not Found: /products/by-category/
Not Found: /products/by-category/
Not Found: /products/by-category/
Not Found: /products/by-category/
Not Found: /products/by-category/
Not Found: /products/by-category/
Not Found: /products/by-category/\u7535\u5b50\u4ea7\u54c1/
Not Found: /products/by-category/\u7535\u5b50\u4ea7\u54c1/
Not Found: /products/by-category/\u7535\u5b50\u4ea7\u54c1/
Not Found: /products/by-category/\u7535\u5b50\u4ea7\u54c1/
Not Found: /products/by-category/\u670d\u88c5\u978b\u5e3d/
Not Found: /products/by-category/\u670d\u88c5\u978b\u5e3d/
Not Found: /products/by-category/\u670d\u88c5\u978b\u5e3d/
Not Found: /products/by-category/\u670d\u88c5\u978b\u5e3d/
Not Found: /products/by-category/\u4e0d\u5b58\u5728\u7684\u5206\u7c7b/
Not Found: /products/by-category/\u4e0d\u5b58\u5728\u7684\u5206\u7c7b/
Not Found: /products/by-category/
Not Found: /products/by-category/
Not Found: /products/by-category/
Not Found: /products/by-category/
Not Found: /products/by-category/\u7535\u5b50\u4ea7\u54c1/
Not Found: /products/by-category/\u7535\u5b50\u4ea7\u54c1/
Bad Request: /products/by-category/
Bad Request: /products/by-category/
Forbidden: /products/create/
Forbidden: /products/create/
Forbidden: /products/create/
Forbidden: /products/create/
Not Found: /
Not Found: /
Not Found: /
Not Found: /
Not Found: /favicon.ico
Not Found: /favicon.ico
Forbidden (CSRF cookie not set.): /
Forbidden (CSRF cookie not set.): /
Bad Request: /products/list/
Bad Request: /products/list/
Bad Request: /products/list/
Bad Request: /products/list/
Not Found: /products/by-category/
Not Found: /products/by-category/
Not Found: /products/by-category/
Not Found: /products/by-category/
Not Found: /products/by-category/
Not Found: /products/by-category/
Not Found: /products/by-category/
Not Found: /products/by-category/
Not Found: /products/by-category/\u7535\u5b50\u4ea7\u54c1/
Not Found: /products/by-category/\u7535\u5b50\u4ea7\u54c1/
Not Found: /products/by-category/\u7535\u5b50\u4ea7\u54c1/
Not Found: /products/by-category/\u7535\u5b50\u4ea7\u54c1/
Not Found: /products/by-category/\u670d\u88c5\u978b\u5e3d/
Not Found: /products/by-category/\u670d\u88c5\u978b\u5e3d/
Not Found: /products/by-category/\u670d\u88c5\u978b\u5e3d/
Not Found: /products/by-category/\u670d\u88c5\u978b\u5e3d/
Not Found: /products/by-category/\u4e0d\u5b58\u5728\u7684\u5206\u7c7b/
Not Found: /products/by-category/\u4e0d\u5b58\u5728\u7684\u5206\u7c7b/
Not Found: /products/by-category/
Not Found: /products/by-category/
Not Found: /products/by-category/
Not Found: /products/by-category/
Not Found: /products/by-category/\u7535\u5b50\u4ea7\u54c1/
Not Found: /products/by-category/\u7535\u5b50\u4ea7\u54c1/
Bad Request: /products/by-category/
Bad Request: /products/by-category/
Bad Request: /products/create/
Bad Request: /products/create/
Bad Request: /products/create/
Bad Request: /products/create/
Forbidden: /products/list/
Forbidden: /products/list/
Forbidden (CSRF cookie not set.): /
Forbidden (CSRF cookie not set.): /
Bad Request: /products/list/
Bad Request: /products/list/
Bad Request: /products/list/
Bad Request: /products/list/
Not Found: /products/by-category/
Not Found: /products/by-category/
Not Found: /products/by-category/
Not Found: /products/by-category/
Not Found: /products/by-category/
Not Found: /products/by-category/
Not Found: /products/by-category/
Not Found: /products/by-category/
Not Found: /products/by-category/\u7535\u5b50\u4ea7\u54c1/
Not Found: /products/by-category/\u7535\u5b50\u4ea7\u54c1/
Not Found: /products/by-category/\u7535\u5b50\u4ea7\u54c1/
Not Found: /products/by-category/\u7535\u5b50\u4ea7\u54c1/
Not Found: /products/by-category/\u670d\u88c5\u978b\u5e3d/
Not Found: /products/by-category/\u670d\u88c5\u978b\u5e3d/
Not Found: /products/by-category/\u670d\u88c5\u978b\u5e3d/
Not Found: /products/by-category/\u670d\u88c5\u978b\u5e3d/
Not Found: /products/by-category/\u4e0d\u5b58\u5728\u7684\u5206\u7c7b/
Not Found: /products/by-category/\u4e0d\u5b58\u5728\u7684\u5206\u7c7b/
Not Found: /products/by-category/
Not Found: /products/by-category/
Not Found: /products/by-category/
Not Found: /products/by-category/
Not Found: /products/by-category/\u7535\u5b50\u4ea7\u54c1/
Not Found: /products/by-category/\u7535\u5b50\u4ea7\u54c1/
Bad Request: /products/by-category/
Bad Request: /products/by-category/
Bad Request: /products/create/
Bad Request: /products/create/
Bad Request: /products/create/
Bad Request: /products/create/
Forbidden (CSRF cookie not set.): /
Forbidden (CSRF cookie not set.): /
Bad Request: /products/list/
Bad Request: /products/list/
Bad Request: /products/list/
Bad Request: /products/list/
Not Found: /products/by-category/
Not Found: /products/by-category/
Not Found: /products/by-category/
Not Found: /products/by-category/
Not Found: /products/by-category/
Not Found: /products/by-category/
Not Found: /products/by-category/
Not Found: /products/by-category/
Not Found: /products/by-category/\u7535\u5b50\u4ea7\u54c1/
Not Found: /products/by-category/\u7535\u5b50\u4ea7\u54c1/
Not Found: /products/by-category/\u7535\u5b50\u4ea7\u54c1/
Not Found: /products/by-category/\u7535\u5b50\u4ea7\u54c1/
Not Found: /products/by-category/\u670d\u88c5\u978b\u5e3d/
Not Found: /products/by-category/\u670d\u88c5\u978b\u5e3d/
Not Found: /products/by-category/\u670d\u88c5\u978b\u5e3d/
Not Found: /products/by-category/\u670d\u88c5\u978b\u5e3d/
Not Found: /products/by-category/\u4e0d\u5b58\u5728\u7684\u5206\u7c7b/
Not Found: /products/by-category/\u4e0d\u5b58\u5728\u7684\u5206\u7c7b/
Not Found: /products/by-category/
Not Found: /products/by-category/
Not Found: /products/by-category/
Not Found: /products/by-category/
Not Found: /products/by-category/\u7535\u5b50\u4ea7\u54c1/
Not Found: /products/by-category/\u7535\u5b50\u4ea7\u54c1/
Bad Request: /products/by-category/
Bad Request: /products/by-category/
Bad Request: /products/create/
Bad Request: /products/create/
Bad Request: /products/create/
Bad Request: /products/create/
Forbidden: /products/list/
Forbidden: /products/list/
Not Found: /
Not Found: /
Not Found: /
Not Found: /
Not Found: /
Not Found: /
Not Found: /
Not Found: /
Not Found: /
Not Found: /
Not Found: /
Not Found: /
Not Found: /
Not Found: /
Not Found: /manager/text/list
Not Found: /manager/text/list
Not Found: /images/js/eas/eas.js
Not Found: /images/js/eas/eas.js
Not Found: /
Not Found: /
Not Found: /
Not Found: /
Not Found: /
Not Found: /
Not Found: /
Not Found: /
Not Found: /
Not Found: /
Not Found: /
Not Found: /
Not Found: /
Not Found: /
Not Found: /
Not Found: /
Not Found: /json/
Not Found: /json/
Not Found: /
Not Found: /
Not Found: /
Not Found: /
Not Found: /
Not Found: /
Not Found: /
Not Found: /
Not Found: /
Not Found: /
Not Found: /
Not Found: /
Not Found: /
Not Found: /
Not Found: /
Not Found: /
Not Found: /
Not Found: /
Not Found: /
Not Found: /
Not Found: /login.asp
Not Found: /login.asp
Not Found: /
Not Found: /
Not Found: /GponForm/diag_Form
Not Found: /GponForm/diag_Form
Not Found: /
Not Found: /
Not Found: /
Not Found: /
Not Found: /
Not Found: /
Not Found: /favicon.ico
Not Found: /favicon.ico
Not Found: /robots.txt
Not Found: /robots.txt
Not Found: /
Not Found: /
Not Found: /
Not Found: /
Not Found: /
Not Found: /
Not Found: /
Not Found: /
Not Found: /
Not Found: /
Not Found: /login
Not Found: /login
Not Found: /
Not Found: /
Not Found: /
Not Found: /
Not Found: /
Not Found: /
Not Found: /
Not Found: /
Not Found: /login.asp
Not Found: /login.asp
Not Found: /
Not Found: /
Not Found: /
Not Found: /
Not Found: /
Not Found: /
Not Found: /
Not Found: /
Not Found: /
Not Found: /
Not Found: /
Not Found: /
Not Found: /
Not Found: /
Not Found: /
Not Found: /
Not Found: /
Not Found: /
Not Found: /goform/set_LimitClient_cfg
Not Found: /goform/set_LimitClient_cfg
Not Found: /login
Not Found: /login
Not Found: /
Not Found: /
Not Found: /
Not Found: /
Not Found: /
Not Found: /
Not Found: /
Not Found: /
Not Found: /
Not Found: /
Not Found: /
Not Found: /
Not Found: /
Not Found: /
Not Found: /
Not Found: /
Not Found: /
Not Found: /
Not Found: /
Not Found: /
Not Found: /
Not Found: /
Not Found: /
Not Found: /
Not Found: /
Not Found: /
Not Found: /
Not Found: /
Not Found: /
Not Found: /
Not Found: /
Not Found: /
Not Found: /
Not Found: /
Not Found: /
Not Found: /
Not Found: /
Not Found: /
Not Found: /
Not Found: /
Not Found: /
Not Found: /
Invalid HTTP_HOST header: '_'. The domain name provided is not valid according to RFC 1034/1035.
Traceback (most recent call last):
  File "/data/jtd_backend/jtd_shop/.venv/lib/python3.10/site-packages/django/core/handlers/exception.py", line 55, in inner
    response = get_response(request)
  File "/data/jtd_backend/jtd_shop/.venv/lib/python3.10/site-packages/django/utils/deprecation.py", line 119, in __call__
    response = self.process_request(request)
  File "/data/jtd_backend/jtd_shop/.venv/lib/python3.10/site-packages/django/middleware/common.py", line 48, in process_request
    host = request.get_host()
  File "/data/jtd_backend/jtd_shop/.venv/lib/python3.10/site-packages/django/http/request.py", line 202, in get_host
    raise DisallowedHost(msg)
django.core.exceptions.DisallowedHost: Invalid HTTP_HOST header: '_'. The domain name provided is not valid according to RFC 1034/1035.
Invalid HTTP_HOST header: '_'. The domain name provided is not valid according to RFC 1034/1035.
Traceback (most recent call last):
  File "/data/jtd_backend/jtd_shop/.venv/lib/python3.10/site-packages/django/core/handlers/exception.py", line 55, in inner
    response = get_response(request)
  File "/data/jtd_backend/jtd_shop/.venv/lib/python3.10/site-packages/django/utils/deprecation.py", line 119, in __call__
    response = self.process_request(request)
  File "/data/jtd_backend/jtd_shop/.venv/lib/python3.10/site-packages/django/middleware/common.py", line 48, in process_request
    host = request.get_host()
  File "/data/jtd_backend/jtd_shop/.venv/lib/python3.10/site-packages/django/http/request.py", line 202, in get_host
    raise DisallowedHost(msg)
django.core.exceptions.DisallowedHost: Invalid HTTP_HOST header: '_'. The domain name provided is not valid according to RFC 1034/1035.
Not Found: /
Not Found: /
Not Found: /
Not Found: /
Not Found: /images/js/eas/eas.js
Not Found: /images/js/eas/eas.js
Not Found: /goform/set_LimitClient_cfg
Not Found: /goform/set_LimitClient_cfg
Not Found: /
Not Found: /
Not Found: /
Not Found: /
Not Found: /
Not Found: /
Not Found: /
Not Found: /
Not Found: /
Not Found: /
Not Found: /
Not Found: /
Not Found: /
Not Found: /
Not Found: /
Not Found: /
Not Found: /
Not Found: /
Not Found: /
Not Found: /
Not Found: /
Not Found: /
Not Found: /
Not Found: /
Not Found: /
Not Found: /
Not Found: /login
Not Found: /login
Not Found: /
Not Found: /
Not Found: /
Not Found: /
Not Found: /
Not Found: /
Not Found: /
Not Found: /
Not Found: /
Not Found: /
Not Found: /
Not Found: /
Not Found: /
Not Found: /
Forbidden (CSRF cookie not set.): /
Forbidden (CSRF cookie not set.): /
Bad Request: /products/list/
Bad Request: /products/list/
Bad Request: /products/list/
Bad Request: /products/list/
Not Found: /products/by-category/
Not Found: /products/by-category/
Not Found: /products/by-category/
Not Found: /products/by-category/
Not Found: /products/by-category/
Not Found: /products/by-category/
Not Found: /products/by-category/
Not Found: /products/by-category/
Not Found: /products/by-category/\u7535\u5b50\u4ea7\u54c1/
Not Found: /products/by-category/\u7535\u5b50\u4ea7\u54c1/
Not Found: /products/by-category/\u7535\u5b50\u4ea7\u54c1/
Not Found: /products/by-category/\u7535\u5b50\u4ea7\u54c1/
Not Found: /products/by-category/\u670d\u88c5\u978b\u5e3d/
Not Found: /products/by-category/\u670d\u88c5\u978b\u5e3d/
Not Found: /products/by-category/\u670d\u88c5\u978b\u5e3d/
Not Found: /products/by-category/\u670d\u88c5\u978b\u5e3d/
Not Found: /products/by-category/\u4e0d\u5b58\u5728\u7684\u5206\u7c7b/
Not Found: /products/by-category/\u4e0d\u5b58\u5728\u7684\u5206\u7c7b/
Not Found: /products/by-category/
Not Found: /products/by-category/
Not Found: /products/by-category/
Not Found: /products/by-category/
Not Found: /products/by-category/\u7535\u5b50\u4ea7\u54c1/
Not Found: /products/by-category/\u7535\u5b50\u4ea7\u54c1/
Bad Request: /products/by-category/
Bad Request: /products/by-category/
Bad Request: /products/create/
Bad Request: /products/create/
Bad Request: /products/create/
Bad Request: /products/create/
Not Found: /
Not Found: /
Not Found: /login
Not Found: /login
Forbidden (CSRF cookie not set.): /
Forbidden (CSRF cookie not set.): /
Bad Request: /products/list/
Bad Request: /products/list/
Bad Request: /products/list/
Bad Request: /products/list/
Not Found: /products/by-category/
Not Found: /products/by-category/
Not Found: /products/by-category/
Not Found: /products/by-category/
Not Found: /products/by-category/
Not Found: /products/by-category/
Not Found: /products/by-category/
Not Found: /products/by-category/
Not Found: /products/by-category/\u7535\u5b50\u4ea7\u54c1/
Not Found: /products/by-category/\u7535\u5b50\u4ea7\u54c1/
Not Found: /products/by-category/\u7535\u5b50\u4ea7\u54c1/
Not Found: /products/by-category/\u7535\u5b50\u4ea7\u54c1/
Not Found: /products/by-category/\u670d\u88c5\u978b\u5e3d/
Not Found: /products/by-category/\u670d\u88c5\u978b\u5e3d/
Not Found: /products/by-category/\u670d\u88c5\u978b\u5e3d/
Not Found: /products/by-category/\u670d\u88c5\u978b\u5e3d/
Not Found: /products/by-category/\u4e0d\u5b58\u5728\u7684\u5206\u7c7b/
Not Found: /products/by-category/\u4e0d\u5b58\u5728\u7684\u5206\u7c7b/
Not Found: /products/by-category/
Not Found: /products/by-category/
Not Found: /products/by-category/
Not Found: /products/by-category/
Not Found: /products/by-category/\u7535\u5b50\u4ea7\u54c1/
Not Found: /products/by-category/\u7535\u5b50\u4ea7\u54c1/
Bad Request: /products/by-category/
Bad Request: /products/by-category/
Bad Request: /products/create/
Bad Request: /products/create/
Bad Request: /products/create/
Bad Request: /products/create/
Forbidden (CSRF cookie not set.): /
Forbidden (CSRF cookie not set.): /
Bad Request: /products/list/
Bad Request: /products/list/
Bad Request: /products/list/
Bad Request: /products/list/
Not Found: /products/by-category/
Not Found: /products/by-category/
Not Found: /products/by-category/
Not Found: /products/by-category/
Not Found: /products/by-category/
Not Found: /products/by-category/
Not Found: /products/by-category/
Not Found: /products/by-category/
Not Found: /products/by-category/\u7535\u5b50\u4ea7\u54c1/
Not Found: /products/by-category/\u7535\u5b50\u4ea7\u54c1/
Not Found: /products/by-category/\u7535\u5b50\u4ea7\u54c1/
Not Found: /products/by-category/\u7535\u5b50\u4ea7\u54c1/
Not Found: /products/by-category/\u670d\u88c5\u978b\u5e3d/
Not Found: /products/by-category/\u670d\u88c5\u978b\u5e3d/
Not Found: /products/by-category/\u670d\u88c5\u978b\u5e3d/
Not Found: /products/by-category/\u670d\u88c5\u978b\u5e3d/
Not Found: /products/by-category/\u4e0d\u5b58\u5728\u7684\u5206\u7c7b/
Not Found: /products/by-category/\u4e0d\u5b58\u5728\u7684\u5206\u7c7b/
Not Found: /products/by-category/
Not Found: /products/by-category/
Not Found: /products/by-category/
Not Found: /products/by-category/
Not Found: /products/by-category/\u7535\u5b50\u4ea7\u54c1/
Not Found: /products/by-category/\u7535\u5b50\u4ea7\u54c1/
Bad Request: /products/by-category/
Bad Request: /products/by-category/
Bad Request: /products/create/
Bad Request: /products/create/
Bad Request: /products/create/
Bad Request: /products/create/
Not Found: /
Not Found: /
